/*******************************************************************************
 * Size: 24 px
 * Bpp: 2
 * Opts: --font assets/fonts/IBMPlexSansArabic-Bold.ttf -r 0x20-0x7E,0x600-0x6FF,0xFE70-0xFEFF,0xfb57=>0xfb56,0xfb7b=>0xfb7a,0xfb8b=>0xfb8a,0xfb8f=>0xfb8e,0xfb93=>0xfb92,0xfbfd=>0xfbfc --size 24 --bpp 2 --no-compress --format lvgl --lv-font-name tajawal_bold_24 -o src/fonts_bitmap/tajawal_bold_24.c
 ******************************************************************************/

#ifdef LV_LVGL_H_INCLUDE_SIMPLE
#include "lvgl.h"
#else
#include "lvgl/lvgl.h"
#endif

#ifndef TAJAWAL_BOLD_24
#define TAJAWAL_BOLD_24 1
#endif

#if TAJAWAL_BOLD_24

/*-----------------
 *    BITMAPS
 *----------------*/

/*Store the image of the glyphs*/
static LV_ATTRIBUTE_LARGE_CONST const uint8_t glyph_bitmap[] = {
    /* U+0020 " " */

    /* U+0021 "!" */
    0x3f, 0x8f, 0xe3, 0xf8, 0xfe, 0x3f, 0x8f, 0xe2,
    0xf4, 0xbd, 0x1f, 0x3, 0xc0, 0xf0, 0x24, 0x0,
    0xf, 0xe7, 0xfc, 0xff, 0x2f, 0x40,

    /* U+0022 "\"" */
    0x7f, 0xf, 0xc7, 0xf0, 0xfc, 0x7f, 0xf, 0xc7,
    0xf0, 0xfc, 0x7f, 0xf, 0xc7, 0xf0, 0xfc, 0x7f,
    0xf, 0xc7, 0xe0, 0xfc,

    /* U+0023 "#" */
    0x0, 0x3c, 0x3, 0xc0, 0x1, 0xf0, 0x1f, 0x0,
    0xb, 0x80, 0xbc, 0x0, 0x3d, 0x2, 0xe0, 0x2f,
    0xff, 0xff, 0xfc, 0xbf, 0xff, 0xff, 0xf0, 0x1f,
    0x1, 0xf0, 0x0, 0x7c, 0x7, 0xc0, 0x2, 0xe0,
    0x2e, 0x0, 0xb, 0x80, 0xb8, 0x0, 0x3d, 0x3,
    0xe0, 0x2f, 0xff, 0xff, 0xfc, 0xbf, 0xff, 0xff,
    0xf0, 0x1f, 0x1, 0xf0, 0x0, 0xb8, 0x7, 0x80,
    0x3, 0xd0, 0x2e, 0x0, 0xf, 0x40, 0xf4, 0x0,

    /* U+0024 "$" */
    0x0, 0xf, 0x80, 0x0, 0x0, 0xf8, 0x0, 0x0,
    0x5f, 0xd0, 0x0, 0x3f, 0xff, 0xe0, 0xf, 0xff,
    0xff, 0xc1, 0xfd, 0xba, 0xf0, 0x2f, 0x8b, 0x40,
    0x2, 0xf8, 0xb4, 0x0, 0x1f, 0xef, 0x40, 0x0,
    0xff, 0xfe, 0x0, 0x2, 0xff, 0xfe, 0x0, 0x2,
    0xff, 0xfc, 0x0, 0xb, 0xaf, 0xc0, 0x0, 0xb4,
    0xfd, 0x5, 0xb, 0x4f, 0xd1, 0xf8, 0xba, 0xfc,
    0x3f, 0xff, 0xff, 0x80, 0xbf, 0xff, 0xe0, 0x0,
    0xaf, 0xd0, 0x0, 0x0, 0xf8, 0x0, 0x0, 0xf,
    0x80, 0x0,

    /* U+0025 "%" */
    0xb, 0xf8, 0x0, 0x7, 0xe0, 0x3, 0xff, 0xf0,
    0x0, 0xfc, 0x0, 0x7e, 0x2f, 0x80, 0x3f, 0x40,
    0xb, 0xd1, 0xfc, 0x7, 0xe0, 0x0, 0xfd, 0xf,
    0xc0, 0xfc, 0x0, 0xb, 0xd1, 0xfc, 0x3f, 0x40,
    0x0, 0xbe, 0x2f, 0x8b, 0xe0, 0x0, 0x3, 0xff,
    0xf0, 0xfc, 0x7f, 0x80, 0xb, 0xf8, 0x3f, 0x6f,
    0xff, 0x0, 0x0, 0xb, 0xe3, 0xf1, 0xfc, 0x0,
    0x1, 0xfc, 0x7e, 0xf, 0xc0, 0x0, 0x3f, 0x7,
    0xe0, 0xfc, 0x0, 0xb, 0xe0, 0x7e, 0xf, 0xc0,
    0x1, 0xfc, 0x7, 0xe0, 0xfc, 0x0, 0x3f, 0x0,
    0x3f, 0x1f, 0xc0, 0xb, 0xd0, 0x2, 0xff, 0xf0,
    0x1, 0xfc, 0x0, 0x7, 0xf8, 0x0,

    /* U+0026 "&" */
    0x0, 0xbf, 0xd0, 0x0, 0x1, 0xff, 0xfe, 0x0,
    0x0, 0xff, 0xff, 0xd0, 0x0, 0x7f, 0x3, 0xf8,
    0x0, 0xf, 0xd0, 0xfd, 0x0, 0x3, 0xfd, 0xff,
    0x0, 0x0, 0x3f, 0xfe, 0x0, 0x0, 0xf, 0xfe,
    0xb, 0xf4, 0xf, 0xff, 0xc2, 0xfd, 0xf, 0xf7,
    0xfc, 0xff, 0x4b, 0xf0, 0xbf, 0xff, 0x2, 0xfc,
    0xb, 0xff, 0x80, 0xff, 0x0, 0xff, 0xc0, 0x2f,
    0xe0, 0x2f, 0xf4, 0x3, 0xff, 0xff, 0xff, 0x0,
    0x7f, 0xff, 0xff, 0xf0, 0x2, 0xff, 0x92, 0xff,
    0x0,

    /* U+0027 "'" */
    0x7f, 0x7f, 0x7f, 0x7f, 0x7f, 0x7f, 0x7f, 0x7e,

    /* U+0028 "(" */
    0x0, 0x7f, 0x0, 0x7f, 0x0, 0x3f, 0x40, 0x1f,
    0xc0, 0xf, 0xd0, 0x3, 0xf0, 0x2, 0xf8, 0x0,
    0xfd, 0x0, 0x3f, 0x40, 0xf, 0xd0, 0x3, 0xf4,
    0x0, 0xfd, 0x0, 0x3f, 0x40, 0xf, 0xd0, 0x2,
    0xf4, 0x0, 0x7e, 0x0, 0xf, 0xc0, 0x3, 0xf4,
    0x0, 0x7f, 0x0, 0xf, 0xe0, 0x0, 0xfd, 0x0,
    0xa, 0x80,

    /* U+0029 ")" */
    0x3f, 0x80, 0x3, 0xf4, 0x0, 0x7f, 0x0, 0xf,
    0xe0, 0x0, 0xfc, 0x0, 0x3f, 0x40, 0xb, 0xe0,
    0x1, 0xfc, 0x0, 0x3f, 0x0, 0xf, 0xc0, 0x3,
    0xf0, 0x0, 0xfc, 0x0, 0x3f, 0x0, 0xf, 0xc0,
    0x7, 0xf0, 0x2, 0xf8, 0x0, 0xfc, 0x0, 0x7f,
    0x0, 0x3f, 0x40, 0x1f, 0xc0, 0x1f, 0xc0, 0xa,
    0x90, 0x0,

    /* U+002A "*" */
    0x0, 0x1f, 0x80, 0x0, 0x1, 0xf8, 0x0, 0x0,
    0xf, 0x80, 0x2, 0xd0, 0xf8, 0x2c, 0x3f, 0xef,
    0xff, 0xd3, 0xff, 0xff, 0xfd, 0x1, 0xbf, 0xf8,
    0x0, 0x7, 0xfe, 0x0, 0x0, 0xff, 0xf8, 0x0,
    0x3f, 0x4f, 0xd0, 0xb, 0xf0, 0x7f, 0x0, 0x2c,
    0x2, 0xc0, 0x0, 0x0, 0x0, 0x0,

    /* U+002B "+" */
    0x0, 0x7e, 0x0, 0x0, 0x7e, 0x0, 0x0, 0x7e,
    0x0, 0x0, 0x7e, 0x0, 0x0, 0x7e, 0x0, 0x7f,
    0xff, 0xff, 0x7f, 0xff, 0xff, 0x7f, 0xff, 0xfe,
    0x0, 0x7e, 0x0, 0x0, 0x7e, 0x0, 0x0, 0x7e,
    0x0, 0x0, 0x7e, 0x0,

    /* U+002C "," */
    0x6, 0x80, 0xfe, 0x1f, 0xf0, 0xfe, 0x7, 0xe0,
    0x3c, 0xf, 0x82, 0xe0,

    /* U+002D "-" */
    0x55, 0x54, 0xbf, 0xfd, 0xbf, 0xfd, 0xbf, 0xfd,

    /* U+002E "." */
    0x4, 0xf, 0xd7, 0xfd, 0xfe, 0x2f, 0x0,

    /* U+002F "/" */
    0x0, 0x3, 0xf0, 0x0, 0x1f, 0x80, 0x0, 0xbd,
    0x0, 0x3, 0xf0, 0x0, 0x1f, 0x80, 0x0, 0xbd,
    0x0, 0x3, 0xf0, 0x0, 0x1f, 0x80, 0x0, 0xbd,
    0x0, 0x3, 0xf0, 0x0, 0x1f, 0x80, 0x0, 0xbd,
    0x0, 0x3, 0xf0, 0x0, 0x1f, 0x80, 0x0, 0xbd,
    0x0, 0x3, 0xf0, 0x0, 0x1f, 0x80, 0x0, 0xbd,
    0x0, 0x3, 0xf0, 0x0, 0x1f, 0x80, 0x0, 0xbd,
    0x0, 0x1, 0xa0, 0x0, 0x0,

    /* U+0030 "0" */
    0x0, 0x7f, 0xe0, 0x0, 0x3f, 0xff, 0xd0, 0xf,
    0xff, 0xff, 0x1, 0xfe, 0x7, 0xf8, 0x2f, 0xc0,
    0x2f, 0xc3, 0xfc, 0x1, 0xfd, 0x3f, 0x80, 0x1f,
    0xe3, 0xf8, 0x1, 0xfe, 0x3f, 0x80, 0x1f, 0xe3,
    0xf8, 0x1, 0xfe, 0x3f, 0x80, 0x1f, 0xe3, 0xfc,
    0x1, 0xfd, 0x2f, 0xc0, 0x2f, 0xc1, 0xfe, 0x7,
    0xf8, 0xf, 0xff, 0xff, 0x0, 0x3f, 0xff, 0xd0,
    0x0, 0x7f, 0xe0, 0x0,

    /* U+0031 "1" */
    0x0, 0xbf, 0xf4, 0x0, 0x1f, 0xff, 0x40, 0x3,
    0xff, 0xf4, 0x0, 0xff, 0x7f, 0x40, 0x2f, 0xc3,
    0xf4, 0x3, 0xf4, 0x3f, 0x40, 0xa, 0x3, 0xf4,
    0x0, 0x0, 0x3f, 0x40, 0x0, 0x3, 0xf4, 0x0,
    0x0, 0x3f, 0x40, 0x0, 0x3, 0xf4, 0x0, 0x0,
    0x3f, 0x40, 0x0, 0x3, 0xf4, 0x0, 0x0, 0x3f,
    0x40, 0xb, 0xff, 0xff, 0xf0, 0xff, 0xff, 0xff,
    0xf, 0xff, 0xff, 0xf0,

    /* U+0032 "2" */
    0x2, 0xff, 0x80, 0x3, 0xff, 0xfd, 0x3, 0xff,
    0xff, 0xc2, 0xfe, 0x1f, 0xf8, 0x7e, 0x0, 0xff,
    0x0, 0x0, 0x3f, 0xc0, 0x0, 0xf, 0xe0, 0x0,
    0xb, 0xf4, 0x0, 0xb, 0xf8, 0x0, 0xb, 0xf8,
    0x0, 0xf, 0xf8, 0x0, 0xf, 0xf4, 0x0, 0x1f,
    0xf4, 0x0, 0x1f, 0xf0, 0x0, 0xb, 0xff, 0xff,
    0xf2, 0xff, 0xff, 0xfc, 0xbf, 0xff, 0xff, 0x0,

    /* U+0033 "3" */
    0x1, 0xbf, 0xe0, 0x2, 0xff, 0xff, 0x82, 0xff,
    0xff, 0xf4, 0x7d, 0x2, 0xfe, 0x0, 0x0, 0x3f,
    0x80, 0x0, 0x2f, 0xc0, 0x7, 0xff, 0xd0, 0x1,
    0xff, 0xc0, 0x0, 0x7f, 0xfd, 0x0, 0x0, 0x3f,
    0xd0, 0x0, 0x3, 0xfc, 0x0, 0x0, 0xff, 0x1e,
    0x0, 0x3f, 0xdf, 0xe0, 0x2f, 0xe3, 0xff, 0xff,
    0xf0, 0x3f, 0xff, 0xf4, 0x1, 0xff, 0xd0, 0x0,

    /* U+0034 "4" */
    0x0, 0x3, 0xfe, 0x0, 0x0, 0xbf, 0xe0, 0x0,
    0x1f, 0xfe, 0x0, 0x3, 0xff, 0xe0, 0x0, 0x7d,
    0xfe, 0x0, 0xf, 0xcf, 0xe0, 0x2, 0xf0, 0xfe,
    0x0, 0x7e, 0xf, 0xe0, 0xf, 0xc0, 0xfe, 0x2,
    0xf4, 0xf, 0xe0, 0x3f, 0x0, 0xfe, 0x7, 0xff,
    0xff, 0xfe, 0x7f, 0xff, 0xff, 0xe3, 0xff, 0xff,
    0xfd, 0x0, 0x0, 0xfe, 0x0, 0x0, 0xf, 0xe0,
    0x0, 0x0, 0xfe, 0x0,

    /* U+0035 "5" */
    0x3f, 0xff, 0xfe, 0xf, 0xff, 0xff, 0x83, 0xff,
    0xff, 0xe0, 0xfc, 0x0, 0x0, 0x3f, 0x0, 0x0,
    0xf, 0xc0, 0x0, 0x3, 0xe2, 0xfe, 0x0, 0xfa,
    0xff, 0xf0, 0x7f, 0xff, 0xff, 0xf, 0xd0, 0x7f,
    0xd0, 0x0, 0x7, 0xf4, 0x0, 0x1, 0xfd, 0x1c,
    0x0, 0x7f, 0x5f, 0xd0, 0x7f, 0xc7, 0xff, 0xff,
    0xe0, 0x7f, 0xff, 0xe0, 0x2, 0xff, 0x80, 0x0,

    /* U+0036 "6" */
    0x0, 0x2f, 0xf4, 0x0, 0x3f, 0xf0, 0x0, 0x3f,
    0xe0, 0x0, 0x2f, 0xe0, 0x0, 0x1f, 0xf0, 0x0,
    0xf, 0xf0, 0x0, 0x3, 0xf5, 0xfe, 0x2, 0xfd,
    0xff, 0xf4, 0xff, 0xff, 0xff, 0x3f, 0xd0, 0x3f,
    0xdf, 0xf0, 0x7, 0xfb, 0xfc, 0x0, 0xfe, 0xbf,
    0x0, 0x7f, 0x5f, 0xe0, 0x3f, 0xc3, 0xff, 0xff,
    0xe0, 0x3f, 0xff, 0xe0, 0x1, 0xff, 0x90, 0x0,

    /* U+0037 "7" */
    0xbf, 0xff, 0xff, 0x2f, 0xff, 0xff, 0xcb, 0xff,
    0xff, 0xf2, 0xf4, 0x2, 0xfc, 0xbd, 0x0, 0xfe,
    0x2f, 0x40, 0x7f, 0x40, 0x0, 0x3f, 0xc0, 0x0,
    0xf, 0xd0, 0x0, 0xb, 0xf0, 0x0, 0x3, 0xf8,
    0x0, 0x1, 0xfd, 0x0, 0x0, 0xff, 0x0, 0x0,
    0x3f, 0x80, 0x0, 0x2f, 0xc0, 0x0, 0xf, 0xf0,
    0x0, 0x7, 0xf4, 0x0, 0x3, 0xfc, 0x0, 0x0,

    /* U+0038 "8" */
    0x0, 0xbf, 0xe4, 0x0, 0x7f, 0xff, 0xe0, 0xf,
    0xff, 0xff, 0x41, 0xfd, 0x3, 0xfc, 0x1f, 0xc0,
    0x1f, 0xc1, 0xfc, 0x2, 0xf8, 0xf, 0xe0, 0x7f,
    0x40, 0x2f, 0xff, 0xd0, 0x1, 0xff, 0xf8, 0x0,
    0xff, 0xef, 0xf4, 0x2f, 0xc0, 0x3f, 0xc3, 0xfc,
    0x1, 0xfd, 0x3f, 0xc0, 0x1f, 0xd3, 0xfd, 0x3,
    0xfc, 0x1f, 0xff, 0xff, 0xc0, 0xbf, 0xff, 0xf0,
    0x0, 0xbf, 0xe4, 0x0,

    /* U+0039 "9" */
    0x0, 0xbf, 0xe0, 0x0, 0x7f, 0xff, 0xd0, 0xf,
    0xff, 0xff, 0x2, 0xfd, 0x3, 0xfc, 0x3f, 0x80,
    0x2f, 0xc3, 0xf8, 0x1, 0xfd, 0x3f, 0x80, 0x1f,
    0xd3, 0xfd, 0x3, 0xfd, 0x2f, 0xff, 0xff, 0xc0,
    0xff, 0xfe, 0xfc, 0x1, 0xfe, 0x3f, 0x80, 0x0,
    0xb, 0xf0, 0x0, 0x1, 0xfe, 0x0, 0x0, 0x7f,
    0xc0, 0x0, 0x1f, 0xf0, 0x0, 0xb, 0xfd, 0x0,
    0x3, 0xff, 0x0, 0x0,

    /* U+003A ":" */
    0x1f, 0x43, 0xfc, 0x3f, 0xc3, 0xf8, 0x5, 0x0,
    0x0, 0x0, 0x0, 0x0, 0x5, 0x3, 0xf8, 0x3f,
    0xc3, 0xfc, 0x1f, 0x40,

    /* U+003B ";" */
    0x1f, 0x43, 0xfc, 0x3f, 0xc3, 0xf8, 0x5, 0x0,
    0x0, 0x0, 0x0, 0x0, 0x0, 0x1, 0xf4, 0x3f,
    0xc3, 0xfc, 0x3f, 0xc0, 0xf8, 0xf, 0x3, 0xe0,
    0x68, 0x0,

    /* U+003C "<" */
    0x0, 0x0, 0x10, 0x0, 0xb, 0x0, 0x7, 0xf0,
    0x2, 0xff, 0x1, 0xff, 0xd0, 0xbf, 0xe0, 0x7f,
    0xf0, 0xb, 0xf8, 0x0, 0x7f, 0xd0, 0x1, 0xff,
    0xc0, 0x3, 0xff, 0x40, 0x7, 0xff, 0x0, 0xf,
    0xf0, 0x0, 0x1f, 0x0, 0x0, 0x20, 0x0, 0x0,

    /* U+003D "=" */
    0x7f, 0xff, 0xfe, 0x7f, 0xff, 0xff, 0x7f, 0xff,
    0xff, 0x0, 0x0, 0x0, 0x0, 0x0, 0x0, 0x0,
    0x0, 0x0, 0x7f, 0xff, 0xfe, 0x7f, 0xff, 0xff,
    0x7f, 0xff, 0xff,

    /* U+003E ">" */
    0x0, 0x0, 0xb, 0x40, 0x0, 0xbe, 0x0, 0xb,
    0xfd, 0x0, 0x2f, 0xf8, 0x0, 0x7f, 0xf4, 0x0,
    0xbf, 0xe0, 0x0, 0xff, 0x0, 0x3f, 0xf0, 0x2f,
    0xf8, 0xf, 0xfd, 0x7, 0xfe, 0x0, 0xbf, 0x40,
    0xb, 0x80, 0x0, 0x50, 0x0, 0x0, 0x0, 0x0,

    /* U+003F "?" */
    0x2, 0xff, 0x40, 0x1f, 0xff, 0xf0, 0x3f, 0xff,
    0xfc, 0x7f, 0x43, 0xfc, 0x9, 0x1, 0xfd, 0x0,
    0x2, 0xfd, 0x0, 0x3, 0xfc, 0x0, 0xff, 0xf4,
    0x0, 0xff, 0xc0, 0x0, 0xfd, 0x0, 0x0, 0xfc,
    0x0, 0x0, 0x0, 0x0, 0x0, 0x0, 0x0, 0x1,
    0xfd, 0x0, 0x2, 0xfe, 0x0, 0x2, 0xfe, 0x0,
    0x0, 0xfc, 0x0,

    /* U+0040 "@" */
    0x0, 0x6, 0xff, 0x90, 0x0, 0x0, 0x7f, 0xff,
    0xfe, 0x0, 0x2, 0xfe, 0x40, 0x7f, 0x80, 0x7,
    0xe0, 0x0, 0x7, 0xe0, 0xf, 0x80, 0x0, 0x1,
    0xf0, 0x2f, 0x2, 0xf5, 0xf0, 0xb8, 0x3d, 0xf,
    0xfe, 0xf0, 0x7c, 0x3c, 0x1f, 0xd7, 0xf0, 0x3c,
    0x7c, 0x2f, 0x2, 0xf0, 0x3d, 0x78, 0x2f, 0x1,
    0xf0, 0x3d, 0xb8, 0x2f, 0x1, 0xf0, 0x3c, 0x7c,
    0x2f, 0x2, 0xf0, 0x3c, 0x7c, 0x1f, 0x83, 0xf4,
    0xb8, 0x3c, 0xf, 0xfd, 0xff, 0xf0, 0x2e, 0x3,
    0xf8, 0x7f, 0xc0, 0x1f, 0x40, 0x0, 0x0, 0x0,
    0xb, 0xd0, 0x0, 0x0, 0x0, 0x3, 0xfd, 0x0,
    0x0, 0x0, 0x0, 0xbf, 0xff, 0xfc, 0x0, 0x0,
    0xb, 0xff, 0xfc, 0x0, 0x0, 0x0, 0x0, 0x0,
    0x0,

    /* U+0041 "A" */
    0x0, 0xf, 0xf8, 0x0, 0x0, 0x1f, 0xfc, 0x0,
    0x0, 0x3f, 0xfd, 0x0, 0x0, 0x3f, 0xfe, 0x0,
    0x0, 0x7f, 0x7f, 0x0, 0x0, 0xfe, 0x3f, 0x40,
    0x0, 0xfc, 0x3f, 0x80, 0x1, 0xfc, 0x2f, 0xc0,
    0x3, 0xf8, 0x1f, 0xc0, 0x3, 0xf4, 0xf, 0xe0,
    0x7, 0xff, 0xff, 0xf0, 0xb, 0xff, 0xff, 0xf0,
    0xf, 0xff, 0xff, 0xf8, 0x1f, 0xc0, 0x3, 0xfc,
    0x2f, 0xc0, 0x2, 0xfc, 0x3f, 0x80, 0x1, 0xfd,
    0x7f, 0x40, 0x0, 0xff,

    /* U+0042 "B" */
    0x3f, 0xff, 0xfd, 0x0, 0xff, 0xff, 0xfd, 0x3,
    0xff, 0xff, 0xfc, 0xf, 0xe0, 0xf, 0xf4, 0x3f,
    0x80, 0x1f, 0xd0, 0xfe, 0x0, 0x7f, 0x43, 0xf8,
    0x2, 0xfc, 0xf, 0xff, 0xff, 0xc0, 0x3f, 0xff,
    0xfe, 0x0, 0xff, 0xff, 0xff, 0x3, 0xf8, 0x0,
    0xfe, 0xf, 0xe0, 0x3, 0xfc, 0x3f, 0x80, 0xf,
    0xf0, 0xfe, 0x0, 0x7f, 0xc3, 0xff, 0xff, 0xfe,
    0xf, 0xff, 0xff, 0xf0, 0x3f, 0xff, 0xfe, 0x0,

    /* U+0043 "C" */
    0x0, 0x6f, 0xf4, 0x0, 0x3f, 0xff, 0xf0, 0xf,
    0xff, 0xff, 0xc2, 0xff, 0x57, 0xfe, 0x3f, 0xc0,
    0xf, 0x87, 0xf4, 0x0, 0x0, 0xbf, 0x0, 0x0,
    0xb, 0xf0, 0x0, 0x0, 0xff, 0x0, 0x0, 0xb,
    0xf0, 0x0, 0x0, 0xbf, 0x0, 0x0, 0x7, 0xf4,
    0x0, 0x10, 0x3f, 0xc0, 0xf, 0xd2, 0xff, 0x57,
    0xfe, 0xf, 0xff, 0xff, 0xc0, 0x3f, 0xff, 0xf0,
    0x0, 0x6f, 0xf4, 0x0,

    /* U+0044 "D" */
    0x3f, 0xff, 0xe4, 0x0, 0xff, 0xff, 0xf8, 0x3,
    0xff, 0xff, 0xfc, 0xf, 0xe5, 0x6f, 0xf4, 0x3f,
    0x80, 0xf, 0xf0, 0xfe, 0x0, 0x2f, 0xc3, 0xf8,
    0x0, 0x7f, 0x4f, 0xe0, 0x1, 0xfd, 0x3f, 0x80,
    0x7, 0xf8, 0xfe, 0x0, 0x1f, 0xd3, 0xf8, 0x0,
    0x7f, 0x4f, 0xe0, 0x2, 0xfc, 0x3f, 0x80, 0xf,
    0xf0, 0xfe, 0x56, 0xff, 0x43, 0xff, 0xff, 0xfc,
    0xf, 0xff, 0xff, 0x80, 0x3f, 0xff, 0xe4, 0x0,

    /* U+0045 "E" */
    0x3f, 0xff, 0xff, 0x4f, 0xff, 0xff, 0xd3, 0xff,
    0xff, 0xf4, 0xfe, 0x55, 0x54, 0x3f, 0x80, 0x0,
    0xf, 0xe0, 0x0, 0x3, 0xf9, 0x55, 0x40, 0xff,
    0xff, 0xf0, 0x3f, 0xff, 0xfc, 0xf, 0xff, 0xff,
    0x3, 0xf8, 0x0, 0x0, 0xfe, 0x0, 0x0, 0x3f,
    0x80, 0x0, 0xf, 0xe5, 0x55, 0x43, 0xff, 0xff,
    0xf4, 0xff, 0xff, 0xfd, 0x3f, 0xff, 0xff, 0x40,

    /* U+0046 "F" */
    0x3f, 0xff, 0xff, 0x3f, 0xff, 0xff, 0x3f, 0xff,
    0xff, 0x3f, 0x95, 0x55, 0x3f, 0x80, 0x0, 0x3f,
    0x80, 0x0, 0x3f, 0x95, 0x50, 0x3f, 0xff, 0xfc,
    0x3f, 0xff, 0xfc, 0x3f, 0xff, 0xfc, 0x3f, 0x80,
    0x0, 0x3f, 0x80, 0x0, 0x3f, 0x80, 0x0, 0x3f,
    0x80, 0x0, 0x3f, 0x80, 0x0, 0x3f, 0x80, 0x0,
    0x3f, 0x80, 0x0,

    /* U+0047 "G" */
    0x0, 0x6f, 0xf8, 0x0, 0xf, 0xff, 0xfd, 0x0,
    0xff, 0xff, 0xfd, 0xb, 0xfd, 0x5b, 0xfc, 0x3f,
    0xc0, 0x7, 0x81, 0xfd, 0x0, 0x0, 0xb, 0xf0,
    0x0, 0x0, 0x2f, 0xc0, 0x3f, 0xfe, 0xff, 0x0,
    0xff, 0xfa, 0xfc, 0x3, 0xff, 0xeb, 0xf0, 0x0,
    0x3f, 0x9f, 0xd0, 0x0, 0xfe, 0x3f, 0xc0, 0x7,
    0xf8, 0xbf, 0xd5, 0xbf, 0xe0, 0xff, 0xff, 0xef,
    0x80, 0xff, 0xfe, 0xbe, 0x0, 0x7f, 0xd2, 0xf8,

    /* U+0048 "H" */
    0x3f, 0x80, 0x3, 0xf8, 0xfe, 0x0, 0xf, 0xe3,
    0xf8, 0x0, 0x3f, 0x8f, 0xe0, 0x0, 0xfe, 0x3f,
    0x80, 0x3, 0xf8, 0xfe, 0x0, 0xf, 0xe3, 0xf9,
    0x55, 0x7f, 0x8f, 0xff, 0xff, 0xfe, 0x3f, 0xff,
    0xff, 0xf8, 0xff, 0xff, 0xff, 0xe3, 0xf8, 0x0,
    0x3f, 0x8f, 0xe0, 0x0, 0xfe, 0x3f, 0x80, 0x3,
    0xf8, 0xfe, 0x0, 0xf, 0xe3, 0xf8, 0x0, 0x3f,
    0x8f, 0xe0, 0x0, 0xfe, 0x3f, 0x80, 0x3, 0xf8,

    /* U+0049 "I" */
    0xff, 0xff, 0x3f, 0xff, 0xcb, 0xff, 0xf0, 0x2f,
    0xc0, 0xb, 0xf0, 0x2, 0xfc, 0x0, 0xbf, 0x0,
    0x2f, 0xc0, 0xb, 0xf0, 0x2, 0xfc, 0x0, 0xbf,
    0x0, 0x2f, 0xc0, 0xb, 0xf0, 0x2, 0xfc, 0xb,
    0xff, 0xf3, 0xff, 0xfc, 0xff, 0xff, 0x0,

    /* U+004A "J" */
    0x3, 0xff, 0xfe, 0x3, 0xff, 0xfe, 0x3, 0xff,
    0xfe, 0x0, 0x0, 0xfe, 0x0, 0x0, 0xfe, 0x0,
    0x0, 0xfe, 0x0, 0x0, 0xfe, 0x0, 0x0, 0xfe,
    0x0, 0x0, 0xfe, 0x0, 0x0, 0xfe, 0x0, 0x0,
    0xfe, 0x1, 0x0, 0xfe, 0x3f, 0x40, 0xfe, 0x3f,
    0xd7, 0xfd, 0x2f, 0xff, 0xfc, 0xf, 0xff, 0xf4,
    0x1, 0xff, 0x80,

    /* U+004B "K" */
    0x3f, 0x80, 0xb, 0xf8, 0x3f, 0x80, 0x1f, 0xe0,
    0x3f, 0x80, 0x3f, 0xc0, 0x3f, 0x80, 0xff, 0x0,
    0x3f, 0x82, 0xfd, 0x0, 0x3f, 0x87, 0xf4, 0x0,
    0x3f, 0x8f, 0xe0, 0x0, 0x3f, 0xbf, 0xe0, 0x0,
    0x3f, 0xff, 0xf0, 0x0, 0x3f, 0xff, 0xfc, 0x0,
    0x3f, 0xf3, 0xfd, 0x0, 0x3f, 0xc0, 0xff, 0x0,
    0x3f, 0x80, 0xbf, 0x80, 0x3f, 0x80, 0x3f, 0xd0,
    0x3f, 0x80, 0x1f, 0xf0, 0x3f, 0x80, 0xf, 0xf4,
    0x3f, 0x80, 0x3, 0xfc,

    /* U+004C "L" */
    0x3f, 0x80, 0x0, 0xfe, 0x0, 0x3, 0xf8, 0x0,
    0xf, 0xe0, 0x0, 0x3f, 0x80, 0x0, 0xfe, 0x0,
    0x3, 0xf8, 0x0, 0xf, 0xe0, 0x0, 0x3f, 0x80,
    0x0, 0xfe, 0x0, 0x3, 0xf8, 0x0, 0xf, 0xe0,
    0x0, 0x3f, 0x80, 0x0, 0xfe, 0x55, 0x43, 0xff,
    0xff, 0xcf, 0xff, 0xff, 0x3f, 0xff, 0xfc,

    /* U+004D "M" */
    0x3f, 0xc0, 0x0, 0x7f, 0xcf, 0xf4, 0x0, 0x3f,
    0xf3, 0xff, 0x0, 0x1f, 0xfc, 0xff, 0xe0, 0xf,
    0xff, 0x3f, 0xfc, 0x7, 0xff, 0xcf, 0xff, 0x83,
    0xff, 0xf3, 0xfb, 0xf1, 0xfe, 0xfc, 0xfd, 0xfe,
    0xfd, 0xbf, 0x3f, 0x5f, 0xff, 0x2f, 0xcf, 0xd3,
    0xff, 0x4b, 0xf3, 0xf4, 0x3f, 0xc2, 0xfc, 0xfd,
    0xb, 0xd0, 0xbf, 0x3f, 0x40, 0xf0, 0x2f, 0xcf,
    0xd0, 0x24, 0xb, 0xf3, 0xf4, 0x0, 0x2, 0xfc,
    0xfd, 0x0, 0x0, 0xbf, 0x3f, 0x40, 0x0, 0x2f,
    0xc0,

    /* U+004E "N" */
    0x3f, 0xc0, 0x3, 0xf8, 0xff, 0x80, 0xf, 0xe3,
    0xff, 0x40, 0x3f, 0x8f, 0xff, 0x0, 0xfe, 0x3f,
    0xfd, 0x3, 0xf8, 0xff, 0xfc, 0xf, 0xe3, 0xf7,
    0xf8, 0x3f, 0x8f, 0xdb, 0xf0, 0xfe, 0x3f, 0x5f,
    0xe3, 0xf8, 0xfd, 0x2f, 0xcf, 0xe3, 0xf4, 0x3f,
    0xbf, 0x8f, 0xd0, 0xbf, 0xfe, 0x3f, 0x40, 0xff,
    0xf8, 0xfd, 0x1, 0xff, 0xe3, 0xf4, 0x3, 0xff,
    0x8f, 0xd0, 0x7, 0xfe, 0x3f, 0x40, 0xb, 0xf8,

    /* U+004F "O" */
    0x0, 0x6f, 0xf4, 0x0, 0xf, 0xff, 0xfc, 0x0,
    0xff, 0xff, 0xfc, 0xb, 0xfd, 0x5f, 0xfc, 0x3f,
    0xc0, 0xf, 0xf5, 0xfd, 0x0, 0xf, 0xeb, 0xf0,
    0x0, 0x3f, 0xef, 0xc0, 0x0, 0xff, 0xff, 0x0,
    0x3, 0xfe, 0xfc, 0x0, 0xf, 0xfb, 0xf0, 0x0,
    0x3f, 0xdf, 0xd0, 0x0, 0xfe, 0x3f, 0xc0, 0xf,
    0xf4, 0xbf, 0xd5, 0xff, 0xc0, 0xff, 0xff, 0xfc,
    0x0, 0xff, 0xff, 0xc0, 0x0, 0x6f, 0xf4, 0x0,

    /* U+0050 "P" */
    0x3f, 0xff, 0xf8, 0x3, 0xff, 0xff, 0xf4, 0x3f,
    0xff, 0xff, 0xc3, 0xf8, 0x2, 0xfe, 0x3f, 0x80,
    0xf, 0xf3, 0xf8, 0x0, 0xff, 0x3f, 0x80, 0xf,
    0xf3, 0xf8, 0x2, 0xfe, 0x3f, 0xff, 0xff, 0xc3,
    0xff, 0xff, 0xf4, 0x3f, 0xff, 0xf8, 0x3, 0xf8,
    0x0, 0x0, 0x3f, 0x80, 0x0, 0x3, 0xf8, 0x0,
    0x0, 0x3f, 0x80, 0x0, 0x3, 0xf8, 0x0, 0x0,
    0x3f, 0x80, 0x0, 0x0,

    /* U+0051 "Q" */
    0x0, 0x6f, 0xf4, 0x0, 0xf, 0xff, 0xfc, 0x0,
    0xff, 0xff, 0xfc, 0xb, 0xfd, 0x5f, 0xf8, 0x3f,
    0xc0, 0xf, 0xf1, 0xfd, 0x0, 0x1f, 0xeb, 0xf0,
    0x0, 0x3f, 0xaf, 0xc0, 0x0, 0xff, 0xff, 0x0,
    0x3, 0xff, 0xfc, 0x0, 0xf, 0xfb, 0xf0, 0x0,
    0x3f, 0xef, 0xc0, 0x0, 0xfe, 0x7f, 0x80, 0x7,
    0xf4, 0xff, 0x0, 0x3f, 0xc2, 0xff, 0xab, 0xfe,
    0x3, 0xff, 0xff, 0xf0, 0x2, 0xff, 0xfe, 0x0,
    0x0, 0xbf, 0x90, 0x0, 0x0, 0xfd, 0x0, 0x0,
    0x3, 0xff, 0xc0, 0x0, 0x7, 0xff, 0x0, 0x0,
    0x7, 0xfc, 0x0,

    /* U+0052 "R" */
    0x3f, 0xff, 0xf9, 0x0, 0xff, 0xff, 0xfd, 0x3,
    0xff, 0xff, 0xfc, 0xf, 0xe0, 0xb, 0xf8, 0x3f,
    0x80, 0xf, 0xf0, 0xfe, 0x0, 0x3f, 0xc3, 0xf8,
    0x0, 0xfe, 0xf, 0xe0, 0xb, 0xf8, 0x3f, 0xff,
    0xff, 0xc0, 0xff, 0xff, 0xfd, 0x3, 0xff, 0xff,
    0xc0, 0xf, 0xe0, 0xbf, 0x40, 0x3f, 0x80, 0xff,
    0x0, 0xfe, 0x2, 0xfd, 0x3, 0xf8, 0x3, 0xfc,
    0xf, 0xe0, 0xb, 0xf4, 0x3f, 0x80, 0xf, 0xf0,

    /* U+0053 "S" */
    0x0, 0x6f, 0xf8, 0x0, 0x3f, 0xff, 0xf8, 0xf,
    0xff, 0xff, 0xc1, 0xff, 0x56, 0xf4, 0x2f, 0xc0,
    0x5, 0x2, 0xfc, 0x0, 0x0, 0x1f, 0xf9, 0x0,
    0x0, 0xff, 0xff, 0x90, 0x3, 0xff, 0xff, 0x80,
    0x6, 0xff, 0xfd, 0x0, 0x0, 0x2f, 0xe0, 0x0,
    0x0, 0xff, 0x7, 0x0, 0xf, 0xe1, 0xfe, 0x57,
    0xfd, 0x3f, 0xff, 0xff, 0xc0, 0xbf, 0xff, 0xf0,
    0x0, 0xbf, 0xe4, 0x0,

    /* U+0054 "T" */
    0x7f, 0xff, 0xff, 0xd7, 0xff, 0xff, 0xfd, 0x7f,
    0xff, 0xff, 0xd1, 0x57, 0xfd, 0x54, 0x0, 0x3f,
    0xc0, 0x0, 0x3, 0xfc, 0x0, 0x0, 0x3f, 0xc0,
    0x0, 0x3, 0xfc, 0x0, 0x0, 0x3f, 0xc0, 0x0,
    0x3, 0xfc, 0x0, 0x0, 0x3f, 0xc0, 0x0, 0x3,
    0xfc, 0x0, 0x0, 0x3f, 0xc0, 0x0, 0x3, 0xfc,
    0x0, 0x0, 0x3f, 0xc0, 0x0, 0x3, 0xfc, 0x0,
    0x0, 0x3f, 0xc0, 0x0,

    /* U+0055 "U" */
    0x7f, 0x40, 0xb, 0xf7, 0xf4, 0x0, 0xbf, 0x7f,
    0x40, 0xb, 0xf7, 0xf4, 0x0, 0xbf, 0x7f, 0x40,
    0xb, 0xf7, 0xf4, 0x0, 0xbf, 0x7f, 0x40, 0xb,
    0xf7, 0xf4, 0x0, 0xbf, 0x7f, 0x40, 0xb, 0xf3,
    0xf4, 0x0, 0xbf, 0x3f, 0x40, 0xb, 0xf3, 0xf4,
    0x0, 0xff, 0x3f, 0xc0, 0xf, 0xe2, 0xff, 0x57,
    0xfd, 0x1f, 0xff, 0xff, 0xc0, 0x7f, 0xff, 0xf0,
    0x0, 0xbf, 0xf8, 0x0,

    /* U+0056 "V" */
    0xbf, 0x0, 0x1, 0xfc, 0x3f, 0x40, 0x3, 0xfc,
    0x3f, 0xc0, 0x3, 0xf4, 0x2f, 0xc0, 0x7, 0xf0,
    0xf, 0xd0, 0xb, 0xf0, 0xf, 0xe0, 0xf, 0xe0,
    0xb, 0xf0, 0x1f, 0xc0, 0x7, 0xf4, 0x2f, 0xc0,
    0x3, 0xf8, 0x3f, 0x80, 0x2, 0xfc, 0x3f, 0x0,
    0x1, 0xfc, 0x7f, 0x0, 0x0, 0xfd, 0xbe, 0x0,
    0x0, 0xbe, 0xfd, 0x0, 0x0, 0x7f, 0xfc, 0x0,
    0x0, 0x3f, 0xf8, 0x0, 0x0, 0x2f, 0xf4, 0x0,
    0x0, 0x1f, 0xf0, 0x0,

    /* U+0057 "W" */
    0x3f, 0x40, 0x1f, 0xf0, 0x3, 0xf8, 0xfe, 0x0,
    0xbf, 0xc0, 0xf, 0xd2, 0xfc, 0x3, 0xff, 0x40,
    0x7f, 0xb, 0xf0, 0xf, 0xfe, 0x1, 0xfc, 0x1f,
    0xc0, 0x7e, 0xfc, 0xb, 0xe0, 0x3f, 0x42, 0xf7,
    0xf0, 0x3f, 0x40, 0xfe, 0xb, 0xcf, 0xc0, 0xfc,
    0x2, 0xf8, 0x3f, 0x2f, 0x47, 0xf0, 0x7, 0xf0,
    0xf8, 0x7e, 0x1f, 0x80, 0xf, 0xc7, 0xd0, 0xfc,
    0xbd, 0x0, 0x3f, 0x6f, 0x3, 0xf3, 0xf4, 0x0,
    0xbe, 0xfc, 0xb, 0xdf, 0xc0, 0x2, 0xff, 0xe0,
    0x1f, 0xff, 0x0, 0x7, 0xff, 0x40, 0x3f, 0xf8,
    0x0, 0xf, 0xfc, 0x0, 0xff, 0xd0, 0x0, 0x3f,
    0xf0, 0x2, 0xff, 0x0, 0x0, 0xbf, 0xc0, 0xb,
    0xfc, 0x0,

    /* U+0058 "X" */
    0x3f, 0xc0, 0x2, 0xfc, 0x1f, 0xe0, 0x7, 0xf8,
    0xf, 0xf4, 0xf, 0xf0, 0x3, 0xfc, 0x1f, 0xd0,
    0x2, 0xfd, 0x3f, 0x80, 0x0, 0xff, 0xbf, 0x0,
    0x0, 0x7f, 0xfd, 0x0, 0x0, 0x2f, 0xfc, 0x0,
    0x0, 0x1f, 0xf4, 0x0, 0x0, 0x3f, 0xfc, 0x0,
    0x0, 0xbf, 0xfe, 0x0, 0x1, 0xfd, 0xbf, 0x40,
    0x3, 0xfc, 0x3f, 0xc0, 0x7, 0xf4, 0x1f, 0xe0,
    0xf, 0xe0, 0xf, 0xf0, 0x2f, 0xc0, 0x7, 0xfc,
    0x7f, 0x80, 0x2, 0xfd,

    /* U+0059 "Y" */
    0xbf, 0x80, 0x3, 0xfc, 0x3f, 0xc0, 0x7, 0xf8,
    0x1f, 0xe0, 0xf, 0xf0, 0xf, 0xf0, 0x1f, 0xd0,
    0x7, 0xf8, 0x3f, 0xc0, 0x2, 0xfc, 0x7f, 0x40,
    0x0, 0xff, 0xfe, 0x0, 0x0, 0xbf, 0xfc, 0x0,
    0x0, 0x3f, 0xf8, 0x0, 0x0, 0x2f, 0xf0, 0x0,
    0x0, 0xf, 0xe0, 0x0, 0x0, 0xf, 0xe0, 0x0,
    0x0, 0xf, 0xe0, 0x0, 0x0, 0xf, 0xe0, 0x0,
    0x0, 0xf, 0xe0, 0x0, 0x0, 0xf, 0xe0, 0x0,
    0x0, 0xf, 0xe0, 0x0,

    /* U+005A "Z" */
    0x2f, 0xff, 0xff, 0xd2, 0xff, 0xff, 0xfd, 0x2f,
    0xff, 0xff, 0xd0, 0x55, 0x57, 0xfc, 0x0, 0x0,
    0xff, 0x40, 0x0, 0x2f, 0xe0, 0x0, 0x7, 0xfc,
    0x0, 0x0, 0xff, 0x0, 0x0, 0x3f, 0xd0, 0x0,
    0xb, 0xf8, 0x0, 0x2, 0xfe, 0x0, 0x0, 0x7f,
    0xc0, 0x0, 0xf, 0xf0, 0x0, 0x3, 0xfe, 0x55,
    0x54, 0x3f, 0xff, 0xff, 0xe3, 0xff, 0xff, 0xfe,
    0x3f, 0xff, 0xff, 0xe0,

    /* U+005B "[" */
    0x3f, 0xf3, 0xff, 0x3f, 0x93, 0xf0, 0x3f, 0x3,
    0xf0, 0x3f, 0x3, 0xf0, 0x3f, 0x3, 0xf0, 0x3f,
    0x3, 0xf0, 0x3f, 0x3, 0xf0, 0x3f, 0x3, 0xf0,
    0x3f, 0x3, 0xf0, 0x3f, 0x3, 0xff, 0x3f, 0xf2,
    0xa9,

    /* U+005C "\\" */
    0x3f, 0x0, 0x0, 0xbd, 0x0, 0x1, 0xf8, 0x0,
    0x3, 0xf0, 0x0, 0xb, 0xd0, 0x0, 0x1f, 0x80,
    0x0, 0x3f, 0x0, 0x0, 0xbd, 0x0, 0x1, 0xf8,
    0x0, 0x3, 0xf0, 0x0, 0xb, 0xd0, 0x0, 0x1f,
    0x80, 0x0, 0x3f, 0x0, 0x0, 0xbd, 0x0, 0x1,
    0xf8, 0x0, 0x3, 0xf0, 0x0, 0xb, 0xd0, 0x0,
    0x1f, 0x80, 0x0, 0x3f, 0x0, 0x0, 0xbd, 0x0,
    0x1, 0xf8, 0x0, 0x1, 0x90,

    /* U+005D "]" */
    0xff, 0xcf, 0xfc, 0x6f, 0xc0, 0xfc, 0xf, 0xc0,
    0xfc, 0xf, 0xc0, 0xfc, 0xf, 0xc0, 0xfc, 0xf,
    0xc0, 0xfc, 0xf, 0xc0, 0xfc, 0xf, 0xc0, 0xfc,
    0xf, 0xc0, 0xfc, 0xf, 0xcf, 0xfc, 0xff, 0xc6,
    0xa8,

    /* U+005E "^" */
    0x0, 0x7f, 0x0, 0x0, 0x3f, 0xd0, 0x0, 0x2f,
    0xfc, 0x0, 0xf, 0xff, 0x80, 0xb, 0xe7, 0xf0,
    0x3, 0xf0, 0xfe, 0x2, 0xf8, 0x1f, 0xc1, 0xfc,
    0x3, 0xf8, 0xfe, 0x0, 0x7f, 0xb, 0x0, 0xe,
    0x40, 0x0, 0x0, 0x0,

    /* U+005F "_" */
    0x7f, 0xff, 0xff, 0x9f, 0xff, 0xff, 0xe7, 0xff,
    0xff, 0xf8,

    /* U+0060 "`" */
    0x1, 0x2, 0xf0, 0x3f, 0x80, 0xfc, 0x7, 0xe0,
    0x28,

    /* U+0061 "a" */
    0x1, 0xff, 0x90, 0x3, 0xff, 0xfe, 0x1, 0xff,
    0xff, 0xd0, 0x1c, 0x3, 0xf8, 0x0, 0x0, 0xfe,
    0x0, 0xbf, 0xff, 0xc1, 0xff, 0xff, 0xf0, 0xff,
    0x3, 0xfc, 0x3f, 0x40, 0xff, 0xf, 0xd0, 0x3f,
    0xc3, 0xfe, 0xbf, 0xf8, 0x7f, 0xfc, 0xff, 0x7,
    0xf8, 0x1f, 0xc0,

    /* U+0062 "b" */
    0x7f, 0x0, 0x0, 0x1f, 0xc0, 0x0, 0x7, 0xf0,
    0x0, 0x1, 0xfc, 0x0, 0x0, 0x7f, 0x0, 0x0,
    0x1f, 0xc7, 0xf8, 0x7, 0xf7, 0xff, 0xc1, 0xff,
    0xff, 0xfc, 0x7f, 0x80, 0xff, 0x1f, 0xd0, 0x1f,
    0xd7, 0xf0, 0x3, 0xf9, 0xfc, 0x0, 0xfe, 0x7f,
    0x0, 0x3f, 0x9f, 0xd0, 0x1f, 0xd7, 0xf8, 0xf,
    0xf1, 0xff, 0xff, 0xfc, 0x7f, 0x7f, 0xfc, 0x1f,
    0xc7, 0xf8, 0x0,

    /* U+0063 "c" */
    0x0, 0xbf, 0x90, 0x7, 0xff, 0xf8, 0xf, 0xff,
    0xfd, 0x2f, 0xc0, 0xbd, 0x3f, 0x80, 0x10, 0x3f,
    0x80, 0x0, 0x3f, 0x80, 0x0, 0x3f, 0x80, 0x0,
    0x3f, 0x80, 0x10, 0x2f, 0xc0, 0xbe, 0xf, 0xff,
    0xfd, 0x7, 0xff, 0xf8, 0x0, 0xbf, 0x90,

    /* U+0064 "d" */
    0x0, 0x0, 0xbf, 0x0, 0x0, 0xbf, 0x0, 0x0,
    0xbf, 0x0, 0x0, 0xbf, 0x0, 0x0, 0xbf, 0x7,
    0xf8, 0xbf, 0x2f, 0xff, 0xbf, 0x3f, 0xff, 0xff,
    0xbf, 0x81, 0xff, 0xff, 0x0, 0xbf, 0xfe, 0x0,
    0xbf, 0xfe, 0x0, 0xbf, 0xfe, 0x0, 0xbf, 0xff,
    0x0, 0xbf, 0xbf, 0x81, 0xff, 0x3f, 0xff, 0xff,
    0x2f, 0xff, 0xbf, 0x7, 0xf8, 0xbf,

    /* U+0065 "e" */
    0x0, 0xbf, 0xd0, 0x1, 0xff, 0xff, 0x0, 0xff,
    0xbf, 0xe0, 0xbf, 0x1, 0xfc, 0x3f, 0x80, 0x3f,
    0x4f, 0xff, 0xff, 0xe3, 0xff, 0xff, 0xf8, 0xfe,
    0x0, 0x0, 0x3f, 0x80, 0x0, 0xb, 0xf4, 0xb,
    0x0, 0xff, 0xff, 0xf0, 0x1f, 0xff, 0xf8, 0x0,
    0xbf, 0xe0, 0x0,

    /* U+0066 "f" */
    0x1, 0xbf, 0x40, 0xff, 0xd0, 0xbf, 0xf4, 0x2f,
    0xc0, 0xb, 0xf0, 0x2f, 0xff, 0xdb, 0xff, 0xf5,
    0xff, 0xfd, 0xb, 0xf0, 0x2, 0xfc, 0x0, 0xbf,
    0x0, 0x2f, 0xc0, 0xb, 0xf0, 0x2, 0xfc, 0x0,
    0xbf, 0x0, 0x2f, 0xc0, 0xb, 0xf0, 0x2, 0xfc,
    0x0,

    /* U+0067 "g" */
    0x0, 0x0, 0x2f, 0x80, 0x0, 0x7, 0xf8, 0x1,
    0xff, 0xfa, 0x40, 0xff, 0xff, 0x80, 0x1f, 0xe6,
    0xfe, 0x3, 0xf8, 0x7, 0xf0, 0x3f, 0x80, 0x7f,
    0x2, 0xfc, 0xf, 0xf0, 0xf, 0xff, 0xfd, 0x0,
    0x3f, 0xff, 0x40, 0xf, 0x15, 0x0, 0x3, 0xf0,
    0x0, 0x0, 0x3f, 0xff, 0xfe, 0x1, 0xff, 0xff,
    0xf8, 0xb, 0xff, 0xff, 0xc3, 0xd0, 0x1, 0xfd,
    0x7d, 0x0, 0xf, 0xc7, 0xf9, 0x57, 0xfc, 0x3f,
    0xff, 0xff, 0x40, 0x6f, 0xfe, 0x40,

    /* U+0068 "h" */
    0x7f, 0x0, 0x0, 0x7f, 0x0, 0x0, 0x7f, 0x0,
    0x0, 0x7f, 0x0, 0x0, 0x7f, 0x0, 0x0, 0x7f,
    0xf, 0xe0, 0x7f, 0x7f, 0xfc, 0x7f, 0xff, 0xfd,
    0x7f, 0xc1, 0xfe, 0x7f, 0x40, 0xff, 0x7f, 0x0,
    0xff, 0x7f, 0x0, 0xff, 0x7f, 0x0, 0xff, 0x7f,
    0x0, 0xff, 0x7f, 0x0, 0xff, 0x7f, 0x0, 0xff,
    0x7f, 0x0, 0xff, 0x7f, 0x0, 0xff,

    /* U+0069 "i" */
    0x3f, 0x2f, 0xdb, 0xf4, 0xfc, 0x0, 0x1f, 0xc7,
    0xf1, 0xfc, 0x7f, 0x1f, 0xc7, 0xf1, 0xfc, 0x7f,
    0x1f, 0xc7, 0xf1, 0xfc, 0x7f, 0x1f, 0xc0,

    /* U+006A "j" */
    0x3, 0xf0, 0x2f, 0xd0, 0xbf, 0x40, 0xfc, 0x0,
    0x0, 0x1f, 0xc0, 0x7f, 0x1, 0xfc, 0x7, 0xf0,
    0x1f, 0xc0, 0x7f, 0x1, 0xfc, 0x7, 0xf0, 0x1f,
    0xc0, 0x7f, 0x1, 0xfc, 0x7, 0xf0, 0x1f, 0xc0,
    0x7f, 0x1, 0xfc, 0x3f, 0xf0, 0xff, 0x83, 0xf8,
    0x0,

    /* U+006B "k" */
    0x7f, 0x0, 0x0, 0x1f, 0xc0, 0x0, 0x7, 0xf0,
    0x0, 0x1, 0xfc, 0x0, 0x0, 0x7f, 0x0, 0x0,
    0x1f, 0xc0, 0x3f, 0xc7, 0xf0, 0x3f, 0xc1, 0xfc,
    0x2f, 0xd0, 0x7f, 0x1f, 0xd0, 0x1f, 0xdf, 0xe0,
    0x7, 0xff, 0xf4, 0x1, 0xff, 0xff, 0x0, 0x7f,
    0xff, 0xe0, 0x1f, 0xf2, 0xfc, 0x7, 0xf0, 0x3f,
    0xc1, 0xfc, 0xb, 0xf4, 0x7f, 0x0, 0xff, 0x1f,
    0xc0, 0x2f, 0xe0,

    /* U+006C "l" */
    0x7f, 0x7, 0xf0, 0x7f, 0x7, 0xf0, 0x7f, 0x7,
    0xf0, 0x7f, 0x7, 0xf0, 0x7f, 0x7, 0xf0, 0x7f,
    0x7, 0xf0, 0x7f, 0x7, 0xf0, 0x7f, 0x3, 0xfe,
    0x3f, 0xf0, 0xbf,

    /* U+006D "m" */
    0x7f, 0x1f, 0xe0, 0x2f, 0xc1, 0xfd, 0xff, 0xe3,
    0xff, 0xc7, 0xff, 0xff, 0xff, 0xff, 0x9f, 0xe0,
    0xbf, 0xc0, 0xff, 0x7f, 0x40, 0xfe, 0x2, 0xfd,
    0xfc, 0x3, 0xf8, 0xb, 0xf7, 0xf0, 0xf, 0xe0,
    0x2f, 0xdf, 0xc0, 0x3f, 0x80, 0xbf, 0x7f, 0x0,
    0xfe, 0x2, 0xfd, 0xfc, 0x3, 0xf8, 0xb, 0xf7,
    0xf0, 0xf, 0xe0, 0x2f, 0xdf, 0xc0, 0x3f, 0x80,
    0xbf, 0x7f, 0x0, 0xfe, 0x2, 0xfc,

    /* U+006E "n" */
    0x7f, 0xf, 0xe0, 0x7f, 0x7f, 0xfc, 0x7f, 0xff,
    0xfd, 0x7f, 0xc1, 0xfe, 0x7f, 0x40, 0xff, 0x7f,
    0x0, 0xff, 0x7f, 0x0, 0xff, 0x7f, 0x0, 0xff,
    0x7f, 0x0, 0xff, 0x7f, 0x0, 0xff, 0x7f, 0x0,
    0xff, 0x7f, 0x0, 0xff, 0x7f, 0x0, 0xff,

    /* U+006F "o" */
    0x0, 0xbf, 0xd0, 0x1, 0xff, 0xff, 0x0, 0xff,
    0xff, 0xe0, 0xbf, 0x2, 0xfc, 0x3f, 0x80, 0x3f,
    0x4f, 0xe0, 0xf, 0xe3, 0xf8, 0x3, 0xf8, 0xfe,
    0x0, 0xfe, 0x3f, 0x80, 0x3f, 0x4b, 0xf0, 0x2f,
    0xc0, 0xff, 0xff, 0xe0, 0x1f, 0xff, 0xf0, 0x0,
    0xbf, 0xd0, 0x0,

    /* U+0070 "p" */
    0x7f, 0x1f, 0xe0, 0x1f, 0xdf, 0xff, 0x7, 0xff,
    0xff, 0xf1, 0xfe, 0x3, 0xfc, 0x7f, 0x40, 0x7f,
    0x5f, 0xc0, 0xf, 0xe7, 0xf0, 0x3, 0xf9, 0xfc,
    0x0, 0xfe, 0x7f, 0x40, 0x7f, 0x5f, 0xe0, 0x3f,
    0xc7, 0xff, 0xff, 0xf1, 0xfd, 0xff, 0xf0, 0x7f,
    0xf, 0xe0, 0x1f, 0xc0, 0x0, 0x7, 0xf0, 0x0,
    0x1, 0xfc, 0x0, 0x0, 0x7f, 0x0, 0x0, 0x1f,
    0xc0, 0x0, 0x0,

    /* U+0071 "q" */
    0x7, 0xf8, 0xbf, 0x2f, 0xff, 0xbf, 0x3f, 0xff,
    0xff, 0xbf, 0x81, 0xff, 0xff, 0x0, 0xbf, 0xfe,
    0x0, 0xbf, 0xfe, 0x0, 0xbf, 0xfe, 0x0, 0xbf,
    0xff, 0x0, 0xbf, 0xbf, 0x81, 0xff, 0x3f, 0xff,
    0xff, 0x2f, 0xff, 0xbf, 0x7, 0xf8, 0xbf, 0x0,
    0x0, 0xbf, 0x0, 0x0, 0xbf, 0x0, 0x0, 0xbf,
    0x0, 0x0, 0xbf, 0x0, 0x0, 0xbf,

    /* U+0072 "r" */
    0x7f, 0x1f, 0x1f, 0xdf, 0xc7, 0xff, 0xf1, 0xff,
    0x94, 0x7f, 0x40, 0x1f, 0xc0, 0x7, 0xf0, 0x1,
    0xfc, 0x0, 0x7f, 0x0, 0x1f, 0xc0, 0x7, 0xf0,
    0x1, 0xfc, 0x0, 0x7f, 0x0, 0x0,

    /* U+0073 "s" */
    0x1, 0xff, 0x80, 0xf, 0xff, 0xf4, 0x2f, 0xff,
    0xf8, 0x3f, 0x80, 0xa0, 0x3f, 0x80, 0x0, 0x2f,
    0xff, 0x80, 0xf, 0xff, 0xf4, 0x1, 0xbf, 0xfc,
    0x0, 0x1, 0xfd, 0xe, 0x1, 0xfc, 0x3f, 0xff,
    0xfc, 0x2f, 0xff, 0xf0, 0x2, 0xff, 0x80,

    /* U+0074 "t" */
    0x7, 0xf0, 0x1, 0xfc, 0x0, 0xbf, 0x1, 0xff,
    0xfd, 0x7f, 0xff, 0x5f, 0xff, 0xd0, 0xbf, 0x0,
    0x2f, 0xc0, 0xb, 0xf0, 0x2, 0xfc, 0x0, 0xbf,
    0x0, 0x2f, 0xc0, 0xb, 0xf0, 0x1, 0xff, 0xc0,
    0x3f, 0xf0, 0x2, 0xfc,

    /* U+0075 "u" */
    0x7f, 0x0, 0xfe, 0x7f, 0x0, 0xfe, 0x7f, 0x0,
    0xfe, 0x7f, 0x0, 0xfe, 0x7f, 0x0, 0xfe, 0x7f,
    0x0, 0xfe, 0x7f, 0x0, 0xfe, 0x7f, 0x0, 0xfe,
    0x7f, 0x0, 0xfe, 0x7f, 0x82, 0xfe, 0x3f, 0xff,
    0xfe, 0x2f, 0xfd, 0xfe, 0xb, 0xf4, 0xfe,

    /* U+0076 "v" */
    0xbf, 0x0, 0x3f, 0x9f, 0xc0, 0xf, 0xc3, 0xf4,
    0x7, 0xf0, 0xbf, 0x2, 0xf8, 0x1f, 0xc0, 0xfd,
    0x3, 0xf4, 0x3f, 0x0, 0xbe, 0x1f, 0x80, 0x1f,
    0xcb, 0xd0, 0x3, 0xf3, 0xf0, 0x0, 0xfe, 0xf8,
    0x0, 0x1f, 0xfd, 0x0, 0x3, 0xff, 0x0, 0x0,
    0xff, 0x80, 0x0,

    /* U+0077 "w" */
    0x7f, 0x0, 0xbf, 0x0, 0xbe, 0x3f, 0x0, 0xff,
    0x0, 0xfd, 0x3f, 0x40, 0xff, 0x40, 0xfc, 0x2f,
    0x81, 0xff, 0x81, 0xfc, 0x1f, 0xc2, 0xff, 0xc2,
    0xf8, 0xf, 0xc3, 0xeb, 0xd3, 0xf4, 0xf, 0xd3,
    0xd7, 0xe3, 0xf0, 0xb, 0xe7, 0xc3, 0xf7, 0xe0,
    0x3, 0xfb, 0xc2, 0xfb, 0xd0, 0x3, 0xff, 0x81,
    0xff, 0xc0, 0x2, 0xff, 0x40, 0xff, 0xc0, 0x1,
    0xff, 0x0, 0xff, 0x80, 0x0, 0xff, 0x0, 0xbf,
    0x40,

    /* U+0078 "x" */
    0x3f, 0xc0, 0x3f, 0x82, 0xfd, 0xb, 0xf0, 0xf,
    0xf0, 0xfd, 0x0, 0x7f, 0xaf, 0x80, 0x2, 0xff,
    0xf0, 0x0, 0xf, 0xfd, 0x0, 0x0, 0xbf, 0xc0,
    0x0, 0xf, 0xfd, 0x0, 0x2, 0xff, 0xf0, 0x0,
    0x7f, 0x3f, 0x80, 0xf, 0xd1, 0xfd, 0x2, 0xfc,
    0xf, 0xf0, 0x7f, 0x40, 0x7f, 0x80,

    /* U+0079 "y" */
    0xbf, 0x0, 0x3f, 0x9f, 0xc0, 0xf, 0xc3, 0xf4,
    0x7, 0xf0, 0xbe, 0x2, 0xf8, 0x1f, 0xc0, 0xfc,
    0x3, 0xf4, 0x7f, 0x0, 0xfe, 0x2f, 0x80, 0x1f,
    0xcf, 0xd0, 0x3, 0xf3, 0xf0, 0x0, 0xfe, 0xf8,
    0x0, 0x1f, 0xfd, 0x0, 0x3, 0xff, 0x0, 0x0,
    0xff, 0x80, 0x0, 0x2f, 0xd0, 0x0, 0xb, 0xf0,
    0x0, 0x3f, 0xf8, 0x0, 0x1f, 0xfc, 0x0, 0x7,
    0xf8, 0x0, 0x0,

    /* U+007A "z" */
    0x3f, 0xff, 0xfd, 0x3f, 0xff, 0xfd, 0x2f, 0xff,
    0xfd, 0x0, 0x7, 0xf8, 0x0, 0x1f, 0xf0, 0x0,
    0x3f, 0xc0, 0x0, 0xff, 0x0, 0x3, 0xfd, 0x0,
    0xb, 0xf8, 0x0, 0x1f, 0xe0, 0x0, 0x3f, 0xff,
    0xfd, 0x3f, 0xff, 0xfe, 0x3f, 0xff, 0xfe,

    /* U+007B "{" */
    0x1, 0xfe, 0x3, 0xfe, 0x3, 0xf9, 0x3, 0xf0,
    0x3, 0xf0, 0x3, 0xf0, 0x3, 0xf0, 0x7, 0xf0,
    0xb, 0xf0, 0x7f, 0xd0, 0xbf, 0x0, 0xbf, 0xc0,
    0xf, 0xe0, 0x7, 0xf0, 0x3, 0xf0, 0x3, 0xf0,
    0x3, 0xf0, 0x3, 0xf0, 0x3, 0xf0, 0x3, 0xfe,
    0x3, 0xfe, 0x0, 0x69,

    /* U+007C "|" */
    0xbd, 0xbd, 0xbd, 0xbd, 0xbd, 0xbd, 0xbd, 0xbd,
    0xbd, 0xbd, 0xbd, 0xbd, 0xbd, 0xbd, 0xbd, 0xbd,
    0xbd, 0xbd, 0xbd, 0xbd, 0xbd, 0xa9,

    /* U+007D "}" */
    0xff, 0x40, 0xff, 0xc0, 0x6f, 0xc0, 0xf, 0xc0,
    0xf, 0xc0, 0xf, 0xc0, 0xf, 0xc0, 0xf, 0xc0,
    0xf, 0xe0, 0x7, 0xfd, 0x1, 0xfd, 0x3, 0xfd,
    0xf, 0xf0, 0xf, 0xd0, 0xf, 0xc0, 0xf, 0xc0,
    0xf, 0xc0, 0xf, 0xc0, 0xf, 0xc0, 0xff, 0xc0,
    0xff, 0x80, 0x69, 0x0,

    /* U+007E "~" */
    0x1f, 0x90, 0x0, 0x1f, 0xff, 0x41, 0x7, 0xff,
    0xff, 0xe0, 0x80, 0xbf, 0xfc, 0x0, 0x2, 0xf8,
    0x0,

    /* U+0600 "؀" */
    0x0, 0x0, 0x0, 0x0, 0x0, 0x0, 0x0, 0x0,
    0x0, 0x0, 0x0, 0x0, 0x0, 0x0, 0x20, 0x0,
    0x0, 0x0, 0x0, 0x0, 0x0, 0x0, 0xfc, 0x0,
    0x0, 0x0, 0x0, 0x0, 0x0, 0x3, 0xfe, 0x0,
    0x0, 0x0, 0x0, 0x0, 0x0, 0x1f, 0xf8, 0x0,
    0x0, 0x0, 0x0, 0x0, 0x0, 0x7f, 0xd0, 0x0,
    0x0, 0x0, 0x0, 0x0, 0x0, 0xff, 0x40, 0x0,
    0x0, 0x0, 0x0, 0x0, 0x0, 0xfc, 0x0, 0x0,
    0x0, 0x0, 0x0, 0x0, 0x0, 0xbd, 0x0, 0x0,
    0x0, 0x0, 0x0, 0x0, 0x0, 0x3f, 0xea, 0xf8,
    0x6a, 0xaa, 0xaa, 0xaa, 0xaa, 0xbf, 0xff, 0xfc,
    0xbf, 0xff, 0xff, 0xff, 0xff, 0xff, 0xff, 0xfd,
    0xbf, 0xff, 0xff, 0xff, 0xff, 0xff, 0xff, 0xe0,
    0xbf, 0xff, 0xff, 0xff, 0xff, 0xff, 0xe4, 0x0,

    /* U+0601 "؁" */
    0x0, 0x1, 0xa4, 0x0, 0x0, 0x0, 0x0, 0x0,
    0x0, 0x0, 0x0, 0x1f, 0xfe, 0x0, 0x0, 0x0,
    0x0, 0x0, 0x0, 0x0, 0x1, 0xff, 0xff, 0x40,
    0x0, 0x0, 0x0, 0x0, 0x0, 0x0, 0xf, 0xff,
    0xff, 0x80, 0x1, 0x0, 0x0, 0x0, 0x0, 0x0,
    0x7f, 0xfd, 0xf, 0xc0, 0xb, 0xc0, 0x0, 0x0,
    0x0, 0x0, 0x3f, 0xd0, 0xb, 0xe0, 0xf, 0xc0,
    0x0, 0x16, 0xbf, 0xfc, 0x2e, 0x0, 0x7, 0xfa,
    0xbf, 0xfa, 0xbf, 0xff, 0xff, 0xfe, 0x0, 0x0,
    0x3, 0xff, 0xff, 0xff, 0xff, 0xff, 0xff, 0xff,
    0x0, 0x0, 0x1, 0xff, 0xff, 0xff, 0xff, 0xff,
    0xfe, 0xbf, 0x0, 0x0, 0x0, 0x6f, 0xe0, 0xbf,
    0xfa, 0x54, 0x0, 0x3f,

    /* U+0602 "؂" */
    0x1, 0xfe, 0x0, 0x0, 0x0, 0x0, 0x0, 0x7,
    0xff, 0xc0, 0x0, 0x0, 0x0, 0x0, 0xf, 0xff,
    0xf0, 0x0, 0x0, 0x0, 0x0, 0x2f, 0xef, 0xf0,
    0x0, 0x0, 0x0, 0x0, 0x3e, 0x1, 0xf4, 0x0,
    0x0, 0x0, 0x0, 0x3d, 0x0, 0xf8, 0x0, 0x0,
    0x0, 0x0, 0x3f, 0xaa, 0xfe, 0xaa, 0xaa, 0xaa,
    0xa8, 0x3f, 0xff, 0xff, 0xff, 0xff, 0xff, 0xfd,
    0xf, 0xff, 0xff, 0xff, 0xff, 0xff, 0xfd, 0x2,
    0xff, 0xff, 0xff, 0xff, 0xff, 0xfd,

    /* U+0603 "؃" */
    0x0, 0x0, 0x0, 0x0, 0x0, 0x7, 0xfe, 0x40,
    0x0, 0x0, 0x0, 0x0, 0x0, 0x3f, 0xff, 0xe0,
    0x0, 0x0, 0x0, 0x0, 0x1, 0xff, 0xff, 0xf4,
    0x0, 0x0, 0x0, 0x0, 0x3, 0xfe, 0xab, 0xfc,
    0x0, 0x0, 0x0, 0x1a, 0xf, 0xc0, 0x0, 0xbc,
    0x0, 0x0, 0x0, 0x2f, 0x1f, 0x0, 0x0, 0x7c,
    0x0, 0x0, 0x0, 0x3f, 0x3c, 0x0, 0x0, 0xbc,
    0x6a, 0xaa, 0xaa, 0xff, 0xfe, 0xaa, 0xab, 0xfc,
    0xbf, 0xff, 0xff, 0xdf, 0xff, 0xff, 0xff, 0xf8,
    0xbf, 0xff, 0xff, 0xcb, 0xff, 0xff, 0xff, 0xf0,
    0xbf, 0xff, 0xfe, 0x1, 0xff, 0xff, 0xfe, 0x40,

    /* U+0604 "؄" */
    0x0, 0x0, 0x0, 0x0, 0x0, 0x0, 0x6, 0xfe,
    0x0, 0x0, 0x0, 0x0, 0x0, 0x0, 0x0, 0x0,
    0x0, 0x0, 0xff, 0xff, 0x0, 0x0, 0x0, 0x0,
    0x0, 0x0, 0x0, 0x0, 0x0, 0xf, 0xff, 0xfe,
    0x0, 0x0, 0xf, 0x80, 0x0, 0x0, 0x0, 0x0,
    0x0, 0xff, 0xeb, 0xfc, 0x0, 0x0, 0x3f, 0x0,
    0x0, 0x0, 0x0, 0x0, 0x7, 0xf0, 0x3, 0xf8,
    0x3, 0xe0, 0xbc, 0x0, 0x0, 0x0, 0x0, 0x0,
    0x2f, 0x0, 0x7, 0xf0, 0xf, 0xc2, 0xf0, 0x0,
    0x0, 0x0, 0x0, 0x0, 0xbc, 0x0, 0xf, 0xd0,
    0x3f, 0xb, 0xff, 0xff, 0xff, 0xff, 0xff, 0xfa,
    0xf4, 0x0, 0x2f, 0xeb, 0xfe, 0xbf, 0xff, 0xff,
    0xff, 0xff, 0xff, 0xff, 0xfc, 0x0, 0x3f, 0xfd,
    0xff, 0xfb, 0xff, 0xff, 0xff, 0xff, 0xff, 0xff,
    0xfe, 0x0, 0xbf, 0xe3, 0xff, 0xc6, 0xaa, 0xaa,
    0xaa, 0xaa, 0xaa, 0xbf, 0xff, 0x80, 0x7e, 0x2,
    0xfc, 0x0, 0x0, 0x0, 0x0, 0x0, 0x0, 0x1f,
    0xfe, 0x0, 0x0, 0x0, 0x0, 0x0, 0x0, 0x0,
    0x0, 0x0, 0x0, 0x7, 0xf0, 0x0, 0x0, 0x0,
    0x0, 0x0, 0x0, 0x0, 0x0, 0x0, 0x0, 0x1,
    0x40, 0x0, 0x0, 0x0, 0x0,

    /* U+0606 "؆" */
    0x0, 0x0, 0x0, 0x0, 0x0, 0xd2, 0x74, 0x0,
    0xd, 0xb3, 0x40, 0x0, 0xff, 0xf4, 0x0, 0xf,
    0x7f, 0x6, 0x80, 0xe0, 0x0, 0xbe, 0xf, 0x0,
    0x7, 0xf0, 0xa0, 0x0, 0x3f, 0x0, 0x0, 0x2,
    0xf4, 0x0, 0xff, 0x1f, 0x80, 0x2f, 0xf0, 0xfc,
    0x3, 0xff, 0xf, 0xc0, 0x3f, 0x0, 0xbe, 0x7,
    0xe0, 0x7, 0xf0, 0xbd, 0x0, 0x3f, 0xf, 0xc0,
    0x2, 0xf4, 0xf8, 0x0, 0x1f, 0x9f, 0x40, 0x0,
    0xfe, 0xf0, 0x0, 0xf, 0xff, 0x0, 0x0, 0xbf,
    0xe0, 0x0, 0x3, 0xfd, 0x0,

    /* U+0607 "؇" */
    0x0, 0x0, 0x0, 0x0, 0x0, 0x2f, 0x0, 0x0,
    0xf, 0xa0, 0x0, 0x0, 0xba, 0x0, 0x0, 0x7,
    0xf4, 0x6, 0x80, 0xd0, 0x40, 0xbe, 0xf, 0xfc,
    0x7, 0xf0, 0x7e, 0x40, 0x3f, 0x0, 0x0, 0x2,
    0xf4, 0x0, 0xff, 0x1f, 0x80, 0x2f, 0xf0, 0xfc,
    0x3, 0xff, 0xf, 0xc0, 0x3f, 0x0, 0xbe, 0x7,
    0xe0, 0x7, 0xf0, 0xbd, 0x0, 0x3f, 0xf, 0xc0,
    0x2, 0xf4, 0xf8, 0x0, 0x1f, 0x9f, 0x40, 0x0,
    0xfe, 0xf0, 0x0, 0xf, 0xff, 0x0, 0x0, 0xbf,
    0xe0, 0x0, 0x3, 0xfd, 0x0,

    /* U+0608 "؈" */
    0x0, 0x0, 0x0, 0x7f, 0x80, 0x0, 0x0, 0x0,
    0x2, 0xff, 0xf0, 0x0, 0x0, 0x0, 0x7, 0xff,
    0xf8, 0x0, 0x7f, 0xfc, 0xf, 0xfb, 0xfc, 0x0,
    0x7f, 0xfc, 0xf, 0x80, 0xbd, 0x38, 0x0, 0xf8,
    0xf, 0x40, 0x3e, 0xfd, 0x0, 0xf0, 0xf, 0xea,
    0xbf, 0xfd, 0x1, 0xf0, 0xf, 0xff, 0xff, 0xf4,
    0x2, 0xe0, 0x7, 0xff, 0xff, 0xc0, 0x2, 0xf0,
    0x0, 0xbf, 0xfe, 0x0, 0x2, 0xf4, 0x0, 0x0,
    0x3d, 0x0, 0x1, 0xfe, 0x0, 0x1, 0xfc, 0x0,
    0x0, 0xff, 0xff, 0xff, 0xfc, 0x0, 0x0, 0x7f,
    0xff, 0xff, 0xf4, 0x0, 0x0, 0x1f, 0xff, 0xff,
    0xd0, 0x0, 0x0, 0x1, 0xbf, 0xf9, 0x0, 0x0,

    /* U+0609 "؉" */
    0x2f, 0x80, 0xb, 0xe0, 0x0, 0x3f, 0xd0, 0x1f,
    0xc0, 0x0, 0x3f, 0xd0, 0x3f, 0x0, 0x0, 0x3f,
    0xc0, 0xbd, 0x0, 0x0, 0xa, 0x41, 0xfc, 0x0,
    0x0, 0x0, 0x3, 0xf0, 0x0, 0x0, 0x0, 0xb,
    0xd0, 0x0, 0x0, 0x0, 0x1f, 0xc0, 0x0, 0x0,
    0x0, 0x3f, 0x0, 0x0, 0x0, 0x0, 0xfd, 0x0,
    0x0, 0x0, 0x1, 0xf8, 0x1a, 0x1, 0xa0, 0x3,
    0xf0, 0x7f, 0xc7, 0xfc, 0xf, 0xd0, 0xbf, 0xcb,
    0xfc, 0x1f, 0x80, 0x7f, 0xc7, 0xfc, 0x3f, 0x0,
    0x2f, 0x42, 0xf4,

    /* U+060A "؊" */
    0x2f, 0x80, 0xb, 0xe0, 0x0, 0x0, 0x3, 0xfd,
    0x1, 0xfc, 0x0, 0x0, 0x0, 0x3f, 0xd0, 0x3f,
    0x0, 0x0, 0x0, 0x3, 0xfc, 0xb, 0xd0, 0x0,
    0x0, 0x0, 0xa, 0x41, 0xfc, 0x0, 0x0, 0x0,
    0x0, 0x0, 0x3f, 0x0, 0x0, 0x0, 0x0, 0x0,
    0xb, 0xd0, 0x0, 0x0, 0x0, 0x0, 0x1, 0xfc,
    0x0, 0x0, 0x0, 0x0, 0x0, 0x3f, 0x0, 0x0,
    0x0, 0x0, 0x0, 0xf, 0xd0, 0x0, 0x0, 0x0,
    0x0, 0x1, 0xf8, 0x1a, 0x1, 0xa0, 0x1a, 0x0,
    0x3f, 0x7, 0xfc, 0x7f, 0xc7, 0xfc, 0xf, 0xd0,
    0xbf, 0xcb, 0xfc, 0xbf, 0xc1, 0xf8, 0x7, 0xfc,
    0x7f, 0xcb, 0xfc, 0x3f, 0x0, 0x2f, 0x42, 0xf4,
    0x2f, 0x40,

    /* U+060B "؋" */
    0x0, 0x0, 0xf8, 0x0, 0x0, 0x0, 0x0, 0x7f,
    0x0, 0x0, 0x0, 0x0, 0xf, 0x80, 0x69, 0x0,
    0x0, 0x0, 0x0, 0xff, 0xf0, 0x0, 0x0, 0x0,
    0xff, 0xfe, 0x0, 0x0, 0x0, 0x7f, 0xff, 0xd0,
    0x0, 0x0, 0x2f, 0x42, 0xf8, 0x7, 0xf8, 0xf,
    0x80, 0x3f, 0xb, 0xff, 0xc3, 0xf0, 0xb, 0xc7,
    0xff, 0xf8, 0xbf, 0xff, 0xf3, 0xfe, 0xff, 0x1f,
    0xff, 0xfc, 0xf4, 0xb, 0xd1, 0xff, 0x5f, 0x7c,
    0x0, 0xf4, 0x0, 0xf, 0xcf, 0xea, 0xbf, 0xaa,
    0xaf, 0xe3, 0xff, 0xff, 0xff, 0xff, 0xf0, 0x7f,
    0xff, 0xff, 0xff, 0xf8, 0x7, 0xff, 0xff, 0xff,
    0xe4, 0x0, 0x0, 0x3e, 0x0, 0x0, 0x0, 0x0,
    0xf, 0x80, 0x0, 0x0, 0x0, 0x3, 0xe0, 0x0,
    0x0, 0x0, 0x0, 0xf8, 0x0, 0x0, 0x0, 0x0,
    0x3e, 0x0, 0x0, 0x0, 0x0, 0xf, 0x80, 0x0,
    0x0,

    /* U+060C "،" */
    0x2, 0x80, 0xf8, 0x2f, 0x3, 0xd0, 0x7f, 0x47,
    0xfc, 0x7f, 0x82, 0xf0,

    /* U+060D "؍" */
    0x0, 0x0, 0x0, 0xb0, 0x2, 0xfc, 0x7, 0xf4,
    0xf, 0xe0, 0x1f, 0xc0, 0x3f, 0x40, 0x3f, 0x0,
    0x7e, 0x0, 0x7d, 0x0, 0x7d, 0x0,

    /* U+060E "؎" */
    0x1, 0xfe, 0x0, 0x0, 0x0, 0x0, 0x7, 0xff,
    0xc0, 0x0, 0x0, 0x0, 0xf, 0xff, 0xf0, 0x0,
    0x0, 0x0, 0x2f, 0xef, 0xf0, 0x0, 0x0, 0x0,
    0x3e, 0x1, 0xf4, 0x0, 0x0, 0x0, 0x3d, 0x0,
    0xf8, 0x5a, 0xff, 0xf0, 0x3f, 0xaa, 0xff, 0xff,
    0xff, 0xfc, 0x2f, 0xff, 0xff, 0xff, 0xff, 0xfc,
    0xf, 0xff, 0xff, 0xff, 0xfa, 0xfc, 0x2, 0xff,
    0xe9, 0x40, 0x0, 0xbc,

    /* U+060F "؏" */
    0x0, 0x1, 0xa4, 0x0, 0x0, 0x3, 0xff, 0xe0,
    0x0, 0x3, 0xff, 0xfe, 0x0, 0x3, 0xff, 0xff,
    0xc0, 0x0, 0xfc, 0x7, 0xc0, 0x0, 0x7c, 0x0,
    0x40, 0x0, 0x1f, 0x0, 0x0, 0x0, 0x3, 0xe0,
    0x0, 0x0, 0x0, 0xff, 0xaa, 0xf8, 0x0, 0xf,
    0xff, 0xff, 0x0, 0x0, 0xff, 0xff, 0xc0, 0x0,
    0xbf, 0xfa, 0x40, 0x1, 0xff, 0x40, 0x0, 0x0,
    0xfd, 0x0, 0x0, 0x0, 0xbc, 0x7, 0xfe, 0x40,
    0x3e, 0x1f, 0xff, 0xf8, 0xf, 0xaf, 0xff, 0xff,
    0x43, 0xff, 0xfa, 0xaf, 0xe0, 0xff, 0xc0, 0x0,
    0xbc, 0x3f, 0xfe, 0xaa, 0xfe, 0x3f, 0xff, 0xff,
    0xff, 0x5f, 0xaf, 0xff, 0xff, 0x41, 0x80, 0x6f,
    0xfe, 0x0,

    /* U+0610 "ؐ" */
    0x0, 0xbc, 0x0, 0xff, 0xc7, 0xb0, 0x71, 0xff,
    0xfc, 0x3f, 0xfd, 0x1c, 0x0, 0xb, 0x0, 0x0,

    /* U+0611 "ؑ" */
    0x0, 0xb8, 0x0, 0xbf, 0x80, 0x34, 0x80, 0xcf,
    0x58, 0x3f, 0xff, 0xf, 0xfe, 0x43, 0x40, 0x1,
    0xc0, 0x0,

    /* U+0612 "ؒ" */
    0x0, 0x0, 0xf, 0xf8, 0x4b, 0xff, 0x35, 0x47,
    0xce, 0x1f, 0x43, 0x5d, 0xb, 0xcb, 0x2, 0xd0,

    /* U+0613 "ؓ" */
    0x0, 0x34, 0x0, 0x0, 0x40, 0x0, 0xb, 0xc0,
    0x0, 0xff, 0xc4, 0x7b, 0x7, 0x35, 0xff, 0xfc,
    0xe3, 0xff, 0xd3, 0x9c, 0x0, 0xbc, 0xb0, 0x2,
    0xd0,

    /* U+0614 "ؔ" */
    0x0, 0x0, 0x60, 0x0, 0x1d, 0xcb, 0xff, 0xff,
    0x2f, 0xfd, 0xb8,

    /* U+0615 "ؕ" */
    0x1d, 0x0, 0x1d, 0x0, 0x1f, 0xf4, 0x1f, 0xfc,
    0x1c, 0xd, 0x7f, 0xfc, 0x7f, 0xf8,

    /* U+0616 "ؖ" */
    0x0, 0xb7, 0x40, 0x2d, 0xd0, 0xb, 0x74, 0x2,
    0xdd, 0x0, 0xf7, 0x42, 0xf9, 0xd7, 0xf8, 0x76,
    0xe0, 0x0, 0xbf, 0xff, 0x5f, 0xff, 0xd0,

    /* U+0617 "ؗ" */
    0x8, 0x1c, 0x0, 0xe, 0xe, 0xe, 0x7d, 0xb8,

    /* U+0618 "ؘ" */
    0x0, 0x0, 0x28, 0x7f, 0x8b, 0x80, 0x0, 0x0,

    /* U+0619 "ؙ" */
    0x6, 0x41, 0xfd, 0x2c, 0xe1, 0xfd, 0x1f, 0xcf,
    0xd0, 0x50, 0x0,

    /* U+061A "ؚ" */
    0x0, 0x0, 0x28, 0x7f, 0x8b, 0x80, 0x0, 0x0,

    /* U+061B "؛" */
    0x7, 0xc0, 0xf0, 0x2e, 0x3, 0xe0, 0x7f, 0x87,
    0xfc, 0x3f, 0x81, 0x90, 0x0, 0x0, 0x40, 0x3f,
    0x47, 0xfc, 0x7f, 0xc2, 0xf0,

    /* U+061E "؞" */
    0x0, 0x0, 0x0, 0x0, 0x3, 0xf8, 0x0, 0x0,
    0x3f, 0xc0, 0x0, 0x3, 0xfc, 0x0, 0x0, 0x2f,
    0x40, 0x0, 0x0, 0x0, 0x0, 0x0, 0x0, 0x0,
    0x0, 0x40, 0x0, 0x10, 0x3f, 0x40, 0x2f, 0xc7,
    0xfc, 0x3, 0xfd, 0x7f, 0xc0, 0x3f, 0xc2, 0xf0,
    0x1, 0xf8,

    /* U+061F "؟" */
    0x1, 0xff, 0x80, 0x3, 0xff, 0xfd, 0x2, 0xff,
    0xff, 0xd0, 0xff, 0xff, 0xfc, 0x7f, 0x0, 0xb4,
    0x1f, 0xc0, 0x0, 0x3, 0xf4, 0x0, 0x0, 0x7f,
    0xf8, 0x0, 0x7, 0xff, 0x0, 0x0, 0xf, 0xc0,
    0x0, 0x3, 0xf0, 0x0, 0x0, 0x0, 0x0, 0x0,
    0x4, 0x0, 0x0, 0xf, 0xd0, 0x0, 0x7, 0xfc,
    0x0, 0x1, 0xff, 0x0, 0x0, 0x2f, 0x0, 0x0,

    /* U+0620 "ؠ" */
    0x0, 0x0, 0x0, 0x64, 0x0, 0x0, 0x0, 0x2f,
    0xfe, 0x0, 0x0, 0x2, 0xff, 0xfe, 0x0, 0x0,
    0x1f, 0xff, 0xfc, 0x0, 0x0, 0xfd, 0xb, 0x80,
    0x0, 0x7, 0xc0, 0x4, 0x0, 0x0, 0x2f, 0x0,
    0x0, 0x2, 0x0, 0xbd, 0x0, 0x0, 0x1f, 0x1,
    0xff, 0xa4, 0x0, 0xb8, 0x3, 0xff, 0xff, 0x3,
    0xd0, 0x7, 0xff, 0xfe, 0xf, 0x40, 0x1, 0xbf,
    0xfc, 0x3d, 0x0, 0x0, 0x2, 0xf0, 0xfc, 0x0,
    0x0, 0xf, 0xc3, 0xfd, 0x0, 0x2, 0xfe, 0x7,
    0xff, 0xff, 0xff, 0xf0, 0xb, 0xff, 0xff, 0xff,
    0x40, 0x7, 0xff, 0xff, 0xf0, 0x0, 0x1, 0xff,
    0xf4, 0x0, 0x0, 0x2, 0xc3, 0x80, 0x0, 0x0,
    0xb, 0xe, 0x0, 0x0, 0x0, 0x1f, 0xf4, 0x0,
    0x0, 0x0, 0x1f, 0x80, 0x0, 0x0,

    /* U+0621 "ء" */
    0x0, 0x54, 0x0, 0xf, 0xfe, 0x0, 0xff, 0xfe,
    0x7, 0xff, 0xf4, 0x1f, 0x47, 0x0, 0x7d, 0x0,
    0x0, 0xfe, 0xaa, 0x1f, 0xff, 0xfd, 0x7f, 0xff,
    0xf5, 0xff, 0xff, 0xd0,

    /* U+0622 "آ" */
    0x0, 0x0, 0x15, 0xa, 0xbf, 0xfe, 0xbb, 0xfc,
    0x0, 0x0, 0x0, 0x0, 0x7, 0xd0, 0x7, 0xe0,
    0x7, 0xe0, 0x7, 0xe0, 0x7, 0xe0, 0x7, 0xe0,
    0x7, 0xe0, 0x7, 0xe0, 0x7, 0xe0, 0x7, 0xe0,
    0x7, 0xe0, 0x7, 0xe0, 0x7, 0xe0, 0x7, 0xe0,
    0x7, 0xe0,

    /* U+0623 "أ" */
    0x0, 0x1, 0xfd, 0x3f, 0xd3, 0x80, 0xbf, 0xfb,
    0xff, 0x0, 0x0, 0x0, 0x1f, 0x41, 0xf8, 0x1f,
    0x81, 0xf8, 0x1f, 0x81, 0xf8, 0x1f, 0x81, 0xf8,
    0x1f, 0x81, 0xf8, 0x1f, 0x81, 0xf8, 0x1f, 0x81,
    0xf8, 0x1f, 0x80,

    /* U+0624 "ؤ" */
    0x0, 0x7e, 0x0, 0x7, 0xfd, 0x0, 0x1d, 0x10,
    0x0, 0x34, 0x0, 0x3, 0xff, 0x80, 0xf, 0xfe,
    0x0, 0x0, 0x0, 0x0, 0x0, 0x0, 0x1, 0xfe,
    0x0, 0x2f, 0xff, 0x1, 0xff, 0xff, 0xf, 0xfb,
    0xfc, 0x3e, 0x1, 0xf4, 0xf4, 0x3, 0xe3, 0xfa,
    0xaf, 0x8f, 0xff, 0xfe, 0x1f, 0xff, 0xb8, 0x1f,
    0xe3, 0xd0, 0x0, 0x2f, 0x0, 0x7, 0xfc, 0x7f,
    0xff, 0xd1, 0xff, 0xfd, 0x7, 0xff, 0xd0, 0xa,
    0x90, 0x0,

    /* U+0625 "إ" */
    0x2f, 0x42, 0xf4, 0x2f, 0x42, 0xf4, 0x2f, 0x42,
    0xf4, 0x2f, 0x42, 0xf4, 0x2f, 0x42, 0xf4, 0x2f,
    0x42, 0xf4, 0x2f, 0x42, 0xf4, 0x2f, 0x42, 0xf4,
    0x2f, 0x42, 0xf4, 0x0, 0x1, 0xfd, 0x3f, 0xe3,
    0xc0, 0xbf, 0xfb, 0xff,

    /* U+0626 "ئ" */
    0x6, 0x40, 0x0, 0x64, 0x0, 0xff, 0x80, 0x2f,
    0xfe, 0x3, 0xec, 0x2, 0xff, 0xfe, 0xe, 0x0,
    0x1f, 0xff, 0xfc, 0xbf, 0xf0, 0xfd, 0xb, 0x82,
    0xff, 0xc7, 0xc0, 0x4, 0x0, 0x0, 0x2f, 0x0,
    0x0, 0x2, 0x40, 0xbd, 0x0, 0x0, 0x1f, 0x2,
    0xff, 0xa4, 0x0, 0xb8, 0x3, 0xff, 0xff, 0x3,
    0xd0, 0x7, 0xff, 0xfe, 0xf, 0x40, 0x1, 0xbf,
    0xfc, 0x3d, 0x0, 0x0, 0x2, 0xf0, 0xf8, 0x0,
    0x0, 0xf, 0xc3, 0xfd, 0x0, 0x1, 0xfe, 0x7,
    0xff, 0xff, 0xff, 0xf0, 0xb, 0xff, 0xff, 0xff,
    0x40, 0xb, 0xff, 0xff, 0xf0, 0x0, 0x2, 0xff,
    0xf9, 0x0, 0x0,

    /* U+0627 "ا" */
    0xbd, 0xbd, 0xbd, 0xbd, 0xbd, 0xbd, 0xbd, 0xbd,
    0xbd, 0xbd, 0xbd, 0xbd, 0xbd, 0xbd, 0xbd, 0xbd,
    0xbd, 0xbd,

    /* U+0628 "ب" */
    0x0, 0x0, 0x0, 0x0, 0x1, 0x3, 0x40, 0x0,
    0x0, 0xb, 0xc2, 0xf0, 0x0, 0x0, 0x2, 0xf0,
    0xf8, 0x0, 0x0, 0x0, 0x7d, 0x3d, 0x0, 0x0,
    0x0, 0xf, 0x4f, 0x80, 0x0, 0x0, 0x3, 0xd3,
    0xf8, 0x0, 0x0, 0x2, 0xf4, 0xbf, 0xff, 0xff,
    0xff, 0xfc, 0x1f, 0xff, 0xff, 0xff, 0xff, 0x1,
    0xff, 0xff, 0xff, 0xff, 0x0, 0x6, 0xff, 0xff,
    0xe9, 0x0, 0x0, 0x0, 0x0, 0x0, 0x0, 0x0,
    0x0, 0x0, 0x0, 0x0, 0x0, 0x0, 0xf, 0xc0,
    0x0, 0x0, 0x0, 0x3, 0xf0, 0x0, 0x0, 0x0,
    0x0, 0xbc, 0x0, 0x0,

    /* U+0629 "ة" */
    0x0, 0x0, 0x0, 0x2f, 0x3f, 0x0, 0xfd, 0xfc,
    0x2, 0xf2, 0xe0, 0x0, 0x0, 0x0, 0x0, 0x0,
    0x0, 0x2f, 0xf0, 0x2, 0xff, 0xf0, 0x1f, 0xff,
    0xe0, 0xfd, 0x2f, 0xc3, 0xd0, 0x2f, 0x5f, 0x0,
    0x3e, 0x7c, 0x0, 0xf9, 0xfe, 0xaf, 0xd3, 0xff,
    0xff, 0x7, 0xff, 0xf4, 0x2, 0xfe, 0x0,

    /* U+062A "ت" */
    0x0, 0x0, 0x0, 0x0, 0x0, 0x0, 0x0, 0xbc,
    0xfc, 0x0, 0x0, 0x0, 0x3f, 0x7f, 0x0, 0x10,
    0x34, 0xb, 0xcf, 0x80, 0xbc, 0x2f, 0x0, 0x0,
    0x0, 0x2f, 0xf, 0x80, 0x0, 0x0, 0x7, 0xd3,
    0xd0, 0x0, 0x0, 0x0, 0xf4, 0xf8, 0x0, 0x0,
    0x0, 0x3d, 0x3f, 0x80, 0x0, 0x0, 0x2f, 0x4b,
    0xff, 0xff, 0xff, 0xff, 0xc1, 0xff, 0xff, 0xff,
    0xff, 0xf0, 0x1f, 0xff, 0xff, 0xff, 0xf0, 0x0,
    0x6f, 0xff, 0xfe, 0x90, 0x0,

    /* U+062B "ث" */
    0x0, 0x0, 0x2f, 0x0, 0x0, 0x0, 0x0, 0xf,
    0xc0, 0x0, 0x0, 0x0, 0x3, 0xf0, 0x0, 0x0,
    0x0, 0x0, 0x0, 0x0, 0x0, 0x0, 0x2, 0xf3,
    0xf0, 0x0, 0x0, 0x0, 0xfd, 0xfc, 0x0, 0x40,
    0xd0, 0x2f, 0x3e, 0x2, 0xf0, 0xbc, 0x0, 0x0,
    0x0, 0xbc, 0x3e, 0x0, 0x0, 0x0, 0x1f, 0x4f,
    0x40, 0x0, 0x0, 0x3, 0xd3, 0xe0, 0x0, 0x0,
    0x0, 0xf4, 0xfe, 0x0, 0x0, 0x0, 0xbd, 0x2f,
    0xff, 0xff, 0xff, 0xff, 0x7, 0xff, 0xff, 0xff,
    0xff, 0xc0, 0x7f, 0xff, 0xff, 0xff, 0xc0, 0x1,
    0xbf, 0xff, 0xfa, 0x40,

    /* U+062C "ج" */
    0x7, 0xff, 0xff, 0xf8, 0x1f, 0xff, 0xff, 0xf8,
    0x2f, 0xff, 0xff, 0xf8, 0x2f, 0x55, 0x56, 0xf8,
    0x2f, 0x0, 0x6f, 0xf8, 0x0, 0xb, 0xff, 0xf8,
    0x0, 0xbf, 0xfe, 0x40, 0x7, 0xff, 0x40, 0x0,
    0xf, 0xe0, 0x0, 0x0, 0x3f, 0x0, 0x0, 0x0,
    0x3d, 0x7, 0xd0, 0x0, 0x7c, 0xb, 0xe0, 0x0,
    0x7d, 0x7, 0xd0, 0x0, 0x7e, 0x0, 0x0, 0x18,
    0x3f, 0x40, 0x1, 0xfc, 0x2f, 0xfa, 0xaf, 0xfe,
    0xf, 0xff, 0xff, 0xfd, 0x3, 0xff, 0xff, 0xe0,
    0x0, 0x6f, 0xf9, 0x0,

    /* U+062D "ح" */
    0x7, 0xff, 0xff, 0xf8, 0x1f, 0xff, 0xff, 0xf8,
    0x2f, 0xff, 0xff, 0xf8, 0x2f, 0x55, 0x56, 0xf8,
    0x2f, 0x0, 0x6f, 0xf8, 0x0, 0xb, 0xff, 0xf8,
    0x0, 0xbf, 0xfe, 0x40, 0x7, 0xff, 0x40, 0x0,
    0xf, 0xe0, 0x0, 0x0, 0x3f, 0x0, 0x0, 0x0,
    0x3d, 0x0, 0x0, 0x0, 0x7c, 0x0, 0x0, 0x0,
    0x7d, 0x0, 0x0, 0x0, 0x7e, 0x0, 0x0, 0x14,
    0x3f, 0x40, 0x0, 0xbc, 0x2f, 0xfa, 0xaf, 0xfe,
    0xf, 0xff, 0xff, 0xfd, 0x3, 0xff, 0xff, 0xe0,
    0x0, 0x6f, 0xf9, 0x0,

    /* U+062E "خ" */
    0x0, 0x0, 0x0, 0x0, 0x0, 0xb, 0xd0, 0x0,
    0x0, 0xf, 0xd0, 0x0, 0x0, 0x7, 0xc0, 0x0,
    0x0, 0x0, 0x0, 0x0, 0x0, 0x0, 0x0, 0x0,
    0x7, 0xff, 0xff, 0xf8, 0x1f, 0xff, 0xff, 0xf8,
    0x2f, 0xff, 0xff, 0xf8, 0x2f, 0x55, 0x56, 0xf8,
    0x2f, 0x0, 0x6f, 0xf8, 0x0, 0xb, 0xff, 0xf8,
    0x0, 0xbf, 0xfe, 0x40, 0x7, 0xff, 0x40, 0x0,
    0xf, 0xe0, 0x0, 0x0, 0x3f, 0x0, 0x0, 0x0,
    0x3d, 0x0, 0x0, 0x0, 0x7c, 0x0, 0x0, 0x0,
    0x7d, 0x0, 0x0, 0x0, 0x7e, 0x0, 0x0, 0x14,
    0x3f, 0x40, 0x0, 0xbc, 0x2f, 0xfa, 0xaf, 0xfe,
    0xf, 0xff, 0xff, 0xfd, 0x3, 0xff, 0xff, 0xe0,
    0x0, 0x6f, 0xf9, 0x0,

    /* U+062F "د" */
    0x0, 0x18, 0x0, 0x0, 0x3e, 0x0, 0x0, 0xff,
    0x80, 0x0, 0x7f, 0xe0, 0x0, 0x1f, 0xf4, 0x0,
    0x3, 0xfc, 0x0, 0x0, 0xfc, 0x0, 0x0, 0x7d,
    0x7d, 0x0, 0x7d, 0x7f, 0xaa, 0xfd, 0x3f, 0xff,
    0xfc, 0x3f, 0xff, 0xf4, 0xb, 0xff, 0xd0,

    /* U+0630 "ذ" */
    0x0, 0x7d, 0x0, 0x0, 0xbe, 0x0, 0x0, 0x7d,
    0x0, 0x0, 0x0, 0x0, 0x0, 0x0, 0x0, 0x0,
    0x2c, 0x0, 0x0, 0x7f, 0x0, 0x0, 0xff, 0xc0,
    0x0, 0x3f, 0xf0, 0x0, 0xf, 0xf4, 0x0, 0x3,
    0xfc, 0x0, 0x0, 0xfc, 0x0, 0x0, 0x7d, 0x7d,
    0x0, 0x7d, 0x7f, 0xaa, 0xfd, 0x3f, 0xff, 0xfc,
    0x3f, 0xff, 0xf4, 0xb, 0xff, 0xd0,

    /* U+0631 "ر" */
    0x0, 0x5, 0x0, 0xf, 0x80, 0x3, 0xf0, 0x0,
    0xbc, 0x0, 0x1f, 0x0, 0x7, 0xd0, 0x1, 0xf4,
    0x0, 0x7d, 0x0, 0x2f, 0x0, 0x1f, 0xc6, 0xbf,
    0xe1, 0xff, 0xf0, 0x7f, 0xf0, 0x1f, 0xd0, 0x0,

    /* U+0632 "ز" */
    0x0, 0x7c, 0x0, 0x2f, 0x80, 0x7, 0xd0, 0x0,
    0x0, 0x0, 0x0, 0x0, 0x6, 0x40, 0x3, 0xf0,
    0x0, 0xfc, 0x0, 0x2f, 0x0, 0x7, 0xc0, 0x1,
    0xf4, 0x0, 0x7d, 0x0, 0x1f, 0x40, 0xb, 0xc0,
    0x7, 0xf1, 0xaf, 0xf4, 0x7f, 0xfc, 0x1f, 0xfc,
    0x7, 0xf4, 0x0,

    /* U+0633 "س" */
    0x0, 0x0, 0x0, 0x0, 0x0, 0x0, 0xa4, 0x0,
    0x0, 0x0, 0x0, 0x0, 0x3, 0xe0, 0x0, 0x0,
    0xb, 0x80, 0x3e, 0xf, 0x81, 0x0, 0x0, 0x3e,
    0x0, 0xf8, 0x3e, 0x1f, 0x0, 0x0, 0xbc, 0x7,
    0xe0, 0xf8, 0xbc, 0x0, 0x2, 0xfa, 0xbf, 0xef,
    0xe3, 0xd0, 0x0, 0x7, 0xff, 0xef, 0xff, 0x4f,
    0x40, 0x0, 0x1f, 0xfe, 0x3f, 0xfc, 0x3d, 0x0,
    0x0, 0x7f, 0xe0, 0x7f, 0x80, 0xf8, 0x0, 0x2,
    0xf0, 0x0, 0x0, 0x3, 0xfd, 0x0, 0x2f, 0xc0,
    0x0, 0x0, 0x7, 0xff, 0xff, 0xfe, 0x0, 0x0,
    0x0, 0xf, 0xff, 0xff, 0xf0, 0x0, 0x0, 0x0,
    0xb, 0xff, 0xff, 0x40, 0x0, 0x0, 0x0, 0x2,
    0xff, 0x90, 0x0, 0x0, 0x0, 0x0,

    /* U+0634 "ش" */
    0x0, 0x0, 0x0, 0x0, 0x3, 0xd0, 0x0, 0x0,
    0x0, 0x0, 0x0, 0x1f, 0xc0, 0x0, 0x0, 0x0,
    0x0, 0x0, 0x3e, 0x0, 0x0, 0x0, 0x0, 0x0,
    0x0, 0x0, 0x0, 0x0, 0x0, 0x0, 0x0, 0x3e,
    0x7e, 0x0, 0x0, 0x0, 0x0, 0x1, 0xfe, 0xf8,
    0x0, 0x0, 0x0, 0x0, 0x3, 0xe3, 0xd0, 0x0,
    0x0, 0x0, 0x0, 0x0, 0x0, 0x2d, 0x0, 0x0,
    0x0, 0x0, 0x0, 0x0, 0xf8, 0x0, 0x0, 0x2,
    0xe0, 0xf, 0x83, 0xe0, 0x40, 0x0, 0xf, 0x80,
    0x3e, 0xf, 0x87, 0xc0, 0x0, 0x2f, 0x1, 0xf8,
    0x3e, 0x2f, 0x0, 0x0, 0xbe, 0xaf, 0xfb, 0xf8,
    0xf4, 0x0, 0x1, 0xff, 0xfb, 0xff, 0xd3, 0xd0,
    0x0, 0x7, 0xff, 0x8f, 0xff, 0xf, 0x40, 0x0,
    0x1f, 0xf8, 0x1f, 0xe0, 0x3e, 0x0, 0x0, 0xbc,
    0x0, 0x0, 0x0, 0xff, 0x40, 0xb, 0xf0, 0x0,
    0x0, 0x1, 0xff, 0xff, 0xff, 0x80, 0x0, 0x0,
    0x3, 0xff, 0xff, 0xfc, 0x0, 0x0, 0x0, 0x2,
    0xff, 0xff, 0xd0, 0x0, 0x0, 0x0, 0x0, 0xbf,
    0xe4, 0x0, 0x0, 0x0, 0x0,

    /* U+0635 "ص" */
    0x0, 0x0, 0x0, 0x0, 0x0, 0x1b, 0xfe, 0x0,
    0x0, 0x0, 0x0, 0x0, 0x3, 0xff, 0xff, 0x0,
    0x0, 0x0, 0x0, 0x0, 0x3f, 0xff, 0xfe, 0x0,
    0x0, 0x0, 0x0, 0x3, 0xfe, 0xab, 0xfc, 0x0,
    0x0, 0x0, 0x18, 0x2f, 0x40, 0x1, 0xf4, 0x24,
    0x0, 0x1, 0xf4, 0xf0, 0x0, 0x3, 0xd1, 0xf0,
    0x0, 0x3, 0xeb, 0x80, 0x0, 0xf, 0x4f, 0x80,
    0x0, 0xf, 0xfe, 0xaa, 0xab, 0xfd, 0x3d, 0x0,
    0x0, 0x3f, 0xff, 0xff, 0xff, 0xf0, 0xf4, 0x0,
    0x0, 0xff, 0xff, 0xff, 0xff, 0x3, 0xd0, 0x0,
    0x3, 0xff, 0xff, 0xff, 0xd0, 0xf, 0x80, 0x0,
    0x1f, 0x80, 0x0, 0x0, 0x0, 0x3f, 0xd0, 0x1,
    0xfd, 0x0, 0x0, 0x0, 0x0, 0x7f, 0xff, 0xff,
    0xf0, 0x0, 0x0, 0x0, 0x0, 0xff, 0xff, 0xff,
    0x40, 0x0, 0x0, 0x0, 0x0, 0xbf, 0xff, 0xf4,
    0x0, 0x0, 0x0, 0x0, 0x0, 0x2f, 0xf9, 0x0,
    0x0, 0x0, 0x0, 0x0,

    /* U+0636 "ض" */
    0x0, 0x0, 0x0, 0x0, 0x0, 0x0, 0x0, 0x0,
    0x0, 0x0, 0x0, 0x0, 0x0, 0x1f, 0x80, 0x0,
    0x0, 0x0, 0x0, 0x0, 0x0, 0xbe, 0x0, 0x0,
    0x0, 0x0, 0x0, 0x0, 0x0, 0xf4, 0x0, 0x0,
    0x0, 0x0, 0x0, 0x0, 0x0, 0x0, 0x0, 0x0,
    0x0, 0x0, 0x0, 0x0, 0x0, 0x0, 0x0, 0x0,
    0x0, 0x0, 0x0, 0x1, 0xbf, 0xe0, 0x0, 0x0,
    0x0, 0x0, 0x0, 0x3f, 0xff, 0xf0, 0x0, 0x0,
    0x0, 0x0, 0x3, 0xff, 0xff, 0xe0, 0x0, 0x0,
    0x0, 0x0, 0x3f, 0xea, 0xbf, 0xc0, 0x0, 0x0,
    0x1, 0x82, 0xf4, 0x0, 0x1f, 0x42, 0x40, 0x0,
    0x1f, 0x4f, 0x0, 0x0, 0x3d, 0x1f, 0x0, 0x0,
    0x3e, 0xb8, 0x0, 0x0, 0xf4, 0xf8, 0x0, 0x0,
    0xff, 0xea, 0xaa, 0xbf, 0xd3, 0xd0, 0x0, 0x3,
    0xff, 0xff, 0xff, 0xff, 0xf, 0x40, 0x0, 0xf,
    0xff, 0xff, 0xff, 0xf0, 0x3d, 0x0, 0x0, 0x3f,
    0xff, 0xff, 0xfd, 0x0, 0xf8, 0x0, 0x1, 0xf8,
    0x0, 0x0, 0x0, 0x3, 0xfd, 0x0, 0x1f, 0xd0,
    0x0, 0x0, 0x0, 0x7, 0xff, 0xff, 0xff, 0x0,
    0x0, 0x0, 0x0, 0xf, 0xff, 0xff, 0xf4, 0x0,
    0x0, 0x0, 0x0, 0xb, 0xff, 0xff, 0x40, 0x0,
    0x0, 0x0, 0x0, 0x2, 0xff, 0x90, 0x0, 0x0,
    0x0, 0x0, 0x0,

    /* U+0637 "ط" */
    0x2, 0xf0, 0x0, 0x0, 0x0, 0x2f, 0x0, 0x0,
    0x0, 0x2, 0xf0, 0x0, 0x0, 0x0, 0x2f, 0x0,
    0x0, 0x0, 0x2, 0xf0, 0x0, 0x0, 0x0, 0x2f,
    0x0, 0x0, 0x0, 0x2, 0xf0, 0x0, 0x0, 0x0,
    0x2f, 0x6, 0xff, 0x80, 0x2, 0xf2, 0xff, 0xff,
    0x0, 0x2f, 0xff, 0xff, 0xf8, 0x2, 0xff, 0xea,
    0xbf, 0xc0, 0x2f, 0xd0, 0x0, 0x7d, 0x2, 0xf4,
    0x0, 0x3, 0xd0, 0x2e, 0x0, 0x0, 0x3d, 0x2b,
    0xea, 0xaa, 0xbf, 0xd7, 0xff, 0xff, 0xff, 0xfc,
    0x7f, 0xff, 0xff, 0xff, 0x7, 0xff, 0xff, 0xff,
    0x80,

    /* U+0638 "ظ" */
    0x2, 0xf0, 0x0, 0x0, 0x0, 0x2f, 0x0, 0x0,
    0x0, 0x2, 0xf0, 0x1f, 0x80, 0x0, 0x2f, 0x2,
    0xf8, 0x0, 0x2, 0xf0, 0xf, 0x40, 0x0, 0x2f,
    0x0, 0x0, 0x0, 0x2, 0xf0, 0x0, 0x0, 0x0,
    0x2f, 0x6, 0xff, 0x80, 0x2, 0xf2, 0xff, 0xff,
    0x0, 0x2f, 0xff, 0xff, 0xf8, 0x2, 0xff, 0xea,
    0xbf, 0xc0, 0x2f, 0xd0, 0x0, 0x7d, 0x2, 0xf4,
    0x0, 0x3, 0xd0, 0x2e, 0x0, 0x0, 0x3d, 0x2b,
    0xea, 0xaa, 0xbf, 0xd7, 0xff, 0xff, 0xff, 0xfc,
    0x7f, 0xff, 0xff, 0xff, 0x7, 0xff, 0xff, 0xff,
    0x80,

    /* U+0639 "ع" */
    0x0, 0x6, 0x90, 0x0, 0x0, 0x1f, 0xff, 0x80,
    0x0, 0xf, 0xff, 0xf8, 0x0, 0xf, 0xff, 0xff,
    0x0, 0x3, 0xf0, 0x1f, 0x0, 0x1, 0xf0, 0x1,
    0x0, 0x0, 0x7c, 0x0, 0x0, 0x0, 0xf, 0x80,
    0x0, 0x0, 0x3, 0xfe, 0xaf, 0xe0, 0x0, 0x3f,
    0xff, 0xfc, 0x0, 0x3, 0xff, 0xff, 0x0, 0x2,
    0xff, 0xe5, 0x0, 0x7, 0xf9, 0x0, 0x0, 0x3,
    0xf0, 0x0, 0x0, 0x2, 0xf0, 0x0, 0x0, 0x0,
    0xf8, 0x0, 0x0, 0x0, 0x3e, 0x0, 0x0, 0x0,
    0xf, 0x80, 0x0, 0x2, 0x3, 0xf8, 0x0, 0xb,
    0xd0, 0xbf, 0xfa, 0xbf, 0xfc, 0xf, 0xff, 0xff,
    0xfe, 0x0, 0xff, 0xff, 0xfd, 0x0, 0x6, 0xff,
    0xe0, 0x0,

    /* U+063A "غ" */
    0x0, 0x7, 0xd0, 0x0, 0x0, 0x2, 0xf8, 0x0,
    0x0, 0x0, 0x7d, 0x0, 0x0, 0x0, 0x0, 0x0,
    0x0, 0x0, 0x0, 0x0, 0x0, 0x0, 0x1, 0xa4,
    0x0, 0x0, 0x7, 0xff, 0xe0, 0x0, 0x3, 0xff,
    0xfe, 0x0, 0x3, 0xff, 0xff, 0xc0, 0x0, 0xfc,
    0x7, 0xc0, 0x0, 0x7c, 0x0, 0x40, 0x0, 0x1f,
    0x0, 0x0, 0x0, 0x3, 0xe0, 0x0, 0x0, 0x0,
    0xff, 0xab, 0xf8, 0x0, 0xf, 0xff, 0xff, 0x0,
    0x0, 0xff, 0xff, 0xc0, 0x0, 0xbf, 0xf9, 0x40,
    0x1, 0xfe, 0x40, 0x0, 0x0, 0xfc, 0x0, 0x0,
    0x0, 0xbc, 0x0, 0x0, 0x0, 0x3e, 0x0, 0x0,
    0x0, 0xf, 0x80, 0x0, 0x0, 0x3, 0xe0, 0x0,
    0x0, 0x80, 0xfe, 0x0, 0x2, 0xf4, 0x2f, 0xfe,
    0xaf, 0xff, 0x3, 0xff, 0xff, 0xff, 0x80, 0x3f,
    0xff, 0xff, 0x40, 0x1, 0xbf, 0xf8, 0x0,

    /* U+063B "ػ" */
    0x0, 0x0, 0x0, 0x0, 0x0, 0x0, 0x0, 0x0,
    0x0, 0xf, 0xcf, 0x80, 0x0, 0x0, 0x0, 0x3,
    0xf7, 0xf0, 0x0, 0x0, 0x0, 0x0, 0xf8, 0xf4,
    0x0, 0x0, 0x0, 0x0, 0x0, 0x0, 0x0, 0x0,
    0x0, 0x0, 0x0, 0x0, 0x7, 0xd0, 0x0, 0x0,
    0x0, 0x0, 0xbf, 0xf4, 0x0, 0x0, 0x0, 0x1b,
    0xff, 0xfc, 0x0, 0x0, 0x0, 0x3f, 0xff, 0xe4,
    0x0, 0x0, 0x0, 0x1f, 0xfe, 0x40, 0x0, 0x0,
    0x0, 0x7, 0xe4, 0x0, 0x0, 0x0, 0x0, 0x1,
    0xd0, 0x0, 0x0, 0x0, 0x0, 0x0, 0x7f, 0x40,
    0x0, 0x3, 0x80, 0x0, 0x1f, 0xfc, 0x0, 0x2,
    0xf0, 0x0, 0x3, 0xff, 0xc0, 0x0, 0xf8, 0x0,
    0x0, 0x2f, 0xfc, 0x0, 0x3d, 0x0, 0x0, 0x0,
    0xbf, 0x40, 0xf, 0x80, 0x0, 0x0, 0x7, 0xd0,
    0x3, 0xf8, 0x0, 0x0, 0x0, 0xf4, 0x0, 0xbf,
    0xff, 0xff, 0xff, 0xfc, 0x0, 0x1f, 0xff, 0xff,
    0xff, 0xfe, 0x0, 0x1, 0xff, 0xff, 0xff, 0xfe,
    0x0, 0x0, 0x6, 0xff, 0xff, 0xe4, 0x0, 0x0,

    /* U+063C "ؼ" */
    0x0, 0x0, 0x0, 0x0, 0x0, 0x0, 0x0, 0x0,
    0x0, 0x0, 0x0, 0x7, 0xd0, 0x0, 0x0, 0x0,
    0x0, 0xbf, 0xf4, 0x0, 0x0, 0x0, 0xb, 0xff,
    0xfc, 0x0, 0x0, 0x0, 0x3f, 0xff, 0xe4, 0x0,
    0x0, 0x0, 0x1f, 0xfe, 0x40, 0x0, 0x0, 0x0,
    0x7, 0xe4, 0x0, 0x0, 0x0, 0x0, 0x1, 0xd0,
    0x0, 0x0, 0x0, 0x0, 0x0, 0x7f, 0x40, 0x0,
    0x3, 0x40, 0x0, 0x1f, 0xf8, 0x0, 0x2, 0xf0,
    0x0, 0x3, 0xff, 0xc0, 0x0, 0xf8, 0x0, 0x0,
    0x2f, 0xfc, 0x0, 0x3d, 0x0, 0x0, 0x0, 0xbf,
    0x40, 0xf, 0x80, 0x0, 0x0, 0x7, 0xd0, 0x3,
    0xf8, 0x0, 0x0, 0x0, 0xf4, 0x0, 0xbf, 0xff,
    0xff, 0xff, 0xfc, 0x0, 0x1f, 0xff, 0xff, 0xff,
    0xfe, 0x0, 0x1, 0xff, 0xff, 0xff, 0xfe, 0x0,
    0x0, 0x6, 0xff, 0xff, 0xe4, 0x0, 0x0, 0x0,
    0x0, 0x0, 0x0, 0x0, 0x0, 0x0, 0x0, 0x0,
    0x0, 0x0, 0x0, 0x0, 0x0, 0xfc, 0xf8, 0x0,
    0x0, 0x0, 0x0, 0x3f, 0x7f, 0x0, 0x0, 0x0,
    0x0, 0xf, 0x8f, 0x80, 0x0, 0x0, 0x0, 0x0,
    0x3e, 0x0, 0x0, 0x0, 0x0, 0x0, 0x1f, 0xc0,
    0x0, 0x0, 0x0, 0x0, 0x3, 0xf0, 0x0, 0x0,
    0x0, 0x0, 0x0, 0x0, 0x0, 0x0, 0x0,

    /* U+063D "ؽ" */
    0x1, 0x40, 0x0, 0x19, 0x0, 0x7, 0xf0, 0x2,
    0xff, 0xe0, 0xf, 0xf0, 0xb, 0xff, 0xf8, 0xe,
    0xb8, 0x1f, 0xff, 0xfc, 0x2d, 0x7c, 0x3f, 0x42,
    0xe0, 0x3c, 0x3d, 0x7c, 0x0, 0x40, 0x0, 0x0,
    0xbc, 0x0, 0x0, 0x2, 0x40, 0xbd, 0x0, 0x0,
    0x7, 0xc0, 0xbf, 0xe9, 0x0, 0xb, 0x80, 0x3f,
    0xff, 0xf0, 0xf, 0x40, 0x1f, 0xff, 0xf8, 0xf,
    0x40, 0x1, 0xbf, 0xfc, 0xf, 0x40, 0x0, 0x0,
    0xbc, 0xf, 0x80, 0x0, 0x0, 0xfc, 0xf, 0xf4,
    0x0, 0x7, 0xf8, 0x7, 0xff, 0xff, 0xff, 0xf0,
    0x2, 0xff, 0xff, 0xff, 0xd0, 0x0, 0xbf, 0xff,
    0xff, 0x0, 0x0, 0xb, 0xff, 0xe4, 0x0,

    /* U+063E "ؾ" */
    0x0, 0x0, 0x0, 0x19, 0x0, 0x0, 0x0, 0x2,
    0xff, 0xe0, 0x0, 0x0, 0xb, 0xff, 0xf8, 0x3e,
    0x7d, 0x1f, 0xff, 0xf8, 0x7f, 0xbe, 0x3f, 0x42,
    0xe0, 0x3e, 0x7d, 0x7c, 0x0, 0x40, 0x0, 0x0,
    0xbc, 0x0, 0x0, 0x2, 0x40, 0xbd, 0x0, 0x0,
    0x7, 0xc0, 0xbf, 0xe9, 0x0, 0xb, 0x80, 0x3f,
    0xff, 0xf0, 0xf, 0x40, 0x1f, 0xff, 0xf8, 0xf,
    0x40, 0x1, 0xbf, 0xfc, 0xf, 0x40, 0x0, 0x0,
    0xbc, 0xf, 0x80, 0x0, 0x0, 0xfc, 0xf, 0xf4,
    0x0, 0x7, 0xf8, 0x7, 0xff, 0xff, 0xff, 0xf0,
    0x2, 0xff, 0xff, 0xff, 0xd0, 0x0, 0xbf, 0xff,
    0xff, 0x0, 0x0, 0xb, 0xff, 0xe4, 0x0,

    /* U+063F "ؿ" */
    0x3, 0xd0, 0x0, 0x0, 0x0, 0x7, 0xf0, 0x0,
    0x19, 0x0, 0x7, 0xe0, 0x2, 0xff, 0xe0, 0x0,
    0x0, 0xb, 0xff, 0xf8, 0x3e, 0x7d, 0x1f, 0xff,
    0xf8, 0x7f, 0xbe, 0x3f, 0x42, 0xe0, 0x3e, 0x7d,
    0x7c, 0x0, 0x40, 0x0, 0x0, 0xbc, 0x0, 0x0,
    0x2, 0x40, 0xbd, 0x0, 0x0, 0x7, 0xc0, 0xbf,
    0xe9, 0x0, 0xb, 0x80, 0x3f, 0xff, 0xf0, 0xf,
    0x40, 0x1f, 0xff, 0xf8, 0xf, 0x40, 0x1, 0xbf,
    0xfc, 0xf, 0x40, 0x0, 0x0, 0xbc, 0xf, 0x80,
    0x0, 0x0, 0xfc, 0xf, 0xf4, 0x0, 0x7, 0xf8,
    0x7, 0xff, 0xff, 0xff, 0xf0, 0x2, 0xff, 0xff,
    0xff, 0xd0, 0x0, 0xbf, 0xff, 0xff, 0x0, 0x0,
    0xb, 0xff, 0xe4, 0x0,

    /* U+0640 "ـ" */
    0x29, 0xbe, 0xbe, 0xbd,

    /* U+0641 "ف" */
    0x0, 0x0, 0x0, 0x1, 0xf0, 0x0, 0x0, 0x0,
    0x0, 0x3f, 0x40, 0x0, 0x0, 0x0, 0x2, 0xf4,
    0x0, 0x0, 0x0, 0x0, 0x0, 0x0, 0x0, 0x0,
    0x0, 0x0, 0x0, 0x0, 0x0, 0x0, 0x0, 0x7f,
    0x80, 0x0, 0x0, 0x0, 0x1f, 0xff, 0x0, 0x0,
    0x0, 0x3, 0xff, 0xfc, 0x0, 0x0, 0x0, 0xbf,
    0xbf, 0xc0, 0x0, 0x0, 0xf, 0x80, 0xbe, 0x9,
    0x0, 0x0, 0xf4, 0x3, 0xe2, 0xf0, 0x0, 0xf,
    0xc0, 0x7f, 0x3e, 0x0, 0x0, 0xff, 0xff, 0xf3,
    0xd0, 0x0, 0x7, 0xff, 0xee, 0x3e, 0x0, 0x0,
    0x1f, 0xf2, 0xe3, 0xf4, 0x0, 0x0, 0x1, 0xbd,
    0x2f, 0xff, 0xff, 0xff, 0xff, 0xc1, 0xff, 0xff,
    0xff, 0xff, 0xf8, 0x7, 0xff, 0xff, 0xff, 0xfd,
    0x0, 0x6, 0xff, 0xff, 0xf9, 0x0,

    /* U+0642 "ق" */
    0x0, 0x0, 0x0, 0x0, 0x0, 0x0, 0x3, 0xe7,
    0xe0, 0x0, 0x0, 0x7f, 0x7f, 0x0, 0x0, 0x3,
    0xe3, 0xd0, 0x0, 0x0, 0x0, 0x0, 0x0, 0x0,
    0x0, 0x0, 0x0, 0x0, 0x0, 0xb, 0xf4, 0x0,
    0x0, 0x3, 0xff, 0xd0, 0x0, 0x0, 0xff, 0xff,
    0x0, 0x0, 0x1f, 0xeb, 0xf8, 0xe, 0x2, 0xf0,
    0xf, 0xc1, 0xf0, 0x2f, 0x0, 0x7c, 0x3e, 0x2,
    0xfe, 0xaf, 0xc3, 0xd0, 0x1f, 0xff, 0xfc, 0x3d,
    0x0, 0xff, 0xf7, 0xc3, 0xd0, 0x2, 0xfd, 0x7c,
    0x3f, 0x0, 0x0, 0xb, 0xc3, 0xfd, 0x0, 0x2,
    0xfc, 0x1f, 0xff, 0xff, 0xff, 0x40, 0xbf, 0xff,
    0xff, 0xf0, 0x2, 0xff, 0xff, 0xf8, 0x0, 0x1,
    0xbf, 0xe8, 0x0,

    /* U+0643 "ك" */
    0x0, 0x0, 0x0, 0x3, 0xe0, 0x0, 0x0, 0x0,
    0x3e, 0x0, 0x0, 0x0, 0x3, 0xe0, 0x0, 0x1,
    0x0, 0x3e, 0x0, 0x0, 0xb4, 0x3, 0xe0, 0x0,
    0x3e, 0x0, 0x3e, 0x0, 0xf, 0x40, 0x3, 0xe0,
    0x0, 0xff, 0xc0, 0x3e, 0x0, 0x6, 0xfd, 0x3,
    0xe0, 0x0, 0x7, 0xc0, 0x3e, 0x0, 0x7, 0xf4,
    0x3, 0xe0, 0x0, 0x74, 0x0, 0x3e, 0x0, 0x0,
    0x0, 0x3, 0xe0, 0x0, 0x0, 0x0, 0x7e, 0x2a,
    0xaa, 0xaa, 0xaf, 0xe3, 0xff, 0xff, 0xff, 0xfd,
    0x3f, 0xff, 0xff, 0xff, 0xc3, 0xff, 0xff, 0xff,
    0xe0,

    /* U+0644 "ل" */
    0x0, 0x0, 0x0, 0xfc, 0x0, 0x0, 0x3, 0xf0,
    0x0, 0x0, 0xf, 0xc0, 0x0, 0x0, 0x3f, 0x0,
    0x0, 0x0, 0xfc, 0x0, 0x0, 0x3, 0xf0, 0x0,
    0x0, 0xf, 0xc0, 0x0, 0x0, 0x3f, 0x0, 0x0,
    0x0, 0xfc, 0x0, 0x0, 0x3, 0xf0, 0x0, 0x0,
    0xf, 0xc0, 0x0, 0x0, 0x3f, 0x9, 0x0, 0x0,
    0xfc, 0x7c, 0x0, 0x3, 0xf3, 0xe0, 0x0, 0xf,
    0xcf, 0x40, 0x0, 0x3f, 0x3d, 0x0, 0x0, 0xfc,
    0xf4, 0x0, 0x7, 0xe3, 0xe0, 0x0, 0x2f, 0x8f,
    0xe0, 0x1, 0xfd, 0x2f, 0xff, 0xff, 0xf0, 0x3f,
    0xff, 0xff, 0x40, 0x3f, 0xff, 0xf4, 0x0, 0x1b,
    0xf9, 0x0,

    /* U+0645 "م" */
    0x0, 0xb, 0xf8, 0x0, 0x3, 0xff, 0xf0, 0x0,
    0xff, 0xff, 0xc0, 0x1f, 0xfb, 0xfd, 0x1, 0xf8,
    0x7, 0xe0, 0x1, 0x0, 0x2f, 0x0, 0x6a, 0xab,
    0xf0, 0x7f, 0xff, 0xff, 0xf, 0xff, 0xff, 0xf2,
    0xff, 0xff, 0xff, 0x3f, 0x40, 0x0, 0x3, 0xf0,
    0x0, 0x0, 0x3f, 0x0, 0x0, 0x3, 0xf0, 0x0,
    0x0, 0x3f, 0x0, 0x0, 0x3, 0xf0, 0x0, 0x0,
    0x3f, 0x0, 0x0, 0x3, 0xf0, 0x0, 0x0,

    /* U+0646 "ن" */
    0x0, 0x0, 0x0, 0x0, 0x0, 0x3, 0xe0, 0x0,
    0x0, 0x7, 0xf0, 0x0, 0x0, 0x3, 0xe0, 0x18,
    0x0, 0x0, 0x0, 0xbc, 0x9, 0x0, 0x0, 0x7d,
    0x1f, 0x0, 0x0, 0x3e, 0x2e, 0x0, 0x0, 0x3e,
    0x3d, 0x0, 0x0, 0x3e, 0x3d, 0x0, 0x0, 0x3e,
    0x3d, 0x0, 0x0, 0x3e, 0x3e, 0x0, 0x0, 0x7e,
    0x3f, 0xd0, 0x1, 0xfd, 0x1f, 0xff, 0xff, 0xfc,
    0xf, 0xff, 0xff, 0xf4, 0x2, 0xff, 0xff, 0xd0,
    0x0, 0x2f, 0xf9, 0x0,

    /* U+0647 "ه" */
    0x2, 0xff, 0x0, 0x2f, 0xff, 0x1, 0xff, 0xfe,
    0xf, 0xd3, 0xfc, 0x3d, 0x2, 0xf5, 0xf0, 0x3,
    0xe7, 0xc0, 0xf, 0x9f, 0xea, 0xfd, 0x3f, 0xff,
    0xf0, 0x7f, 0xff, 0x40, 0x2f, 0xe0, 0x0,

    /* U+0648 "و" */
    0x1, 0xfe, 0x0, 0x2f, 0xff, 0x1, 0xff, 0xff,
    0xf, 0xfb, 0xfc, 0x3e, 0x1, 0xf4, 0xf4, 0x3,
    0xe3, 0xfa, 0xaf, 0x8f, 0xff, 0xfe, 0x1f, 0xff,
    0xb8, 0x1f, 0xe3, 0xd0, 0x0, 0x2f, 0x0, 0x7,
    0xfc, 0x7f, 0xff, 0xd1, 0xff, 0xfd, 0x7, 0xff,
    0xd0, 0xa, 0x90, 0x0,

    /* U+0649 "ى" */
    0x0, 0x0, 0x0, 0x64, 0x0, 0x0, 0x0, 0x2f,
    0xfe, 0x0, 0x0, 0x2, 0xff, 0xfe, 0x0, 0x0,
    0x1f, 0xff, 0xfc, 0x0, 0x0, 0xfd, 0xb, 0x80,
    0x0, 0x7, 0xc0, 0x4, 0x0, 0x0, 0x2f, 0x0,
    0x0, 0x1, 0x0, 0xbd, 0x0, 0x0, 0x1f, 0x2,
    0xff, 0xa4, 0x0, 0xb8, 0x3, 0xff, 0xff, 0x3,
    0xd0, 0x7, 0xff, 0xfe, 0xf, 0x40, 0x1, 0xbf,
    0xfc, 0x3d, 0x0, 0x0, 0x2, 0xf0, 0xf8, 0x0,
    0x0, 0xf, 0xc3, 0xfd, 0x0, 0x1, 0xfe, 0x7,
    0xff, 0xff, 0xff, 0xf0, 0xb, 0xff, 0xff, 0xff,
    0x40, 0xb, 0xff, 0xff, 0xf0, 0x0, 0x2, 0xff,
    0xf9, 0x0, 0x0,

    /* U+064A "ي" */
    0x0, 0x0, 0x0, 0x64, 0x0, 0x0, 0x0, 0x2f,
    0xfe, 0x0, 0x0, 0x2, 0xff, 0xfe, 0x0, 0x0,
    0x1f, 0xff, 0xfc, 0x0, 0x0, 0xfd, 0xb, 0x80,
    0x0, 0x7, 0xc0, 0x4, 0x0, 0x0, 0x2f, 0x0,
    0x0, 0x2, 0x0, 0xbd, 0x0, 0x0, 0x1f, 0x1,
    0xff, 0xe4, 0x0, 0xb8, 0x3, 0xff, 0xff, 0x3,
    0xd0, 0x7, 0xff, 0xfe, 0xf, 0x40, 0x1, 0xbf,
    0xfc, 0x3d, 0x0, 0x0, 0x2, 0xf0, 0xfc, 0x0,
    0x0, 0xf, 0xc3, 0xfd, 0x0, 0x2, 0xfd, 0x7,
    0xff, 0xff, 0xff, 0xf0, 0xb, 0xff, 0xff, 0xff,
    0x40, 0x7, 0xff, 0xff, 0xe0, 0x0, 0x1, 0xbf,
    0xe4, 0x0, 0x0, 0x0, 0x0, 0x0, 0x0, 0x0,
    0x0, 0x0, 0x0, 0x0, 0x0, 0x7e, 0x7d, 0x0,
    0x0, 0x1, 0xfa, 0xf8, 0x0, 0x0, 0x3, 0xd7,
    0xc0, 0x0,

    /* U+064B "ً" */
    0x0, 0x10, 0x7, 0xd1, 0xfe, 0x3f, 0x80, 0x50,
    0x20, 0xb, 0xd7, 0xf9, 0x2e, 0x0, 0x0, 0x0,

    /* U+064C "ٌ" */
    0x0, 0x3e, 0x0, 0x2f, 0xe2, 0xde, 0x3c, 0xbe,
    0xee, 0xa, 0x7f, 0x2, 0xfe, 0x0, 0x74, 0x0,
    0x0, 0x0,

    /* U+064D "ٍ" */
    0x0, 0x20, 0xb, 0xd7, 0xf9, 0x2e, 0x0, 0x0,
    0x70, 0x2f, 0xdb, 0xf4, 0x2d, 0x0, 0x0, 0x0,

    /* U+064E "َ" */
    0x0, 0x20, 0xb, 0xd7, 0xf9, 0x2e, 0x0, 0x0,
    0x0,

    /* U+064F "ُ" */
    0x2, 0x90, 0x3f, 0xd0, 0xe3, 0x83, 0xde, 0x7,
    0xf0, 0xbf, 0xf, 0xd0, 0x0, 0x0,

    /* U+0650 "ِ" */
    0x0, 0x20, 0xb, 0xd7, 0xf9, 0x2e, 0x0, 0x0,
    0x0,

    /* U+0651 "ّ" */
    0x0, 0x4, 0x2, 0x6c, 0xb3, 0xac, 0xf7, 0xfc,
    0xbd, 0xf4, 0x78, 0x0,

    /* U+0652 "ْ" */
    0x1f, 0x83, 0xfe, 0xb4, 0xfb, 0x4f, 0x3f, 0xe1,
    0xf8,

    /* U+0653 "ٓ" */
    0x0, 0x0, 0x29, 0xe, 0xbf, 0xfe, 0xfb, 0xf8,

    /* U+0654 "ٔ" */
    0xf, 0xc3, 0xfe, 0x38, 0x83, 0x80, 0xbf, 0xff,
    0xff,

    /* U+0655 "ٕ" */
    0xf, 0xc3, 0xfe, 0x38, 0x83, 0x80, 0xbf, 0xff,
    0xff,

    /* U+0656 "ٖ" */
    0x11, 0xd7, 0x5d, 0x74,

    /* U+0657 "ٗ" */
    0x0, 0x0, 0x1, 0xe0, 0x7f, 0x4f, 0xd0, 0x7b,
    0xc2, 0xcb, 0xb, 0xfc, 0xb, 0xc0,

    /* U+0658 "٘" */
    0x0, 0x0, 0x41, 0xcb, 0x3, 0x2c, 0x1c, 0xbf,
    0xf0, 0xbf, 0x0,

    /* U+0659 "ٙ" */
    0xbf, 0xff, 0xff,

    /* U+065A "ٚ" */
    0x50, 0x15, 0xf1, 0xe3, 0xcf, 0xb, 0xbc, 0x1f,
    0xd0, 0x3f, 0x0,

    /* U+065B "ٛ" */
    0x5, 0x40, 0x3f, 0x1, 0xfe, 0xf, 0x7c, 0x3c,
    0xf6, 0xd2, 0xe0,

    /* U+065C "ٜ" */
    0x0, 0xbd, 0xbe, 0x7c,

    /* U+065D "ٝ" */
    0xa, 0x0, 0x3f, 0xc0, 0x75, 0xc0, 0x77, 0xc0,
    0x3f, 0x80, 0xb, 0xe4, 0x0, 0xbc, 0x0, 0x4,

    /* U+065E "ٞ" */
    0x0, 0x0, 0xe1, 0xc3, 0x6f, 0x2, 0xf0, 0x2e,
    0x70, 0xe1, 0xc0, 0x0, 0x0,

    /* U+065F "ٟ" */
    0x1, 0xf8, 0x7, 0xfd, 0xb, 0x44, 0x7, 0x40,
    0x3f, 0xfe, 0xbf, 0xfe, 0xb0, 0x0,

    /* U+0660 "٠" */
    0x1a, 0x2f, 0xef, 0xfe, 0xff, 0x3f, 0x0,

    /* U+0661 "١" */
    0x69, 0x1f, 0x47, 0xe1, 0xf8, 0x7e, 0xf, 0x83,
    0xf0, 0xfc, 0x3f, 0xf, 0xc3, 0xf0, 0xfc, 0x3f,
    0xb, 0xc2, 0xf4,

    /* U+0662 "٢" */
    0x68, 0x0, 0x62, 0xf4, 0x7, 0xd7, 0xe0, 0xf,
    0x9f, 0x80, 0x3e, 0x7f, 0xab, 0xf8, 0xff, 0xff,
    0xc3, 0xff, 0xfe, 0xf, 0xff, 0xd0, 0x3f, 0x0,
    0x0, 0xfc, 0x0, 0x3, 0xf0, 0x0, 0xf, 0xc0,
    0x0, 0x3f, 0x0, 0x0, 0xbc, 0x0, 0x2, 0xf4,
    0x0, 0x0,

    /* U+0663 "٣" */
    0x68, 0x0, 0x1, 0x9b, 0xd0, 0x64, 0x3d, 0x7e,
    0xf, 0xc3, 0xe7, 0xe0, 0xfc, 0x3e, 0x7f, 0xbf,
    0xc7, 0xe3, 0xff, 0xff, 0xfd, 0x3f, 0xf3, 0xff,
    0xc3, 0xfd, 0x2f, 0xf8, 0x3f, 0x0, 0x69, 0x3,
    0xf0, 0x0, 0x0, 0x3f, 0x0, 0x0, 0x3, 0xf0,
    0x0, 0x0, 0x3f, 0x0, 0x0, 0x2, 0xf0, 0x0,
    0x0, 0x2f, 0x40, 0x0, 0x0,

    /* U+0664 "٤" */
    0x0, 0x0, 0x0, 0x0, 0x6, 0xb8, 0x0, 0x1f,
    0xff, 0x0, 0x2f, 0xff, 0xc0, 0xf, 0xff, 0xa0,
    0x3, 0xf4, 0x0, 0x0, 0xfc, 0x0, 0x0, 0x2f,
    0xff, 0xc0, 0x2, 0xff, 0xf0, 0x1, 0xbf, 0xfc,
    0x2, 0xfa, 0xa9, 0x0, 0xf8, 0x0, 0x10, 0x3f,
    0xea, 0xfc, 0xf, 0xff, 0xff, 0x81, 0xff, 0xff,
    0xe0, 0xb, 0xff, 0x80,

    /* U+0665 "٥" */
    0x0, 0x7f, 0x90, 0x0, 0xff, 0xfe, 0x0, 0xff,
    0xff, 0xd0, 0xbf, 0xef, 0xfc, 0x3f, 0x40, 0x3f,
    0x4f, 0x80, 0x3, 0xe7, 0xd0, 0x0, 0xfc, 0xf4,
    0x0, 0x3f, 0x3f, 0x0, 0x1f, 0x8f, 0xfa, 0xbf,
    0xd1, 0xff, 0xff, 0xf0, 0x2f, 0xff, 0xf0, 0x0,
    0xbf, 0xd0, 0x0,

    /* U+0666 "٦" */
    0x6a, 0xa9, 0x2, 0xff, 0xff, 0x4b, 0xff, 0xff,
    0x2f, 0xff, 0xfc, 0x0, 0x3, 0xf0, 0x0, 0xf,
    0xc0, 0x0, 0x2f, 0x0, 0x0, 0xbd, 0x0, 0x2,
    0xf4, 0x0, 0xb, 0xd0, 0x0, 0x1f, 0x40, 0x0,
    0x7e, 0x0, 0x1, 0xf8, 0x0, 0x7, 0xe0, 0x0,
    0xf, 0x80,

    /* U+0667 "٧" */
    0x69, 0x0, 0xa, 0x4b, 0xf0, 0x2, 0xfc, 0x7f,
    0x40, 0x3f, 0x43, 0xf8, 0x3, 0xf0, 0x3f, 0xc0,
    0x7f, 0x1, 0xfc, 0xb, 0xe0, 0xf, 0xd0, 0xfc,
    0x0, 0xfe, 0xf, 0xc0, 0xb, 0xf1, 0xf8, 0x0,
    0x3f, 0x2f, 0x40, 0x3, 0xf7, 0xf0, 0x0, 0x2f,
    0xfe, 0x0, 0x1, 0xff, 0xd0, 0x0, 0xf, 0xfc,
    0x0, 0x0, 0xbf, 0x80, 0x0,

    /* U+0668 "٨" */
    0x0, 0x6a, 0x40, 0x0, 0xf, 0xfc, 0x0, 0x0,
    0xff, 0xc0, 0x0, 0x1f, 0xfe, 0x0, 0x2, 0xfb,
    0xf0, 0x0, 0x3f, 0x3f, 0x0, 0x7, 0xe3, 0xf4,
    0x0, 0xbd, 0x2f, 0xc0, 0xf, 0xc1, 0xfc, 0x1,
    0xfc, 0xf, 0xd0, 0x2f, 0x80, 0xfe, 0x3, 0xf4,
    0xb, 0xf0, 0x3f, 0x0, 0x7f, 0x4b, 0xf0, 0x3,
    0xf8, 0xfe, 0x0, 0x3f, 0xc0,

    /* U+0669 "٩" */
    0x1, 0xfe, 0x40, 0xb, 0xff, 0xd0, 0x1f, 0xff,
    0xf0, 0x3f, 0xef, 0xf8, 0x3e, 0x2, 0xfc, 0x3d,
    0x0, 0xfc, 0x3f, 0xaa, 0xfc, 0x3f, 0xff, 0xfd,
    0x1f, 0xff, 0xbd, 0x7, 0xf8, 0x7d, 0x0, 0x0,
    0x7d, 0x0, 0x0, 0x7e, 0x0, 0x0, 0x7e, 0x0,
    0x0, 0x3e, 0x0, 0x0, 0x3e,

    /* U+066A "٪" */
    0x2f, 0x80, 0xb, 0xe3, 0xfd, 0x1, 0xfc, 0x3f,
    0xd0, 0x3f, 0x3, 0xfc, 0xb, 0xd0, 0xa, 0x41,
    0xfc, 0x0, 0x0, 0x3f, 0x0, 0x0, 0xb, 0xd0,
    0x0, 0x1, 0xfc, 0x0, 0x0, 0x3f, 0x0, 0x0,
    0xf, 0xd0, 0x0, 0x1, 0xf8, 0xa, 0x40, 0x3f,
    0x3, 0xfd, 0xf, 0xd0, 0x3f, 0xe1, 0xf8, 0x3,
    0xfe, 0x3f, 0x0, 0x1f, 0xc0,

    /* U+066B "٫" */
    0x6, 0x40, 0xfe, 0x1f, 0xf0, 0xfe, 0x7, 0xe0,
    0x3c, 0xf, 0x82, 0xe0,

    /* U+066C "٬" */
    0x0, 0x0, 0xe, 0x40, 0x1f, 0xf8, 0x2f, 0xf4,
    0x3f, 0xf0, 0x3f, 0xc0, 0x7f, 0x80, 0x6, 0x0,

    /* U+066D "٭" */
    0x0, 0x1f, 0x80, 0x0, 0x1, 0xf8, 0x0, 0x0,
    0xf, 0x80, 0x2, 0xd0, 0xf8, 0x6c, 0x3f, 0xef,
    0xff, 0xd3, 0xff, 0xff, 0xfd, 0x1, 0xbf, 0xf4,
    0x0, 0x7, 0xff, 0x0, 0x0, 0xfe, 0xf8, 0x0,
    0x3f, 0x4f, 0xd0, 0xb, 0xe0, 0x7f, 0x0, 0x1c,
    0x2, 0x80, 0x0, 0x0, 0x0, 0x0,

    /* U+066E "ٮ" */
    0x0, 0x0, 0x0, 0x0, 0x1, 0x3, 0x40, 0x0,
    0x0, 0xb, 0xc2, 0xf0, 0x0, 0x0, 0x2, 0xf0,
    0xf8, 0x0, 0x0, 0x0, 0x7d, 0x3d, 0x0, 0x0,
    0x0, 0xf, 0x4f, 0x80, 0x0, 0x0, 0x3, 0xd3,
    0xf8, 0x0, 0x0, 0x2, 0xf4, 0xbf, 0xff, 0xff,
    0xff, 0xfc, 0x1f, 0xff, 0xff, 0xff, 0xff, 0x1,
    0xff, 0xff, 0xff, 0xff, 0x0, 0x6, 0xff, 0xff,
    0xe9, 0x0,

    /* U+066F "ٯ" */
    0x0, 0x0, 0xb, 0xf4, 0x0, 0x0, 0x3, 0xff,
    0xd0, 0x0, 0x0, 0xff, 0xff, 0x0, 0x0, 0x1f,
    0xeb, 0xf8, 0xe, 0x2, 0xf0, 0xf, 0xc1, 0xf0,
    0x2f, 0x0, 0x7c, 0x3e, 0x2, 0xfe, 0xaf, 0xc3,
    0xd0, 0x1f, 0xff, 0xfc, 0x3d, 0x0, 0xff, 0xf7,
    0xc3, 0xd0, 0x2, 0xfd, 0x7c, 0x3f, 0x0, 0x0,
    0xb, 0xc3, 0xfd, 0x0, 0x2, 0xfc, 0x1f, 0xff,
    0xff, 0xff, 0x40, 0xbf, 0xff, 0xff, 0xf0, 0x2,
    0xff, 0xff, 0xf8, 0x0, 0x1, 0xbf, 0xe8, 0x0,

    /* U+0670 "ٰ" */
    0x11, 0xd7, 0x5d, 0x74,

    /* U+0671 "ٱ" */
    0x0, 0x0, 0x0, 0x7f, 0x40, 0x3f, 0xf0, 0x7d,
    0x3c, 0x7f, 0xff, 0x2e, 0xff, 0x0, 0x0, 0x0,
    0x0, 0x0, 0x7, 0xd0, 0x1, 0xf8, 0x0, 0x7e,
    0x0, 0x1f, 0x80, 0x7, 0xe0, 0x1, 0xf8, 0x0,
    0x7e, 0x0, 0x1f, 0x80, 0x7, 0xe0, 0x1, 0xf8,
    0x0, 0x7e, 0x0, 0x1f, 0x80, 0x7, 0xe0, 0x1,
    0xf8, 0x0, 0x7e, 0x0,

    /* U+0672 "ٲ" */
    0x0, 0x0, 0x0, 0x3f, 0x80, 0x2f, 0xf0, 0xb,
    0x0, 0x1f, 0xff, 0x4f, 0xff, 0xd3, 0x80, 0x0,
    0x0, 0x0, 0x1, 0xf4, 0x0, 0x7e, 0x0, 0x1f,
    0x80, 0x7, 0xe0, 0x1, 0xf8, 0x0, 0x7e, 0x0,
    0x1f, 0x80, 0x7, 0xe0, 0x1, 0xf8, 0x0, 0x7e,
    0x0, 0x1f, 0x80, 0x7, 0xe0, 0x1, 0xf8, 0x0,
    0x7e, 0x0, 0x1f, 0x80,

    /* U+0673 "ٳ" */
    0xb, 0xd0, 0xb, 0xd0, 0xb, 0xd0, 0xb, 0xd0,
    0xb, 0xd0, 0xb, 0xd0, 0xb, 0xd0, 0xb, 0xd0,
    0xb, 0xd0, 0xb, 0xd0, 0xb, 0xd0, 0xb, 0xd0,
    0xb, 0xd0, 0xb, 0xd0, 0xb, 0xd0, 0xb, 0xd0,
    0xb, 0xd0, 0xb, 0xd0, 0x0, 0x0, 0x2, 0xf8,
    0x7, 0xfc, 0x7, 0x40, 0x7f, 0xfe, 0xbf, 0xfe,
    0xb0, 0x0,

    /* U+0674 "ٴ" */
    0xb, 0xe0, 0x7f, 0xc2, 0xd5, 0x7, 0x40, 0x7f,
    0xf5, 0xff, 0xd0,

    /* U+0675 "ٵ" */
    0x0, 0x0, 0x0, 0x0, 0x7f, 0x8b, 0xd3, 0xfd,
    0x2f, 0x4f, 0x0, 0xbd, 0xbf, 0xf2, 0xf6, 0xff,
    0xcb, 0xd0, 0x0, 0x2f, 0x40, 0x0, 0xbd, 0x0,
    0x2, 0xf4, 0x0, 0xb, 0xd0, 0x0, 0x2f, 0x40,
    0x0, 0xbd, 0x0, 0x2, 0xf4, 0x0, 0xb, 0xd0,
    0x0, 0x2f, 0x40, 0x0, 0xbd, 0x0, 0x2, 0xf4,
    0x0, 0xb, 0xd0, 0x0, 0x2f, 0x40, 0x0,

    /* U+0676 "ٶ" */
    0x0, 0x2, 0xf4, 0x0, 0xb, 0xfc, 0x0, 0xb,
    0x54, 0x0, 0x7, 0x0, 0x0, 0x1f, 0xfd, 0x0,
    0x1f, 0xfd, 0x0, 0x0, 0x0, 0x0, 0x0, 0x0,
    0x1, 0xfe, 0x0, 0xb, 0xff, 0xc0, 0x1f, 0xff,
    0xf0, 0x3f, 0xef, 0xf0, 0x3e, 0x1, 0xf4, 0x3d,
    0x0, 0xf8, 0x3f, 0xaa, 0xf8, 0x3f, 0xff, 0xf8,
    0x1f, 0xff, 0xb8, 0x7, 0xf8, 0xf4, 0x0, 0x2,
    0xf0, 0x0, 0x1f, 0xf0, 0x7f, 0xff, 0xd0, 0x7f,
    0xff, 0x40, 0x7f, 0xfd, 0x0, 0x2a, 0x40, 0x0,

    /* U+0677 "ٷ" */
    0x2, 0xf0, 0x2f, 0x40, 0xbf, 0x8b, 0xfc, 0xf,
    0x2c, 0xb5, 0x40, 0x7f, 0x87, 0x0, 0x7, 0xf1,
    0xff, 0xd7, 0xf8, 0x1f, 0xfd, 0x78, 0x0, 0x0,
    0x0, 0x0, 0x0, 0x0, 0x0, 0x1f, 0xe0, 0x0,
    0xb, 0xff, 0xc0, 0x1, 0xff, 0xff, 0x0, 0x3f,
    0xef, 0xf0, 0x3, 0xe0, 0x1f, 0x40, 0x3d, 0x0,
    0xf8, 0x3, 0xfa, 0xaf, 0x80, 0x3f, 0xff, 0xf8,
    0x1, 0xff, 0xfb, 0x80, 0x7, 0xf8, 0xf4, 0x0,
    0x0, 0x2f, 0x0, 0x0, 0x1f, 0xf0, 0x7, 0xff,
    0xfd, 0x0, 0x7f, 0xff, 0x40, 0x7, 0xff, 0xd0,
    0x0, 0x2a, 0x40, 0x0,

    /* U+0678 "ٸ" */
    0x0, 0x0, 0x0, 0x0, 0x0, 0x0, 0x0, 0x3,
    0xf8, 0x0, 0x0, 0x0, 0x2f, 0xf0, 0x0, 0x0,
    0x0, 0xb0, 0x0, 0x0, 0x0, 0x7, 0xff, 0x40,
    0x0, 0x0, 0x1f, 0xfd, 0x0, 0x0, 0x0, 0x0,
    0x0, 0x0, 0x0, 0x0, 0x0, 0x0, 0x0, 0x0,
    0x0, 0x64, 0x0, 0x0, 0x0, 0x2f, 0xfe, 0x0,
    0x0, 0x2, 0xff, 0xfe, 0x0, 0x0, 0x1f, 0xff,
    0xfc, 0x0, 0x0, 0xfd, 0xb, 0x80, 0x0, 0x7,
    0xc0, 0x4, 0x0, 0x0, 0x2f, 0x0, 0x0, 0x1,
    0x0, 0xbd, 0x0, 0x0, 0x1f, 0x2, 0xff, 0xa4,
    0x0, 0xb8, 0x3, 0xff, 0xff, 0x3, 0xd0, 0x7,
    0xff, 0xfe, 0xf, 0x40, 0x1, 0xbf, 0xfc, 0x3d,
    0x0, 0x0, 0x2, 0xf0, 0xf8, 0x0, 0x0, 0xf,
    0xc3, 0xfd, 0x0, 0x1, 0xfe, 0x7, 0xff, 0xff,
    0xff, 0xf0, 0xb, 0xff, 0xff, 0xff, 0x40, 0xb,
    0xff, 0xff, 0xf0, 0x0, 0x2, 0xff, 0xf9, 0x0,
    0x0,

    /* U+0679 "ٹ" */
    0x0, 0x0, 0xf0, 0x0, 0x0, 0x0, 0x0, 0x3c,
    0x0, 0x0, 0x0, 0x0, 0xf, 0xb8, 0x0, 0x0,
    0x0, 0x3, 0xff, 0x80, 0x0, 0x0, 0x0, 0xe0,
    0x70, 0x0, 0x0, 0x0, 0xff, 0xfc, 0x0, 0x40,
    0xd0, 0x3f, 0xfc, 0x2, 0xf0, 0xbc, 0x0, 0x0,
    0x0, 0xbc, 0x3e, 0x0, 0x0, 0x0, 0x1f, 0x4f,
    0x40, 0x0, 0x0, 0x3, 0xd3, 0xe0, 0x0, 0x0,
    0x0, 0xf4, 0xfe, 0x0, 0x0, 0x0, 0xbd, 0x2f,
    0xff, 0xff, 0xff, 0xff, 0x7, 0xff, 0xff, 0xff,
    0xff, 0xc0, 0x7f, 0xff, 0xff, 0xff, 0xc0, 0x1,
    0xbf, 0xff, 0xfa, 0x40,

    /* U+067A "ٺ" */
    0x0, 0x0, 0x2f, 0x0, 0x0, 0x0, 0x0, 0xf,
    0xc0, 0x0, 0x0, 0x0, 0x3, 0xf0, 0x0, 0x0,
    0x0, 0x0, 0x10, 0x0, 0x0, 0x0, 0x0, 0x3f,
    0x0, 0x0, 0x0, 0x0, 0xf, 0xc0, 0x0, 0x40,
    0xd0, 0x2, 0xf0, 0x2, 0xf0, 0xbc, 0x0, 0x0,
    0x0, 0xbc, 0x3e, 0x0, 0x0, 0x0, 0x1f, 0x4f,
    0x40, 0x0, 0x0, 0x3, 0xd3, 0xe0, 0x0, 0x0,
    0x0, 0xf4, 0xfe, 0x0, 0x0, 0x0, 0xbd, 0x2f,
    0xff, 0xff, 0xff, 0xff, 0x7, 0xff, 0xff, 0xff,
    0xff, 0xc0, 0x7f, 0xff, 0xff, 0xff, 0xc0, 0x1,
    0xbf, 0xff, 0xfa, 0x40,

    /* U+067B "ٻ" */
    0x0, 0x0, 0x0, 0x0, 0x1, 0x3, 0x40, 0x0,
    0x0, 0xb, 0xc2, 0xf0, 0x0, 0x0, 0x2, 0xf0,
    0xf8, 0x0, 0x0, 0x0, 0x7d, 0x3d, 0x0, 0x0,
    0x0, 0xf, 0x4f, 0x80, 0x0, 0x0, 0x3, 0xd3,
    0xf8, 0x0, 0x0, 0x2, 0xf4, 0xbf, 0xff, 0xff,
    0xff, 0xfc, 0x1f, 0xff, 0xff, 0xff, 0xff, 0x1,
    0xff, 0xff, 0xff, 0xff, 0x0, 0x6, 0xff, 0xff,
    0xe9, 0x0, 0x0, 0x0, 0x0, 0x0, 0x0, 0x0,
    0x0, 0x2f, 0x0, 0x0, 0x0, 0x0, 0xf, 0xc0,
    0x0, 0x0, 0x0, 0x3, 0xf0, 0x0, 0x0, 0x0,
    0x0, 0x10, 0x0, 0x0, 0x0, 0x0, 0x3f, 0x0,
    0x0, 0x0, 0x0, 0xf, 0xc0, 0x0, 0x0, 0x0,
    0x2, 0xf0, 0x0, 0x0,

    /* U+067C "ټ" */
    0x0, 0x0, 0x0, 0x0, 0x0, 0x0, 0x0, 0xbc,
    0xfc, 0x0, 0x0, 0x0, 0x3f, 0x7f, 0x0, 0x10,
    0x34, 0xb, 0xcf, 0x80, 0xbc, 0x2f, 0x0, 0x0,
    0x0, 0x2f, 0xf, 0x80, 0x0, 0x0, 0x7, 0xd3,
    0xd0, 0x0, 0x0, 0x0, 0xf4, 0xf8, 0x0, 0x0,
    0x0, 0x3d, 0x3f, 0x40, 0x0, 0x0, 0x1f, 0x4f,
    0xff, 0xff, 0xff, 0xff, 0xd1, 0xff, 0xff, 0xff,
    0xff, 0xf0, 0x1f, 0xff, 0xff, 0xff, 0xf4, 0x0,
    0x6f, 0xff, 0xff, 0x90, 0x0, 0x0, 0x2c, 0x3c,
    0x0, 0x0, 0x0, 0xb, 0xb, 0x0, 0x0, 0x0,
    0x1, 0xff, 0x80, 0x0, 0x0, 0x0, 0x1f, 0x80,
    0x0, 0x0,

    /* U+067D "ٽ" */
    0x0, 0x2, 0xf3, 0xe0, 0x0, 0x0, 0x0, 0xfd,
    0xfc, 0x0, 0x0, 0x0, 0x3f, 0x3f, 0x0, 0x0,
    0x0, 0x0, 0x0, 0x0, 0x0, 0x0, 0x0, 0x3f,
    0x0, 0x0, 0x0, 0x0, 0xf, 0xc0, 0x0, 0x40,
    0xd0, 0x2, 0xf0, 0x2, 0xf0, 0xbc, 0x0, 0x0,
    0x0, 0xbc, 0x3e, 0x0, 0x0, 0x0, 0x1f, 0x4f,
    0x40, 0x0, 0x0, 0x3, 0xd3, 0xe0, 0x0, 0x0,
    0x0, 0xf4, 0xfe, 0x0, 0x0, 0x0, 0xbd, 0x2f,
    0xff, 0xff, 0xff, 0xff, 0x7, 0xff, 0xff, 0xff,
    0xff, 0xc0, 0x7f, 0xff, 0xff, 0xff, 0xc0, 0x1,
    0xbf, 0xff, 0xfa, 0x40,

    /* U+067E "پ" */
    0x0, 0x0, 0x0, 0x0, 0x1, 0x3, 0x40, 0x0,
    0x0, 0xb, 0xc2, 0xf0, 0x0, 0x0, 0x2, 0xf0,
    0xf8, 0x0, 0x0, 0x0, 0x7d, 0x3d, 0x0, 0x0,
    0x0, 0xf, 0x4f, 0x80, 0x0, 0x0, 0x3, 0xd3,
    0xf8, 0x0, 0x0, 0x2, 0xf4, 0xbf, 0xff, 0xff,
    0xff, 0xfc, 0x1f, 0xff, 0xff, 0xff, 0xff, 0x1,
    0xff, 0xff, 0xff, 0xff, 0x0, 0x6, 0xff, 0xff,
    0xe9, 0x0, 0x0, 0x0, 0x0, 0x0, 0x0, 0x0,
    0x0, 0x0, 0x0, 0x0, 0x0, 0x0, 0xbc, 0xfc,
    0x0, 0x0, 0x0, 0x3f, 0x7f, 0x0, 0x0, 0x0,
    0xb, 0xcf, 0x80, 0x0, 0x0, 0x0, 0x2f, 0x0,
    0x0, 0x0, 0x0, 0xf, 0xc0, 0x0, 0x0, 0x0,
    0x3, 0xf0, 0x0, 0x0, 0x0, 0x0, 0x0, 0x0,
    0x0,

    /* U+067F "ٿ" */
    0x0, 0x2, 0xf3, 0xe0, 0x0, 0x0, 0x0, 0xfd,
    0xfc, 0x0, 0x0, 0x0, 0x3f, 0x3f, 0x0, 0x0,
    0x0, 0x1, 0x1, 0x0, 0x0, 0x0, 0x2, 0xf3,
    0xf0, 0x0, 0x0, 0x0, 0xfd, 0xfc, 0x0, 0x40,
    0xd0, 0x2f, 0x3e, 0x2, 0xf0, 0xbc, 0x0, 0x0,
    0x0, 0xbc, 0x3e, 0x0, 0x0, 0x0, 0x1f, 0x4f,
    0x40, 0x0, 0x0, 0x3, 0xd3, 0xe0, 0x0, 0x0,
    0x0, 0xf4, 0xfe, 0x0, 0x0, 0x0, 0xbd, 0x2f,
    0xff, 0xff, 0xff, 0xff, 0x7, 0xff, 0xff, 0xff,
    0xff, 0xc0, 0x7f, 0xff, 0xff, 0xff, 0xc0, 0x1,
    0xbf, 0xff, 0xfa, 0x40,

    /* U+0680 "ڀ" */
    0x0, 0x0, 0x0, 0x0, 0x1, 0x3, 0x40, 0x0,
    0x0, 0xb, 0xc2, 0xf0, 0x0, 0x0, 0x2, 0xf0,
    0xf8, 0x0, 0x0, 0x0, 0x7d, 0x3d, 0x0, 0x0,
    0x0, 0xf, 0x4f, 0x80, 0x0, 0x0, 0x3, 0xd3,
    0xf8, 0x0, 0x0, 0x2, 0xf4, 0xbf, 0xff, 0xff,
    0xff, 0xfc, 0x1f, 0xff, 0xff, 0xff, 0xff, 0x1,
    0xff, 0xff, 0xff, 0xff, 0x0, 0x6, 0xff, 0xff,
    0xe9, 0x0, 0x0, 0x0, 0x0, 0x0, 0x0, 0x0,
    0x2, 0xf3, 0xe0, 0x0, 0x0, 0x0, 0xfd, 0xfc,
    0x0, 0x0, 0x0, 0x2f, 0x3f, 0x0, 0x0, 0x0,
    0x1, 0x1, 0x0, 0x0, 0x0, 0x2, 0xf3, 0xf0,
    0x0, 0x0, 0x0, 0xfd, 0xfc, 0x0, 0x0, 0x0,
    0x2f, 0x3e, 0x0, 0x0,

    /* U+0681 "ځ" */
    0x0, 0x7, 0xe0, 0x0, 0x0, 0xf, 0xf4, 0x0,
    0x0, 0x1e, 0x10, 0x0, 0x0, 0xe, 0x0, 0x0,
    0x0, 0x3f, 0xf8, 0x0, 0x0, 0x3f, 0xf8, 0x0,
    0x0, 0x0, 0x0, 0x0, 0x0, 0x0, 0x0, 0x0,
    0x7, 0xff, 0xff, 0xf8, 0x1f, 0xff, 0xff, 0xf8,
    0x2f, 0xff, 0xff, 0xf8, 0x2f, 0x55, 0x56, 0xf8,
    0x2f, 0x0, 0x6f, 0xf8, 0x0, 0xb, 0xff, 0xf8,
    0x0, 0xbf, 0xfe, 0x40, 0x7, 0xff, 0x40, 0x0,
    0xf, 0xe0, 0x0, 0x0, 0x3f, 0x0, 0x0, 0x0,
    0x3d, 0x0, 0x0, 0x0, 0x7c, 0x0, 0x0, 0x0,
    0x7d, 0x0, 0x0, 0x0, 0x7e, 0x0, 0x0, 0x14,
    0x3f, 0x40, 0x0, 0xbc, 0x2f, 0xfa, 0xaf, 0xfe,
    0xf, 0xff, 0xff, 0xfd, 0x3, 0xff, 0xff, 0xe0,
    0x0, 0x6f, 0xf9, 0x0,

    /* U+0682 "ڂ" */
    0x0, 0x0, 0x0, 0x0, 0x0, 0xb, 0xd0, 0x0,
    0x0, 0xf, 0xd0, 0x0, 0x0, 0x7, 0xc0, 0x0,
    0x0, 0x0, 0x0, 0x0, 0x0, 0xb, 0xd0, 0x0,
    0x0, 0xf, 0xd0, 0x0, 0x0, 0x7, 0xc0, 0x0,
    0x0, 0x0, 0x0, 0x0, 0x0, 0x0, 0x0, 0x0,
    0x7, 0xff, 0xff, 0xf8, 0x1f, 0xff, 0xff, 0xf8,
    0x2f, 0xff, 0xff, 0xf8, 0x2f, 0x55, 0x56, 0xf8,
    0x2f, 0x0, 0x6f, 0xf8, 0x0, 0xb, 0xff, 0xf8,
    0x0, 0xbf, 0xfe, 0x40, 0x7, 0xff, 0x40, 0x0,
    0xf, 0xe0, 0x0, 0x0, 0x3f, 0x0, 0x0, 0x0,
    0x3d, 0x0, 0x0, 0x0, 0x7c, 0x0, 0x0, 0x0,
    0x7d, 0x0, 0x0, 0x0, 0x7e, 0x0, 0x0, 0x14,
    0x3f, 0x40, 0x0, 0xbc, 0x2f, 0xfa, 0xaf, 0xfe,
    0xf, 0xff, 0xff, 0xfd, 0x3, 0xff, 0xff, 0xe0,
    0x0, 0x6f, 0xf9, 0x0,

    /* U+0683 "ڃ" */
    0x7, 0xff, 0xff, 0xf8, 0x1f, 0xff, 0xff, 0xf8,
    0x2f, 0xff, 0xff, 0xf8, 0x2f, 0x55, 0x56, 0xf8,
    0x2f, 0x0, 0x6f, 0xf8, 0x0, 0xb, 0xff, 0xf8,
    0x0, 0xbf, 0xfe, 0x40, 0x7, 0xff, 0x40, 0x0,
    0xf, 0xe0, 0x0, 0x0, 0x3f, 0x0, 0x0, 0x0,
    0x3d, 0x7e, 0xbd, 0x0, 0x7c, 0x7e, 0xbe, 0x0,
    0x7d, 0x3d, 0x7c, 0x0, 0x7e, 0x0, 0x0, 0x18,
    0x3f, 0x40, 0x1, 0xfc, 0x2f, 0xfa, 0xaf, 0xfe,
    0xf, 0xff, 0xff, 0xfd, 0x3, 0xff, 0xff, 0xe0,
    0x0, 0x6f, 0xf9, 0x0,

    /* U+0684 "ڄ" */
    0x0, 0x55, 0x55, 0x54, 0xf, 0xff, 0xff, 0xf8,
    0x1f, 0xff, 0xff, 0xf8, 0x2f, 0xff, 0xff, 0xf8,
    0x2f, 0x0, 0x6, 0xf8, 0x1a, 0x1, 0xbf, 0xf8,
    0x0, 0x2f, 0xff, 0xf4, 0x1, 0xff, 0xf9, 0x0,
    0xb, 0xfe, 0x40, 0x0, 0x2f, 0xc7, 0xd0, 0x0,
    0x3e, 0xb, 0xe0, 0x0, 0x7d, 0x7, 0xd0, 0x0,
    0x7c, 0x7, 0xd0, 0x0, 0x7d, 0xb, 0xe0, 0x0,
    0x7e, 0x7, 0xd0, 0x7c, 0x3f, 0xd0, 0x6, 0xfd,
    0x1f, 0xff, 0xff, 0xff, 0xb, 0xff, 0xff, 0xf8,
    0x1, 0xff, 0xff, 0x80, 0x0, 0x16, 0x94, 0x0,

    /* U+0685 "څ" */
    0x0, 0x7, 0xc0, 0x0, 0x0, 0xf, 0xd0, 0x0,
    0x0, 0xb, 0xd0, 0x0, 0x0, 0x0, 0x0, 0x0,
    0x0, 0x7d, 0xbc, 0x0, 0x0, 0xbe, 0xfd, 0x0,
    0x0, 0x7d, 0xbc, 0x0, 0x0, 0x0, 0x0, 0x0,
    0x0, 0x0, 0x0, 0x0, 0x7, 0xff, 0xff, 0xf8,
    0x1f, 0xff, 0xff, 0xf8, 0x2f, 0xff, 0xff, 0xf8,
    0x2f, 0x55, 0x56, 0xf8, 0x2f, 0x0, 0x6f, 0xf8,
    0x0, 0xb, 0xff, 0xf8, 0x0, 0xbf, 0xfe, 0x40,
    0x7, 0xff, 0x40, 0x0, 0xf, 0xe0, 0x0, 0x0,
    0x3f, 0x0, 0x0, 0x0, 0x3d, 0x0, 0x0, 0x0,
    0x7c, 0x0, 0x0, 0x0, 0x7d, 0x0, 0x0, 0x0,
    0x7e, 0x0, 0x0, 0x14, 0x3f, 0x40, 0x0, 0xbc,
    0x2f, 0xfa, 0xaf, 0xfe, 0xf, 0xff, 0xff, 0xfd,
    0x3, 0xff, 0xff, 0xe0, 0x0, 0x6f, 0xf9, 0x0,

    /* U+0686 "چ" */
    0x7, 0xff, 0xff, 0xf8, 0xf, 0xff, 0xff, 0xf8,
    0x2f, 0xff, 0xff, 0xf8, 0x2f, 0x55, 0x56, 0xf8,
    0x2f, 0x0, 0x6f, 0xf8, 0x0, 0xb, 0xff, 0xf8,
    0x0, 0xbf, 0xff, 0x90, 0x7, 0xff, 0x90, 0x0,
    0xf, 0xe0, 0x0, 0x0, 0x3f, 0x8, 0x24, 0x0,
    0x3d, 0x3f, 0xfc, 0x0, 0x7c, 0x2e, 0xb8, 0x0,
    0x7d, 0x3, 0xc0, 0x0, 0x7e, 0x7, 0xd0, 0x14,
    0x3f, 0x42, 0x80, 0xbc, 0x2f, 0xfa, 0xaf, 0xfe,
    0xf, 0xff, 0xff, 0xfd, 0x3, 0xff, 0xff, 0xe0,
    0x0, 0x6f, 0xf9, 0x0,

    /* U+0687 "ڇ" */
    0x0, 0x55, 0x55, 0x54, 0xf, 0xff, 0xff, 0xf8,
    0x1f, 0xff, 0xff, 0xf8, 0x2f, 0xff, 0xff, 0xf8,
    0x2f, 0x0, 0x6, 0xf8, 0x1a, 0x1, 0xbf, 0xf8,
    0x0, 0x2f, 0xff, 0xe4, 0x1, 0xff, 0xf9, 0x0,
    0xb, 0xf9, 0x0, 0x0, 0x2f, 0x98, 0x20, 0x0,
    0x3e, 0x3f, 0xfc, 0x0, 0x7d, 0x2e, 0xb8, 0x0,
    0x7c, 0x2e, 0xb8, 0x0, 0x7d, 0x3f, 0xfc, 0x0,
    0x7e, 0x8, 0x24, 0x7c, 0x3f, 0xd0, 0x6, 0xfd,
    0x1f, 0xff, 0xff, 0xff, 0xb, 0xff, 0xff, 0xf8,
    0x1, 0xff, 0xff, 0x80, 0x0, 0x16, 0x94, 0x0,

    /* U+0688 "ڈ" */
    0x0, 0x80, 0x0, 0x1, 0xd0, 0x0, 0x1, 0xd0,
    0x0, 0x1, 0xff, 0x40, 0x1, 0xff, 0xc0, 0x1,
    0xc0, 0xd0, 0x7, 0xff, 0xc0, 0x7, 0xff, 0x40,
    0x0, 0x0, 0x0, 0x0, 0x4, 0x0, 0x0, 0x3e,
    0x0, 0x0, 0xff, 0x80, 0x0, 0x7f, 0xd0, 0x0,
    0x1f, 0xf0, 0x0, 0x7, 0xfc, 0x0, 0x1, 0xfc,
    0x0, 0x0, 0x7d, 0x7d, 0x0, 0x7d, 0x7f, 0xaa,
    0xfd, 0x3f, 0xff, 0xfc, 0x3f, 0xff, 0xf4, 0xb,
    0xff, 0xd0,

    /* U+0689 "ډ" */
    0x0, 0x0, 0x0, 0x0, 0x18, 0x0, 0x0, 0x7e,
    0x0, 0x0, 0xff, 0x80, 0x0, 0x7f, 0xe0, 0x0,
    0xf, 0xf4, 0x0, 0x3, 0xfc, 0x0, 0x0, 0xfc,
    0x0, 0x0, 0x7d, 0x7d, 0x0, 0x7d, 0x7f, 0xaa,
    0xfd, 0x3f, 0xff, 0xfc, 0x3f, 0xff, 0xf4, 0xb,
    0xff, 0xd0, 0x1, 0xd2, 0xc0, 0x1, 0xc1, 0xc0,
    0x0, 0xfb, 0x80, 0x0, 0x7e, 0x0,

    /* U+068A "ڊ" */
    0x0, 0x18, 0x0, 0x0, 0x3e, 0x0, 0x0, 0xff,
    0x80, 0x0, 0x7f, 0xe0, 0x0, 0x1f, 0xf4, 0x0,
    0x3, 0xfc, 0x0, 0x0, 0xfc, 0x0, 0x0, 0x7d,
    0x7d, 0x0, 0x7d, 0x7f, 0xaa, 0xfd, 0x3f, 0xff,
    0xfc, 0x3f, 0xff, 0xf4, 0xb, 0xff, 0xd0, 0x0,
    0x0, 0x0, 0x0, 0x0, 0x0, 0x0, 0x3d, 0x0,
    0x0, 0xbe, 0x0, 0x0, 0x7d, 0x0, 0x0, 0x0,
    0x0,

    /* U+068B "ڋ" */
    0x0, 0x80, 0x0, 0x1, 0xd0, 0x0, 0x1, 0xd0,
    0x0, 0x1, 0xff, 0x40, 0x1, 0xff, 0xc0, 0x1,
    0xc0, 0xd0, 0x7, 0xff, 0xc0, 0x7, 0xff, 0x40,
    0x0, 0x0, 0x0, 0x0, 0x4, 0x0, 0x0, 0x3e,
    0x0, 0x0, 0xff, 0x80, 0x0, 0x7f, 0xd0, 0x0,
    0x1f, 0xf0, 0x0, 0x7, 0xfc, 0x0, 0x1, 0xfc,
    0x0, 0x0, 0x7d, 0x7d, 0x0, 0x7d, 0x7f, 0xaa,
    0xfd, 0x3f, 0xff, 0xfc, 0x3f, 0xff, 0xf4, 0xb,
    0xff, 0xd0, 0x0, 0x0, 0x0, 0x0, 0x0, 0x0,
    0x0, 0x3d, 0x0, 0x0, 0xbe, 0x0, 0x0, 0x7d,
    0x0, 0x0, 0x0, 0x0,

    /* U+068C "ڌ" */
    0x3, 0xd7, 0xc0, 0xb, 0xeb, 0xd0, 0x7, 0xdb,
    0xd0, 0x0, 0x0, 0x0, 0x0, 0x0, 0x0, 0x0,
    0x2c, 0x0, 0x0, 0x7f, 0x0, 0x0, 0xff, 0xc0,
    0x0, 0x3f, 0xf0, 0x0, 0xf, 0xf4, 0x0, 0x3,
    0xfc, 0x0, 0x0, 0xfc, 0x0, 0x0, 0x7d, 0x7d,
    0x0, 0x7d, 0x7f, 0xaa, 0xfd, 0x3f, 0xff, 0xfc,
    0x3f, 0xff, 0xf4, 0xb, 0xff, 0xd0,

    /* U+068D "ڍ" */
    0x0, 0x18, 0x0, 0x0, 0x3e, 0x0, 0x0, 0xff,
    0x80, 0x0, 0x7f, 0xe0, 0x0, 0x1f, 0xf4, 0x0,
    0x3, 0xfc, 0x0, 0x0, 0xfc, 0x0, 0x0, 0x7d,
    0x7d, 0x0, 0x7d, 0x7f, 0xaa, 0xfd, 0x3f, 0xff,
    0xfc, 0x3f, 0xff, 0xf4, 0xb, 0xff, 0xd0, 0x0,
    0x0, 0x0, 0x0, 0x0, 0x0, 0x3, 0xd7, 0xd0,
    0x7, 0xfb, 0xe0, 0x7, 0xe7, 0xd0, 0x0, 0x0,
    0x0,

    /* U+068E "ڎ" */
    0x0, 0x0, 0x0, 0x0, 0x7d, 0x0, 0x0, 0xbe,
    0x0, 0x0, 0x7d, 0x0, 0x3, 0xd7, 0xc0, 0xb,
    0xeb, 0xd0, 0x7, 0xdb, 0xd0, 0x0, 0x0, 0x0,
    0x0, 0x0, 0x0, 0x0, 0x2c, 0x0, 0x0, 0x7f,
    0x0, 0x0, 0xff, 0xc0, 0x0, 0x3f, 0xf0, 0x0,
    0xf, 0xf4, 0x0, 0x3, 0xfc, 0x0, 0x0, 0xfc,
    0x0, 0x0, 0x7d, 0x7d, 0x0, 0x7d, 0x7f, 0xaa,
    0xfd, 0x3f, 0xff, 0xfc, 0x3f, 0xff, 0xf4, 0xb,
    0xff, 0xd0,

    /* U+068F "ڏ" */
    0x0, 0x0, 0x0, 0x7, 0xdb, 0xd0, 0xb, 0xeb,
    0xd0, 0x3, 0xd7, 0xc0, 0x0, 0x7d, 0x0, 0x0,
    0xbe, 0x0, 0x0, 0x7d, 0x0, 0x0, 0x0, 0x0,
    0x0, 0x0, 0x0, 0x0, 0x2c, 0x0, 0x0, 0x7f,
    0x0, 0x0, 0xff, 0xc0, 0x0, 0x3f, 0xf0, 0x0,
    0xf, 0xf4, 0x0, 0x3, 0xfc, 0x0, 0x0, 0xfc,
    0x0, 0x0, 0x7d, 0x7d, 0x0, 0x7d, 0x7f, 0xaa,
    0xfd, 0x3f, 0xff, 0xfc, 0x3f, 0xff, 0xf4, 0xb,
    0xff, 0xd0,

    /* U+0690 "ڐ" */
    0x0, 0x0, 0x0, 0x7, 0xdb, 0xd0, 0xb, 0xeb,
    0xd0, 0x3, 0xd7, 0xc0, 0x3, 0xd7, 0xc0, 0xb,
    0xeb, 0xd0, 0x7, 0xdb, 0xd0, 0x0, 0x0, 0x0,
    0x0, 0x0, 0x0, 0x0, 0x2c, 0x0, 0x0, 0x7f,
    0x0, 0x0, 0xff, 0xc0, 0x0, 0x3f, 0xf0, 0x0,
    0xf, 0xf4, 0x0, 0x3, 0xfc, 0x0, 0x0, 0xfc,
    0x0, 0x0, 0x7d, 0x7d, 0x0, 0x7d, 0x7f, 0xaa,
    0xfd, 0x3f, 0xff, 0xfc, 0x3f, 0xff, 0xf4, 0xb,
    0xff, 0xd0,

    /* U+0691 "ڑ" */
    0x0, 0x80, 0x0, 0x1d, 0x0, 0x1, 0xd0, 0x0,
    0x1f, 0xf4, 0x1, 0xff, 0xc0, 0x1c, 0xd, 0x7,
    0xff, 0xc0, 0x7f, 0xf4, 0x0, 0x0, 0x0, 0x0,
    0x0, 0x0, 0x3e, 0x0, 0x3, 0xf0, 0x0, 0x2f,
    0x0, 0x2, 0xf0, 0x0, 0x1f, 0x40, 0x1, 0xf4,
    0x0, 0x1f, 0x40, 0x2, 0xf0, 0x0, 0x7f, 0x6,
    0xbf, 0xe0, 0x7f, 0xfc, 0x7, 0xff, 0x0, 0x7f,
    0x40, 0x0,

    /* U+0692 "ڒ" */
    0x3, 0xc3, 0xc0, 0x3d, 0x78, 0x1, 0xeb, 0x40,
    0xf, 0xf0, 0x0, 0xbe, 0x0, 0x1, 0x40, 0x0,
    0x0, 0x0, 0x1, 0x90, 0x0, 0x3e, 0x0, 0x3,
    0xf0, 0x0, 0x2f, 0x0, 0x1, 0xf0, 0x0, 0x1f,
    0x40, 0x1, 0xf4, 0x0, 0x1f, 0x40, 0x2, 0xf0,
    0x0, 0x7f, 0x6, 0xbf, 0xd0, 0x7f, 0xfc, 0x7,
    0xff, 0x0, 0x7f, 0x40, 0x0,

    /* U+0693 "ړ" */
    0x0, 0x5, 0x0, 0xf, 0x80, 0x3, 0xf0, 0x0,
    0xbc, 0x0, 0x1f, 0x0, 0x7, 0xd0, 0x1, 0xf4,
    0x0, 0x7d, 0x0, 0x2f, 0x0, 0x1f, 0xc6, 0xbf,
    0xd1, 0xff, 0xf0, 0x7f, 0xf4, 0x1f, 0xef, 0x1,
    0xc1, 0xc0, 0x34, 0x70, 0xf, 0xbc, 0x0, 0xf8,
    0x0,

    /* U+0694 "ڔ" */
    0x0, 0x5, 0x0, 0xf, 0x80, 0x3, 0xf0, 0x0,
    0xbc, 0x0, 0x1f, 0x0, 0x7, 0xd0, 0x1, 0xf4,
    0x0, 0x7d, 0x0, 0x2f, 0x0, 0x1f, 0xc6, 0xbf,
    0xe1, 0xff, 0xf0, 0x7f, 0xf0, 0x1f, 0xd0, 0x0,
    0x0, 0x0, 0x0, 0x0, 0x1f, 0x40, 0xb, 0xe0,
    0x1, 0xf4, 0x0,

    /* U+0695 "ڕ" */
    0x0, 0xa, 0x80, 0x0, 0xfc, 0x0, 0xb, 0xc0,
    0x0, 0xbc, 0x0, 0x7, 0xc0, 0x0, 0x7d, 0x0,
    0x7, 0xd0, 0x0, 0x7c, 0x0, 0xf, 0xc0, 0x6,
    0xfc, 0x1f, 0xff, 0x41, 0xff, 0xe0, 0x1f, 0xf4,
    0x1, 0xa4, 0x0, 0x0, 0x0, 0x1, 0x41, 0x40,
    0x3c, 0x3c, 0x2, 0xe7, 0x80, 0x1f, 0xb0, 0x0,
    0xff, 0x0, 0xb, 0xd0, 0x0,

    /* U+0696 "ږ" */
    0x0, 0x7c, 0x0, 0x2f, 0x80, 0x7, 0xd0, 0x0,
    0x0, 0x0, 0x0, 0x0, 0x6, 0x40, 0x3, 0xf0,
    0x0, 0xfc, 0x0, 0x2f, 0x0, 0x7, 0xc0, 0x1,
    0xf4, 0x0, 0x7d, 0x0, 0x1f, 0x40, 0xb, 0xc0,
    0x7, 0xf1, 0xaf, 0xf4, 0x7f, 0xfc, 0x1f, 0xfc,
    0x7, 0xf4, 0x0, 0x0, 0x0, 0x0, 0x0, 0x7,
    0xd0, 0x2, 0xf8, 0x0, 0x7d, 0x0,

    /* U+0697 "ڗ" */
    0x7, 0xd7, 0xc0, 0xbe, 0xfd, 0x7, 0xdb, 0xd0,
    0x0, 0x0, 0x0, 0x0, 0x0, 0x1, 0x90, 0x0,
    0x3f, 0x0, 0x3, 0xf0, 0x0, 0x2f, 0x0, 0x1,
    0xf0, 0x0, 0x1f, 0x40, 0x1, 0xf4, 0x0, 0x1f,
    0x40, 0x2, 0xf0, 0x0, 0x7f, 0x6, 0xbf, 0xd0,
    0x7f, 0xfc, 0x7, 0xff, 0x0, 0x7f, 0x40, 0x0,

    /* U+0698 "ژ" */
    0x0, 0x0, 0x0, 0x7, 0xd0, 0x0, 0xbe, 0x0,
    0x7, 0xc0, 0x7, 0xd7, 0xc0, 0xbe, 0xfd, 0x7,
    0xdb, 0xd0, 0x0, 0x0, 0x0, 0x0, 0x0, 0x1,
    0x90, 0x0, 0x3f, 0x0, 0x3, 0xf0, 0x0, 0x2f,
    0x0, 0x1, 0xf0, 0x0, 0x1f, 0x40, 0x1, 0xf4,
    0x0, 0x1f, 0x40, 0x2, 0xf0, 0x0, 0x7f, 0x6,
    0xbf, 0xd0, 0x7f, 0xfc, 0x7, 0xff, 0x0, 0x7f,
    0x40, 0x0,

    /* U+0699 "ڙ" */
    0x0, 0x0, 0x0, 0x7d, 0xbd, 0xb, 0xef, 0xd0,
    0x7d, 0x7c, 0x7, 0xd7, 0xc0, 0xbe, 0xfd, 0x7,
    0xdb, 0xd0, 0x0, 0x0, 0x0, 0x0, 0x0, 0x1,
    0x90, 0x0, 0x3f, 0x0, 0x3, 0xf0, 0x0, 0x2f,
    0x0, 0x1, 0xf0, 0x0, 0x1f, 0x40, 0x1, 0xf4,
    0x0, 0x1f, 0x40, 0x2, 0xf0, 0x0, 0x7f, 0x6,
    0xbf, 0xd0, 0x7f, 0xfc, 0x7, 0xff, 0x0, 0x7f,
    0x40, 0x0,

    /* U+069A "ښ" */
    0x0, 0x0, 0x0, 0x0, 0x0, 0x0, 0x0, 0x0,
    0x0, 0x0, 0x0, 0xf, 0x80, 0x0, 0x0, 0x0,
    0x0, 0x0, 0x7f, 0x0, 0x0, 0x0, 0x0, 0x0,
    0x0, 0xf4, 0x0, 0x0, 0x0, 0x0, 0x0, 0x0,
    0x0, 0xb4, 0x0, 0x0, 0x0, 0x0, 0x0, 0x3,
    0xe0, 0x0, 0x0, 0xb, 0x80, 0x3e, 0xf, 0x81,
    0x0, 0x0, 0x3e, 0x0, 0xf8, 0x3e, 0x1f, 0x0,
    0x0, 0xbc, 0x7, 0xe0, 0xf8, 0xbc, 0x0, 0x2,
    0xfa, 0xbf, 0xef, 0xe3, 0xd0, 0x0, 0x7, 0xff,
    0xef, 0xff, 0x4f, 0x40, 0x0, 0x1f, 0xfe, 0x3f,
    0xfc, 0x3d, 0x0, 0x0, 0x7f, 0xe0, 0x7f, 0x80,
    0xf8, 0x0, 0x2, 0xf0, 0x0, 0x0, 0x3, 0xfd,
    0x0, 0x2f, 0xc0, 0x3d, 0x0, 0x7, 0xff, 0xff,
    0xfe, 0x1, 0xfc, 0x0, 0xf, 0xff, 0xff, 0xf0,
    0x3, 0xe0, 0x0, 0xb, 0xff, 0xff, 0x40, 0x0,
    0x0, 0x0, 0x2, 0xff, 0x90, 0x0, 0x0, 0x0,
    0x0,

    /* U+069B "ڛ" */
    0x0, 0x0, 0x0, 0x0, 0x0, 0x0, 0xa4, 0x0,
    0x0, 0x0, 0x0, 0x0, 0x3, 0xe0, 0x0, 0x0,
    0xb, 0x80, 0x3e, 0xf, 0x81, 0x0, 0x0, 0x3e,
    0x0, 0xf8, 0x3e, 0x1f, 0x0, 0x0, 0xbc, 0x7,
    0xe0, 0xf8, 0xbc, 0x0, 0x2, 0xfa, 0xbf, 0xef,
    0xe3, 0xd0, 0x0, 0x7, 0xff, 0xef, 0xff, 0x4f,
    0x40, 0x0, 0x1f, 0xfe, 0x3f, 0xfc, 0x3d, 0x0,
    0x0, 0x7f, 0xe0, 0x7f, 0x80, 0xf8, 0x0, 0x2,
    0xf0, 0x0, 0x0, 0x3, 0xfd, 0x0, 0x2f, 0xc0,
    0x0, 0x0, 0x7, 0xff, 0xff, 0xfe, 0x0, 0x0,
    0x0, 0xf, 0xff, 0xff, 0xf0, 0x0, 0x0, 0x0,
    0xb, 0xff, 0xff, 0x40, 0x0, 0x0, 0x0, 0x2,
    0xff, 0x90, 0x0, 0x0, 0x0, 0x0, 0x0, 0x0,
    0x0, 0x0, 0x0, 0x0, 0x0, 0x0, 0x0, 0x0,
    0x0, 0x0, 0x0, 0x0, 0xf9, 0xf8, 0x0, 0x0,
    0x0, 0x0, 0x7, 0xf7, 0xe0, 0x0, 0x0, 0x0,
    0x0, 0xf, 0x8f, 0x40, 0x0, 0x0, 0x0, 0x0,
    0x3, 0xd0, 0x0, 0x0, 0x0, 0x0, 0x0, 0x1f,
    0xc0, 0x0, 0x0, 0x0, 0x0, 0x0, 0x3e, 0x0,
    0x0, 0x0, 0x0, 0x0, 0x0, 0x0, 0x0, 0x0,
    0x0, 0x0,

    /* U+069C "ڜ" */
    0x0, 0x0, 0x0, 0x0, 0x3, 0xd0, 0x0, 0x0,
    0x0, 0x0, 0x0, 0x1f, 0xc0, 0x0, 0x0, 0x0,
    0x0, 0x0, 0x3e, 0x0, 0x0, 0x0, 0x0, 0x0,
    0x0, 0x0, 0x0, 0x0, 0x0, 0x0, 0x0, 0x3e,
    0x7e, 0x0, 0x0, 0x0, 0x0, 0x1, 0xfe, 0xf8,
    0x0, 0x0, 0x0, 0x0, 0x3, 0xe3, 0xd0, 0x0,
    0x0, 0x0, 0x0, 0x0, 0x0, 0x2d, 0x0, 0x0,
    0x0, 0x0, 0x0, 0x0, 0xf8, 0x0, 0x0, 0x2,
    0xe0, 0xf, 0x83, 0xe0, 0x40, 0x0, 0xf, 0x80,
    0x3e, 0xf, 0x87, 0xc0, 0x0, 0x2f, 0x1, 0xf8,
    0x3e, 0x2f, 0x0, 0x0, 0xbe, 0xaf, 0xfb, 0xf8,
    0xf4, 0x0, 0x1, 0xff, 0xfb, 0xff, 0xd3, 0xd0,
    0x0, 0x7, 0xff, 0x8f, 0xff, 0xf, 0x40, 0x0,
    0x1f, 0xf8, 0x1f, 0xe0, 0x3e, 0x0, 0x0, 0xbc,
    0x0, 0x0, 0x0, 0xff, 0x40, 0xb, 0xf0, 0x0,
    0x0, 0x1, 0xff, 0xff, 0xff, 0x80, 0x0, 0x0,
    0x3, 0xff, 0xff, 0xfc, 0x0, 0x0, 0x0, 0x2,
    0xff, 0xff, 0xd0, 0x0, 0x0, 0x0, 0x0, 0xbf,
    0xe4, 0x0, 0x0, 0x0, 0x0, 0x0, 0x0, 0x0,
    0x0, 0x0, 0x0, 0x0, 0x0, 0x0, 0x0, 0x0,
    0x0, 0x0, 0x0, 0x3e, 0x7e, 0x0, 0x0, 0x0,
    0x0, 0x1, 0xfd, 0xf8, 0x0, 0x0, 0x0, 0x0,
    0x3, 0xe3, 0xd0, 0x0, 0x0, 0x0, 0x0, 0x0,
    0xf4, 0x0, 0x0, 0x0, 0x0, 0x0, 0x7, 0xf0,
    0x0, 0x0, 0x0, 0x0, 0x0, 0xf, 0x80, 0x0,
    0x0, 0x0, 0x0, 0x0, 0x0, 0x0, 0x0, 0x0,
    0x0, 0x0,

    /* U+069D "ڝ" */
    0x0, 0x0, 0x0, 0x0, 0x0, 0x1b, 0xfe, 0x0,
    0x0, 0x0, 0x0, 0x0, 0x3, 0xff, 0xff, 0x0,
    0x0, 0x0, 0x0, 0x0, 0x3f, 0xff, 0xfe, 0x0,
    0x0, 0x0, 0x0, 0x3, 0xfe, 0xab, 0xfc, 0x0,
    0x0, 0x0, 0x18, 0x2f, 0x40, 0x1, 0xf4, 0x24,
    0x0, 0x1, 0xf4, 0xf0, 0x0, 0x3, 0xd1, 0xf0,
    0x0, 0x3, 0xeb, 0x80, 0x0, 0xf, 0x4f, 0x80,
    0x0, 0xf, 0xfe, 0xaa, 0xab, 0xfd, 0x3d, 0x0,
    0x0, 0x3f, 0xff, 0xff, 0xff, 0xf0, 0xf4, 0x0,
    0x0, 0xff, 0xff, 0xff, 0xff, 0x3, 0xd0, 0x0,
    0x3, 0xff, 0xff, 0xff, 0xd0, 0xf, 0x80, 0x0,
    0x1f, 0x80, 0x0, 0x0, 0x0, 0x3f, 0xd0, 0x1,
    0xfd, 0x0, 0x0, 0x0, 0x0, 0x7f, 0xff, 0xff,
    0xf0, 0x0, 0x0, 0x0, 0x0, 0xff, 0xff, 0xff,
    0x40, 0x0, 0x0, 0x0, 0x0, 0xbf, 0xff, 0xf4,
    0x0, 0x0, 0x0, 0x0, 0x0, 0x2f, 0xf9, 0x0,
    0x0, 0x0, 0x0, 0x0, 0x0, 0x0, 0x0, 0x0,
    0x0, 0x0, 0x0, 0x0, 0x0, 0x0, 0x0, 0x0,
    0x0, 0x0, 0x0, 0x0, 0xf, 0xcf, 0x80, 0x0,
    0x0, 0x0, 0x0, 0x0, 0x3f, 0x7f, 0x0, 0x0,
    0x0, 0x0, 0x0, 0x0, 0xf8, 0xf4, 0x0, 0x0,
    0x0, 0x0, 0x0,

    /* U+069E "ڞ" */
    0x0, 0x0, 0x0, 0x0, 0x0, 0x3, 0xd0, 0x0,
    0x0, 0x0, 0x0, 0x0, 0x0, 0x2f, 0x80, 0x0,
    0x0, 0x0, 0x0, 0x0, 0x0, 0x7e, 0x0, 0x0,
    0x0, 0x0, 0x0, 0x0, 0x0, 0x0, 0x0, 0x0,
    0x0, 0x0, 0x0, 0x0, 0x3e, 0x7d, 0x0, 0x0,
    0x0, 0x0, 0x0, 0x1, 0xfe, 0xf8, 0x0, 0x0,
    0x0, 0x0, 0x0, 0x3, 0xd7, 0xd0, 0x0, 0x0,
    0x0, 0x0, 0x0, 0x0, 0x0, 0x0, 0x0, 0x0,
    0x0, 0x0, 0x0, 0x0, 0x0, 0x0, 0x0, 0x0,
    0x0, 0x0, 0x0, 0x6f, 0xf8, 0x0, 0x0, 0x0,
    0x0, 0x0, 0xf, 0xff, 0xfc, 0x0, 0x0, 0x0,
    0x0, 0x0, 0xff, 0xff, 0xf8, 0x0, 0x0, 0x0,
    0x0, 0xf, 0xfa, 0xaf, 0xf0, 0x0, 0x0, 0x0,
    0x60, 0xbd, 0x0, 0x7, 0xd0, 0x90, 0x0, 0x7,
    0xd3, 0xc0, 0x0, 0xf, 0x47, 0xc0, 0x0, 0xf,
    0xae, 0x0, 0x0, 0x3d, 0x3e, 0x0, 0x0, 0x3f,
    0xfa, 0xaa, 0xaf, 0xf4, 0xf4, 0x0, 0x0, 0xff,
    0xff, 0xff, 0xff, 0xc3, 0xd0, 0x0, 0x3, 0xff,
    0xff, 0xff, 0xfc, 0xf, 0x40, 0x0, 0xf, 0xff,
    0xff, 0xff, 0x40, 0x3e, 0x0, 0x0, 0x7e, 0x0,
    0x0, 0x0, 0x0, 0xff, 0x40, 0x7, 0xf4, 0x0,
    0x0, 0x0, 0x1, 0xff, 0xff, 0xff, 0xc0, 0x0,
    0x0, 0x0, 0x3, 0xff, 0xff, 0xfd, 0x0, 0x0,
    0x0, 0x0, 0x2, 0xff, 0xff, 0xd0, 0x0, 0x0,
    0x0, 0x0, 0x0, 0xbf, 0xe4, 0x0, 0x0, 0x0,
    0x0, 0x0,

    /* U+069F "ڟ" */
    0x0, 0x0, 0xf, 0x40, 0x0, 0x0, 0x2, 0xf8,
    0x0, 0x2, 0xf0, 0x1f, 0x80, 0x0, 0x2f, 0x0,
    0x0, 0x0, 0x2, 0xf0, 0xf9, 0xf4, 0x0, 0x2f,
    0x1f, 0xef, 0x80, 0x2, 0xf0, 0xf5, 0xf4, 0x0,
    0x2f, 0x0, 0x0, 0x0, 0x2, 0xf0, 0x0, 0x0,
    0x0, 0x2f, 0x6, 0xff, 0x80, 0x2, 0xf2, 0xff,
    0xff, 0x0, 0x2f, 0xff, 0xff, 0xf8, 0x2, 0xff,
    0xea, 0xbf, 0xc0, 0x2f, 0xd0, 0x0, 0x7d, 0x2,
    0xf4, 0x0, 0x3, 0xd0, 0x2e, 0x0, 0x0, 0x3d,
    0x2b, 0xea, 0xaa, 0xbf, 0xd7, 0xff, 0xff, 0xff,
    0xfc, 0x7f, 0xff, 0xff, 0xff, 0x7, 0xff, 0xff,
    0xff, 0x80,

    /* U+06A0 "ڠ" */
    0x0, 0x0, 0x0, 0x0, 0x0, 0x1, 0xf4, 0x0,
    0x0, 0x0, 0xbe, 0x0, 0x0, 0x0, 0x1f, 0x40,
    0x0, 0x0, 0x3d, 0x7c, 0x0, 0x0, 0x1f, 0xef,
    0x80, 0x0, 0x7, 0xe7, 0xd0, 0x0, 0x0, 0x0,
    0x0, 0x0, 0x0, 0x0, 0x0, 0x0, 0x0, 0x1,
    0xa4, 0x0, 0x0, 0x7, 0xff, 0xe0, 0x0, 0x3,
    0xff, 0xfe, 0x0, 0x3, 0xff, 0xff, 0xc0, 0x0,
    0xfc, 0x7, 0xc0, 0x0, 0x7c, 0x0, 0x40, 0x0,
    0x1f, 0x0, 0x0, 0x0, 0x3, 0xe0, 0x0, 0x0,
    0x0, 0xff, 0xab, 0xf8, 0x0, 0xf, 0xff, 0xff,
    0x0, 0x0, 0xff, 0xff, 0xc0, 0x0, 0xbf, 0xf9,
    0x40, 0x1, 0xfe, 0x40, 0x0, 0x0, 0xfc, 0x0,
    0x0, 0x0, 0xbc, 0x0, 0x0, 0x0, 0x3e, 0x0,
    0x0, 0x0, 0xf, 0x80, 0x0, 0x0, 0x3, 0xe0,
    0x0, 0x0, 0x80, 0xfe, 0x0, 0x2, 0xf4, 0x2f,
    0xfe, 0xaf, 0xff, 0x3, 0xff, 0xff, 0xff, 0x80,
    0x3f, 0xff, 0xff, 0x40, 0x1, 0xbf, 0xf8, 0x0,

    /* U+06A1 "ڡ" */
    0x0, 0x0, 0x0, 0x7, 0xf8, 0x0, 0x0, 0x0,
    0x1, 0xff, 0xf0, 0x0, 0x0, 0x0, 0x3f, 0xff,
    0xc0, 0x0, 0x0, 0xb, 0xfb, 0xfc, 0x0, 0x0,
    0x0, 0xf8, 0xb, 0xe0, 0x90, 0x0, 0xf, 0x40,
    0x3e, 0x2f, 0x0, 0x0, 0xfc, 0x7, 0xf3, 0xe0,
    0x0, 0xf, 0xff, 0xff, 0x3d, 0x0, 0x0, 0x7f,
    0xfe, 0xe3, 0xe0, 0x0, 0x1, 0xff, 0x2e, 0x3f,
    0x40, 0x0, 0x0, 0x1b, 0xd2, 0xff, 0xff, 0xff,
    0xff, 0xfc, 0x1f, 0xff, 0xff, 0xff, 0xff, 0x80,
    0x7f, 0xff, 0xff, 0xff, 0xd0, 0x0, 0x6f, 0xff,
    0xff, 0x90, 0x0,

    /* U+06A3 "ڣ" */
    0x0, 0x0, 0x0, 0x1, 0xf0, 0x0, 0x0, 0x0,
    0x0, 0x3f, 0x40, 0x0, 0x0, 0x0, 0x2, 0xf4,
    0x0, 0x0, 0x0, 0x0, 0x0, 0x0, 0x0, 0x0,
    0x0, 0x0, 0x0, 0x0, 0x0, 0x0, 0x0, 0x7f,
    0x80, 0x0, 0x0, 0x0, 0x1f, 0xff, 0x0, 0x0,
    0x0, 0x3, 0xff, 0xfc, 0x0, 0x0, 0x0, 0xbf,
    0xbf, 0xc0, 0x0, 0x0, 0xf, 0x80, 0xbe, 0x9,
    0x0, 0x0, 0xf4, 0x3, 0xe2, 0xf0, 0x0, 0xf,
    0xc0, 0x7f, 0x3e, 0x0, 0x0, 0xff, 0xff, 0xf3,
    0xd0, 0x0, 0x7, 0xff, 0xee, 0x3e, 0x0, 0x0,
    0x1f, 0xf2, 0xe3, 0xf4, 0x0, 0x0, 0x1, 0xbd,
    0x2f, 0xff, 0xff, 0xff, 0xff, 0xc1, 0xff, 0xff,
    0xff, 0xff, 0xf8, 0x7, 0xff, 0xff, 0xff, 0xfd,
    0x0, 0x6, 0xff, 0xff, 0xf9, 0x0, 0x0, 0x0,
    0x0, 0x0, 0x0, 0x0, 0x0, 0x0, 0x0, 0x0,
    0x0, 0x0, 0x0, 0x3e, 0x0, 0x0, 0x0, 0x0,
    0x3, 0xf0, 0x0, 0x0, 0x0, 0x0, 0x3f, 0x0,
    0x0, 0x0, 0x0, 0x0, 0x0, 0x0, 0x0,

    /* U+06A4 "ڤ" */
    0x0, 0x0, 0x0, 0x0, 0x0, 0x0, 0x0, 0x0,
    0x0, 0x2f, 0x40, 0x0, 0x0, 0x0, 0x3, 0xf4,
    0x0, 0x0, 0x0, 0x0, 0x1f, 0x0, 0x0, 0x0,
    0x0, 0x1f, 0x2f, 0x0, 0x0, 0x0, 0x2, 0xfb,
    0xf4, 0x0, 0x0, 0x0, 0x1f, 0x6f, 0x0, 0x0,
    0x0, 0x0, 0x0, 0x0, 0x0, 0x0, 0x0, 0x0,
    0x0, 0x0, 0x0, 0x0, 0x0, 0x7f, 0x80, 0x0,
    0x0, 0x0, 0x1f, 0xff, 0x0, 0x0, 0x0, 0x3,
    0xff, 0xfc, 0x0, 0x0, 0x0, 0xbf, 0xbf, 0xc0,
    0x0, 0x0, 0xf, 0x80, 0xbe, 0x9, 0x0, 0x0,
    0xf4, 0x3, 0xe2, 0xf0, 0x0, 0xf, 0xc0, 0x7f,
    0x3e, 0x0, 0x0, 0xff, 0xff, 0xf3, 0xd0, 0x0,
    0x7, 0xff, 0xee, 0x3e, 0x0, 0x0, 0x1f, 0xf2,
    0xe3, 0xf4, 0x0, 0x0, 0x1, 0xbd, 0x2f, 0xff,
    0xff, 0xff, 0xff, 0xc1, 0xff, 0xff, 0xff, 0xff,
    0xf8, 0x7, 0xff, 0xff, 0xff, 0xfd, 0x0, 0x6,
    0xff, 0xff, 0xf9, 0x0,

    /* U+06A5 "ڥ" */
    0x0, 0x0, 0x0, 0x7, 0xf8, 0x0, 0x0, 0x0,
    0x1, 0xff, 0xf0, 0x0, 0x0, 0x0, 0x3f, 0xff,
    0xc0, 0x0, 0x0, 0xb, 0xfb, 0xfc, 0x0, 0x0,
    0x0, 0xf8, 0xb, 0xe0, 0x90, 0x0, 0xf, 0x40,
    0x3e, 0x2f, 0x0, 0x0, 0xfc, 0x7, 0xf3, 0xe0,
    0x0, 0xf, 0xff, 0xff, 0x3d, 0x0, 0x0, 0x7f,
    0xfe, 0xe3, 0xe0, 0x0, 0x1, 0xff, 0x2e, 0x3f,
    0x40, 0x0, 0x0, 0x1b, 0xd2, 0xff, 0xff, 0xff,
    0xff, 0xfc, 0x1f, 0xff, 0xff, 0xff, 0xff, 0x80,
    0x7f, 0xff, 0xff, 0xff, 0xd0, 0x0, 0x6f, 0xff,
    0xff, 0x90, 0x0, 0x0, 0x0, 0x0, 0x0, 0x0,
    0x0, 0x0, 0x0, 0x0, 0x0, 0x0, 0x0, 0x2e,
    0x3e, 0x0, 0x0, 0x0, 0x3, 0xf7, 0xf0, 0x0,
    0x0, 0x0, 0x3f, 0x3e, 0x0, 0x0, 0x0, 0x0,
    0x0, 0x0, 0x0, 0x0, 0x0, 0x3, 0xf0, 0x0,
    0x0, 0x0, 0x0, 0x3f, 0x0, 0x0, 0x0, 0x0,
    0x3, 0xe0, 0x0, 0x0,

    /* U+06A6 "ڦ" */
    0x0, 0x0, 0x0, 0x1f, 0x2f, 0x0, 0x0, 0x0,
    0x2, 0xfb, 0xf4, 0x0, 0x0, 0x0, 0x1f, 0x6f,
    0x0, 0x0, 0x0, 0x0, 0x0, 0x0, 0x0, 0x0,
    0x0, 0x1f, 0x2f, 0x0, 0x0, 0x0, 0x2, 0xfb,
    0xf4, 0x0, 0x0, 0x0, 0x1f, 0x6f, 0x0, 0x0,
    0x0, 0x0, 0x0, 0x0, 0x0, 0x0, 0x0, 0x0,
    0x0, 0x0, 0x0, 0x0, 0x0, 0x7f, 0x80, 0x0,
    0x0, 0x0, 0x1f, 0xff, 0x0, 0x0, 0x0, 0x3,
    0xff, 0xfc, 0x0, 0x0, 0x0, 0xbf, 0xbf, 0xc0,
    0x0, 0x0, 0xf, 0x80, 0xbe, 0x9, 0x0, 0x0,
    0xf4, 0x3, 0xe2, 0xf0, 0x0, 0xf, 0xc0, 0x7f,
    0x3e, 0x0, 0x0, 0xff, 0xff, 0xf3, 0xd0, 0x0,
    0x7, 0xff, 0xee, 0x3e, 0x0, 0x0, 0x1f, 0xf2,
    0xe3, 0xf4, 0x0, 0x0, 0x1, 0xbd, 0x2f, 0xff,
    0xff, 0xff, 0xff, 0xc1, 0xff, 0xff, 0xff, 0xff,
    0xf8, 0x7, 0xff, 0xff, 0xff, 0xfd, 0x0, 0x6,
    0xff, 0xff, 0xf9, 0x0,

    /* U+06A7 "ڧ" */
    0x0, 0x0, 0x0, 0x0, 0x0, 0x0, 0x0, 0x3e,
    0x0, 0x0, 0x0, 0x7, 0xf0, 0x0, 0x0, 0x0,
    0x3e, 0x0, 0x0, 0x0, 0x0, 0x0, 0x0, 0x0,
    0x0, 0x0, 0x0, 0x0, 0x0, 0xb, 0xf4, 0x0,
    0x0, 0x3, 0xff, 0xd0, 0x0, 0x0, 0xff, 0xff,
    0x0, 0x0, 0x1f, 0xeb, 0xf8, 0xe, 0x2, 0xf0,
    0xf, 0xc1, 0xf0, 0x2f, 0x0, 0x7c, 0x3e, 0x2,
    0xfe, 0xaf, 0xc3, 0xd0, 0x1f, 0xff, 0xfc, 0x3d,
    0x0, 0xff, 0xf7, 0xc3, 0xd0, 0x2, 0xfd, 0x7c,
    0x3f, 0x0, 0x0, 0xb, 0xc3, 0xfd, 0x0, 0x2,
    0xfc, 0x1f, 0xff, 0xff, 0xff, 0x40, 0xbf, 0xff,
    0xff, 0xf0, 0x2, 0xff, 0xff, 0xf8, 0x0, 0x1,
    0xbf, 0xe8, 0x0,

    /* U+06A8 "ڨ" */
    0x0, 0x0, 0x3, 0xd0, 0x0, 0x0, 0x0, 0x7f,
    0x0, 0x0, 0x0, 0x3, 0xe0, 0x0, 0x0, 0x0,
    0x0, 0x0, 0x0, 0x0, 0x3e, 0x7e, 0x0, 0x0,
    0x7, 0xf7, 0xf0, 0x0, 0x0, 0x3e, 0x3d, 0x0,
    0x0, 0x0, 0x0, 0x0, 0x0, 0x0, 0x0, 0x0,
    0x0, 0x0, 0x0, 0xbf, 0x40, 0x0, 0x0, 0x3f,
    0xfd, 0x0, 0x0, 0xf, 0xff, 0xf0, 0x0, 0x1,
    0xfe, 0xbf, 0x80, 0xe0, 0x2f, 0x0, 0xfc, 0x1f,
    0x2, 0xf0, 0x7, 0xc3, 0xe0, 0x2f, 0xea, 0xfc,
    0x3d, 0x1, 0xff, 0xff, 0xc3, 0xd0, 0xf, 0xff,
    0x7c, 0x3d, 0x0, 0x2f, 0xd7, 0xc3, 0xf0, 0x0,
    0x0, 0xbc, 0x3f, 0xd0, 0x0, 0x2f, 0xc1, 0xff,
    0xff, 0xff, 0xf4, 0xb, 0xff, 0xff, 0xff, 0x0,
    0x2f, 0xff, 0xff, 0x80, 0x0, 0x1b, 0xfe, 0x80,
    0x0,

    /* U+06A9 "ک" */
    0x0, 0x0, 0x0, 0x0, 0x0, 0x0, 0x0, 0x0,
    0x0, 0x0, 0x0, 0x7, 0xd0, 0x0, 0x0, 0x0,
    0x0, 0xbf, 0xf4, 0x0, 0x0, 0x0, 0xb, 0xff,
    0xfc, 0x0, 0x0, 0x0, 0x3f, 0xff, 0xe4, 0x0,
    0x0, 0x0, 0x1f, 0xfe, 0x40, 0x0, 0x0, 0x0,
    0x7, 0xe4, 0x0, 0x0, 0x0, 0x0, 0x1, 0xd0,
    0x0, 0x0, 0x0, 0x0, 0x0, 0x7f, 0x40, 0x0,
    0x3, 0x40, 0x0, 0x1f, 0xf8, 0x0, 0x2, 0xf0,
    0x0, 0x3, 0xff, 0xc0, 0x0, 0xf8, 0x0, 0x0,
    0x2f, 0xfc, 0x0, 0x3d, 0x0, 0x0, 0x0, 0xbf,
    0x40, 0xf, 0x80, 0x0, 0x0, 0x7, 0xd0, 0x3,
    0xf8, 0x0, 0x0, 0x0, 0xf4, 0x0, 0xbf, 0xff,
    0xff, 0xff, 0xfc, 0x0, 0x1f, 0xff, 0xff, 0xff,
    0xfe, 0x0, 0x1, 0xff, 0xff, 0xff, 0xfe, 0x0,
    0x0, 0x6, 0xff, 0xff, 0xe4, 0x0, 0x0,

    /* U+06AA "ڪ" */
    0x0, 0x0, 0x0, 0x0, 0x0, 0x0, 0x0, 0x0,
    0x2, 0xc0, 0x0, 0x0, 0x0, 0x1, 0xbf, 0x0,
    0x0, 0x0, 0x0, 0xbf, 0xfc, 0x0, 0x0, 0x0,
    0x6f, 0xff, 0x90, 0x0, 0x0, 0x1f, 0xff, 0xe0,
    0x0, 0x0, 0x0, 0x7f, 0xf4, 0x0, 0x0, 0x0,
    0x1, 0xf8, 0x0, 0x0, 0x0, 0x0, 0x7, 0xaa,
    0xaa, 0xaa, 0xa4, 0x0, 0x1f, 0xff, 0xff, 0xff,
    0xfc, 0x0, 0x7f, 0xff, 0xff, 0xff, 0xfc, 0x1,
    0xff, 0xff, 0xff, 0xff, 0xf4, 0x0, 0x0, 0x0,
    0x0, 0xb, 0xe0, 0x0, 0x0, 0x0, 0x0, 0xf,
    0xc0, 0x0, 0x0, 0x0, 0x0, 0x1f, 0x1a, 0xaa,
    0xaa, 0xaa, 0xaa, 0xfc, 0xff, 0xff, 0xff, 0xff,
    0xff, 0xe3, 0xff, 0xff, 0xff, 0xff, 0xff, 0xf,
    0xff, 0xff, 0xff, 0xff, 0xf0, 0x0,

    /* U+06AB "ګ" */
    0x0, 0x0, 0x0, 0x0, 0x0, 0x0, 0x0, 0x0,
    0x0, 0x0, 0x0, 0x6, 0xd0, 0x0, 0x0, 0x0,
    0x0, 0x6f, 0xf4, 0x0, 0x0, 0x0, 0x6, 0xff,
    0xfd, 0x0, 0x0, 0x0, 0x3f, 0xff, 0xf9, 0x0,
    0x0, 0x0, 0x1f, 0xff, 0xad, 0x0, 0x0, 0x0,
    0x7, 0xf7, 0x83, 0x80, 0x0, 0x0, 0x1, 0xd0,
    0xf0, 0xd0, 0x0, 0x0, 0x0, 0x7e, 0x1f, 0xf0,
    0x2, 0x40, 0x0, 0x1f, 0xf9, 0xa0, 0x1, 0xf0,
    0x0, 0x3, 0xff, 0xc0, 0x0, 0xf8, 0x0, 0x0,
    0x3f, 0xfc, 0x0, 0x3d, 0x0, 0x0, 0x1, 0xff,
    0x0, 0xf, 0x80, 0x0, 0x0, 0x7, 0xd0, 0x3,
    0xf8, 0x0, 0x0, 0x0, 0xf4, 0x0, 0xff, 0xff,
    0xff, 0xff, 0xfc, 0x0, 0x1f, 0xff, 0xff, 0xff,
    0xff, 0x0, 0x1, 0xff, 0xff, 0xff, 0xfe, 0x0,
    0x0, 0x6, 0xff, 0xff, 0xe4, 0x0, 0x0,

    /* U+06AC "ڬ" */
    0x0, 0x2, 0xf0, 0x0, 0x0, 0x0, 0x3f, 0x40,
    0x3e, 0x0, 0x2, 0xf0, 0x3, 0xe0, 0x0, 0x0,
    0x0, 0x3e, 0x0, 0x0, 0x10, 0x3, 0xe0, 0x0,
    0xf, 0x40, 0x3e, 0x0, 0x7, 0xe0, 0x3, 0xe0,
    0x0, 0xf4, 0x0, 0x3e, 0x0, 0xf, 0xfc, 0x3,
    0xe0, 0x0, 0x6f, 0xd0, 0x3e, 0x0, 0x0, 0x7c,
    0x3, 0xe0, 0x0, 0x7f, 0x40, 0x3e, 0x0, 0x7,
    0x40, 0x3, 0xe0, 0x0, 0x0, 0x0, 0x3e, 0x0,
    0x0, 0x0, 0x7, 0xe2, 0xaa, 0xaa, 0xaa, 0xfe,
    0x3f, 0xff, 0xff, 0xff, 0xd3, 0xff, 0xff, 0xff,
    0xfc, 0x3f, 0xff, 0xff, 0xfe, 0x0,

    /* U+06AD "ڭ" */
    0x0, 0x0, 0x0, 0x0, 0x0, 0x0, 0x2f, 0x0,
    0x0, 0x0, 0x3, 0xf4, 0x0, 0x0, 0x0, 0x2f,
    0x0, 0x0, 0x0, 0x1f, 0x2f, 0x0, 0x0, 0x3,
    0xf7, 0xf0, 0x3e, 0x0, 0x2f, 0x7f, 0x3, 0xe0,
    0x0, 0x0, 0x0, 0x3e, 0x0, 0x0, 0x10, 0x3,
    0xe0, 0x0, 0xf, 0x40, 0x3e, 0x0, 0x7, 0xe0,
    0x3, 0xe0, 0x0, 0xf4, 0x0, 0x3e, 0x0, 0xf,
    0xfc, 0x3, 0xe0, 0x0, 0x6f, 0xd0, 0x3e, 0x0,
    0x0, 0x7c, 0x3, 0xe0, 0x0, 0x7f, 0x40, 0x3e,
    0x0, 0x7, 0x40, 0x3, 0xe0, 0x0, 0x0, 0x0,
    0x3e, 0x0, 0x0, 0x0, 0x7, 0xe2, 0xaa, 0xaa,
    0xaa, 0xfe, 0x3f, 0xff, 0xff, 0xff, 0xd3, 0xff,
    0xff, 0xff, 0xfc, 0x3f, 0xff, 0xff, 0xfe, 0x0,

    /* U+06AE "ڮ" */
    0x0, 0x0, 0x0, 0x3, 0xe0, 0x0, 0x0, 0x0,
    0x3e, 0x0, 0x0, 0x0, 0x3, 0xe0, 0x0, 0x1,
    0x0, 0x3e, 0x0, 0x0, 0xb4, 0x3, 0xe0, 0x0,
    0x3e, 0x0, 0x3e, 0x0, 0xf, 0x40, 0x3, 0xe0,
    0x0, 0xff, 0xc0, 0x3e, 0x0, 0x6, 0xfd, 0x3,
    0xe0, 0x0, 0x7, 0xc0, 0x3e, 0x0, 0x7, 0xf4,
    0x3, 0xe0, 0x0, 0x74, 0x0, 0x3e, 0x0, 0x0,
    0x0, 0x3, 0xe0, 0x0, 0x0, 0x0, 0x7e, 0x2a,
    0xaa, 0xaa, 0xaf, 0xe3, 0xff, 0xff, 0xff, 0xfd,
    0x3f, 0xff, 0xff, 0xff, 0xc3, 0xff, 0xff, 0xff,
    0xe0, 0x0, 0x0, 0x0, 0x0, 0x0, 0x0, 0x0,
    0x0, 0x0, 0x0, 0x2f, 0x2e, 0x0, 0x0, 0x3,
    0xf7, 0xf0, 0x0, 0x0, 0x2f, 0x3f, 0x0, 0x0,
    0x0, 0x0, 0x0, 0x0, 0x0, 0x3, 0xf0, 0x0,
    0x0, 0x0, 0x3f, 0x0, 0x0, 0x0, 0x2, 0xf0,
    0x0, 0x0,

    /* U+06AF "گ" */
    0x0, 0x0, 0x0, 0x0, 0x0, 0x6, 0x0, 0x0,
    0x0, 0x0, 0x0, 0x7f, 0x40, 0x0, 0x0, 0x0,
    0xb, 0xe4, 0x0, 0x0, 0x0, 0x0, 0xbe, 0x40,
    0x7d, 0x0, 0x0, 0x0, 0x24, 0xb, 0xff, 0x40,
    0x0, 0x0, 0x0, 0xbf, 0xff, 0xc0, 0x0, 0x0,
    0x3, 0xff, 0xfe, 0x40, 0x0, 0x0, 0x1, 0xff,
    0xe4, 0x0, 0x0, 0x0, 0x0, 0x7e, 0x40, 0x0,
    0x0, 0x0, 0x0, 0x1d, 0x0, 0x0, 0x0, 0x0,
    0x0, 0x7, 0xf4, 0x0, 0x0, 0x34, 0x0, 0x1,
    0xff, 0x80, 0x0, 0x2f, 0x0, 0x0, 0x3f, 0xfc,
    0x0, 0xf, 0x80, 0x0, 0x2, 0xff, 0xc0, 0x3,
    0xd0, 0x0, 0x0, 0xb, 0xf4, 0x0, 0xf8, 0x0,
    0x0, 0x0, 0x7d, 0x0, 0x3f, 0x80, 0x0, 0x0,
    0xf, 0x40, 0xb, 0xff, 0xff, 0xff, 0xff, 0xc0,
    0x1, 0xff, 0xff, 0xff, 0xff, 0xe0, 0x0, 0x1f,
    0xff, 0xff, 0xff, 0xe0, 0x0, 0x0, 0x6f, 0xff,
    0xfe, 0x40, 0x0, 0x0,

    /* U+06B0 "ڰ" */
    0x0, 0x0, 0x0, 0x0, 0x0, 0x2, 0x0, 0x0,
    0x0, 0x0, 0x0, 0x6f, 0x80, 0x0, 0x0, 0x0,
    0x6, 0xf9, 0x0, 0x0, 0x0, 0x0, 0x6f, 0x80,
    0x6d, 0x0, 0x0, 0x0, 0x34, 0x6, 0xff, 0x40,
    0x0, 0x0, 0x0, 0x6f, 0xff, 0xd0, 0x0, 0x0,
    0x3, 0xff, 0xff, 0x90, 0x0, 0x0, 0x1, 0xff,
    0xfa, 0xd0, 0x0, 0x0, 0x0, 0x7f, 0x78, 0x38,
    0x0, 0x0, 0x0, 0x1d, 0xf, 0xd, 0x0, 0x0,
    0x0, 0x7, 0xe1, 0xff, 0x0, 0x24, 0x0, 0x1,
    0xff, 0x9a, 0x0, 0x1f, 0x0, 0x0, 0x3f, 0xfc,
    0x0, 0xf, 0x80, 0x0, 0x3, 0xff, 0xc0, 0x3,
    0xd0, 0x0, 0x0, 0x1f, 0xf0, 0x0, 0xf8, 0x0,
    0x0, 0x0, 0x7d, 0x0, 0x3f, 0x80, 0x0, 0x0,
    0xf, 0x40, 0xf, 0xff, 0xff, 0xff, 0xff, 0xc0,
    0x1, 0xff, 0xff, 0xff, 0xff, 0xf0, 0x0, 0x1f,
    0xff, 0xff, 0xff, 0xe0, 0x0, 0x0, 0x6f, 0xff,
    0xfe, 0x40, 0x0, 0x0,

    /* U+06B1 "ڱ" */
    0x0, 0x0, 0x1f, 0x2f, 0x0, 0x0, 0x0, 0x0,
    0xf, 0xdf, 0xd0, 0x0, 0x0, 0x0, 0x2, 0xf7,
    0xf0, 0x0, 0x0, 0x0, 0x0, 0x0, 0x0, 0x0,
    0x2d, 0x0, 0x0, 0x0, 0x0, 0x6, 0xf9, 0x0,
    0x0, 0x0, 0x0, 0x6f, 0x90, 0x0, 0x0, 0x0,
    0x2, 0xf8, 0x6, 0xf4, 0x0, 0x0, 0x0, 0x80,
    0x6f, 0xfd, 0x0, 0x0, 0x0, 0x6, 0xff, 0xff,
    0x0, 0x0, 0x0, 0xf, 0xff, 0xf9, 0x0, 0x0,
    0x0, 0x7, 0xff, 0x80, 0x0, 0x0, 0x0, 0x1,
    0xf8, 0x0, 0x0, 0x0, 0x0, 0x0, 0x78, 0x0,
    0x0, 0x0, 0x0, 0x0, 0x1f, 0xd0, 0x0, 0x0,
    0xe0, 0x0, 0x7, 0xff, 0x0, 0x0, 0xbc, 0x0,
    0x0, 0xff, 0xf0, 0x0, 0x3e, 0x0, 0x0, 0xb,
    0xff, 0x0, 0xf, 0x40, 0x0, 0x0, 0x2f, 0xd0,
    0x3, 0xe0, 0x0, 0x0, 0x1, 0xf4, 0x0, 0xfe,
    0x0, 0x0, 0x0, 0x3d, 0x0, 0x2f, 0xff, 0xff,
    0xff, 0xff, 0x0, 0x7, 0xff, 0xff, 0xff, 0xff,
    0x80, 0x0, 0x7f, 0xff, 0xff, 0xff, 0x80, 0x0,
    0x1, 0xbf, 0xff, 0xf9, 0x0, 0x0,

    /* U+06B2 "ڲ" */
    0x0, 0x0, 0x0, 0x0, 0x0, 0x6, 0x0, 0x0,
    0x0, 0x0, 0x0, 0x7f, 0x40, 0x0, 0x0, 0x0,
    0xb, 0xe4, 0x0, 0x0, 0x0, 0x0, 0xbe, 0x40,
    0x7d, 0x0, 0x0, 0x0, 0x24, 0xb, 0xff, 0x40,
    0x0, 0x0, 0x0, 0xbf, 0xff, 0xc0, 0x0, 0x0,
    0x3, 0xff, 0xfe, 0x40, 0x0, 0x0, 0x1, 0xff,
    0xe4, 0x0, 0x0, 0x0, 0x0, 0x7e, 0x40, 0x0,
    0x0, 0x0, 0x0, 0x1d, 0x0, 0x0, 0x0, 0x0,
    0x0, 0x7, 0xf4, 0x0, 0x0, 0x34, 0x0, 0x1,
    0xff, 0x80, 0x0, 0x2f, 0x0, 0x0, 0x3f, 0xfc,
    0x0, 0xf, 0x80, 0x0, 0x2, 0xff, 0xc0, 0x3,
    0xd0, 0x0, 0x0, 0xb, 0xf4, 0x0, 0xf8, 0x0,
    0x0, 0x0, 0x7d, 0x0, 0x3f, 0x80, 0x0, 0x0,
    0xf, 0x40, 0xb, 0xff, 0xff, 0xff, 0xff, 0xc0,
    0x1, 0xff, 0xff, 0xff, 0xff, 0xe0, 0x0, 0x1f,
    0xff, 0xff, 0xff, 0xe0, 0x0, 0x0, 0x6f, 0xff,
    0xfe, 0x40, 0x0, 0x0, 0x0, 0x0, 0x0, 0x0,
    0x0, 0x0, 0x0, 0x0, 0x0, 0x0, 0x0, 0x0,
    0x0, 0xf, 0xcf, 0x80, 0x0, 0x0, 0x0, 0x3,
    0xf7, 0xf0, 0x0, 0x0, 0x0, 0x0, 0xf8, 0xf8,
    0x0, 0x0, 0x0,

    /* U+06B3 "ڳ" */
    0x0, 0x0, 0x0, 0x0, 0x0, 0x6, 0x0, 0x0,
    0x0, 0x0, 0x0, 0x7f, 0x40, 0x0, 0x0, 0x0,
    0xb, 0xe4, 0x0, 0x0, 0x0, 0x0, 0xbe, 0x40,
    0x7d, 0x0, 0x0, 0x0, 0x24, 0xb, 0xff, 0x40,
    0x0, 0x0, 0x0, 0xbf, 0xff, 0xc0, 0x0, 0x0,
    0x3, 0xff, 0xfe, 0x40, 0x0, 0x0, 0x1, 0xff,
    0xe4, 0x0, 0x0, 0x0, 0x0, 0x7e, 0x40, 0x0,
    0x0, 0x0, 0x0, 0x1d, 0x0, 0x0, 0x0, 0x0,
    0x0, 0x7, 0xf4, 0x0, 0x0, 0x34, 0x0, 0x1,
    0xff, 0x80, 0x0, 0x2f, 0x0, 0x0, 0x3f, 0xfc,
    0x0, 0xf, 0x80, 0x0, 0x2, 0xff, 0xc0, 0x3,
    0xd0, 0x0, 0x0, 0xb, 0xf4, 0x0, 0xf8, 0x0,
    0x0, 0x0, 0x7d, 0x0, 0x3f, 0x80, 0x0, 0x0,
    0xf, 0x40, 0xb, 0xff, 0xff, 0xff, 0xff, 0xc0,
    0x1, 0xff, 0xff, 0xff, 0xff, 0xe0, 0x0, 0x1f,
    0xff, 0xff, 0xff, 0xe0, 0x0, 0x0, 0x6f, 0xff,
    0xfe, 0x40, 0x0, 0x0, 0x0, 0x0, 0x0, 0x0,
    0x0, 0x0, 0x0, 0x3, 0xe0, 0x0, 0x0, 0x0,
    0x0, 0x1, 0xfc, 0x0, 0x0, 0x0, 0x0, 0x0,
    0x3f, 0x0, 0x0, 0x0, 0x0, 0x0, 0x1, 0x0,
    0x0, 0x0, 0x0, 0x0, 0x3, 0xf0, 0x0, 0x0,
    0x0, 0x0, 0x1, 0xfc, 0x0, 0x0, 0x0, 0x0,
    0x0, 0x3e, 0x0, 0x0, 0x0, 0x0,

    /* U+06B4 "ڴ" */
    0x0, 0x0, 0x0, 0x0, 0x0, 0x0, 0x0, 0x0,
    0x0, 0xbc, 0x0, 0x0, 0x0, 0x0, 0x0, 0x3f,
    0x40, 0x0, 0x0, 0x0, 0x0, 0xb, 0xc0, 0x0,
    0x0, 0x0, 0x0, 0x1f, 0x2f, 0x0, 0x0, 0x0,
    0x0, 0xf, 0xdf, 0xd0, 0x0, 0x0, 0x0, 0x2,
    0xf7, 0xf0, 0x0, 0x0, 0x0, 0x0, 0x0, 0x0,
    0x0, 0x2d, 0x0, 0x0, 0x0, 0x0, 0x6, 0xf9,
    0x0, 0x0, 0x0, 0x0, 0x6f, 0x90, 0x0, 0x0,
    0x0, 0x2, 0xf8, 0x6, 0xf4, 0x0, 0x0, 0x0,
    0x80, 0x6f, 0xfd, 0x0, 0x0, 0x0, 0x6, 0xff,
    0xff, 0x0, 0x0, 0x0, 0xf, 0xff, 0xf9, 0x0,
    0x0, 0x0, 0x7, 0xff, 0x80, 0x0, 0x0, 0x0,
    0x1, 0xf8, 0x0, 0x0, 0x0, 0x0, 0x0, 0x78,
    0x0, 0x0, 0x0, 0x0, 0x0, 0x1f, 0xd0, 0x0,
    0x0, 0xe0, 0x0, 0x7, 0xff, 0x0, 0x0, 0xbc,
    0x0, 0x0, 0xff, 0xf0, 0x0, 0x3e, 0x0, 0x0,
    0xb, 0xff, 0x0, 0xf, 0x40, 0x0, 0x0, 0x2f,
    0xd0, 0x3, 0xe0, 0x0, 0x0, 0x1, 0xf4, 0x0,
    0xfe, 0x0, 0x0, 0x0, 0x3d, 0x0, 0x2f, 0xff,
    0xff, 0xff, 0xff, 0x0, 0x7, 0xff, 0xff, 0xff,
    0xff, 0x80, 0x0, 0x7f, 0xff, 0xff, 0xff, 0x80,
    0x0, 0x1, 0xbf, 0xff, 0xf9, 0x0, 0x0,

    /* U+06B5 "ڵ" */
    0x2, 0xe0, 0xf0, 0x0, 0x3, 0xcb, 0x40, 0x0,
    0xf, 0x7c, 0xf, 0xc0, 0x1f, 0xe0, 0x3f, 0x0,
    0x3f, 0x0, 0xfc, 0x0, 0x54, 0x3, 0xf0, 0x0,
    0x0, 0xf, 0xc0, 0x0, 0x0, 0x3f, 0x0, 0x0,
    0x0, 0xfc, 0x0, 0x0, 0x3, 0xf0, 0x0, 0x0,
    0xf, 0xc0, 0x0, 0x0, 0x3f, 0x0, 0x0, 0x0,
    0xfc, 0x0, 0x0, 0x3, 0xf0, 0x90, 0x0, 0xf,
    0xc7, 0xc0, 0x0, 0x3f, 0x3e, 0x0, 0x0, 0xfc,
    0xf4, 0x0, 0x3, 0xf3, 0xd0, 0x0, 0xf, 0xcf,
    0x40, 0x0, 0x7e, 0x3e, 0x0, 0x2, 0xf8, 0xfe,
    0x0, 0x1f, 0xd2, 0xff, 0xff, 0xff, 0x3, 0xff,
    0xff, 0xf4, 0x3, 0xff, 0xff, 0x40, 0x1, 0xbf,
    0x90, 0x0,

    /* U+06B6 "ڶ" */
    0x0, 0x2f, 0x0, 0xfc, 0x0, 0xfc, 0x3, 0xf0,
    0x3, 0xf0, 0xf, 0xc0, 0x0, 0x0, 0x3f, 0x0,
    0x0, 0x0, 0xfc, 0x0, 0x0, 0x3, 0xf0, 0x0,
    0x0, 0xf, 0xc0, 0x0, 0x0, 0x3f, 0x0, 0x0,
    0x0, 0xfc, 0x0, 0x0, 0x3, 0xf0, 0x0, 0x0,
    0xf, 0xc0, 0x0, 0x0, 0x3f, 0xd, 0x0, 0x0,
    0xfc, 0x7c, 0x0, 0x3, 0xf3, 0xe0, 0x0, 0xf,
    0xcf, 0x40, 0x0, 0x3f, 0x3d, 0x0, 0x0, 0xfc,
    0xf4, 0x0, 0x7, 0xe3, 0xe0, 0x0, 0x2f, 0x8f,
    0xe0, 0x1, 0xfd, 0x2f, 0xff, 0xff, 0xf0, 0x3f,
    0xff, 0xff, 0x40, 0x3f, 0xff, 0xf4, 0x0, 0x1b,
    0xf9, 0x0,

    /* U+06B7 "ڷ" */
    0x0, 0x0, 0x0, 0x0, 0x0, 0xfc, 0x0, 0x0,
    0x3, 0xf0, 0x0, 0x0, 0xb, 0xc0, 0x0, 0x2,
    0xf2, 0xe0, 0xfc, 0xf, 0xdf, 0xc3, 0xf0, 0x2f,
    0x3f, 0xf, 0xc0, 0x0, 0x0, 0x3f, 0x0, 0x0,
    0x0, 0xfc, 0x0, 0x0, 0x3, 0xf0, 0x0, 0x0,
    0xf, 0xc0, 0x0, 0x0, 0x3f, 0x0, 0x0, 0x0,
    0xfc, 0x0, 0x0, 0x3, 0xf0, 0x0, 0x0, 0xf,
    0xc0, 0x0, 0x0, 0x3f, 0xd, 0x0, 0x0, 0xfc,
    0x7c, 0x0, 0x3, 0xf3, 0xe0, 0x0, 0xf, 0xcf,
    0x40, 0x0, 0x3f, 0x3d, 0x0, 0x0, 0xfc, 0xf4,
    0x0, 0x7, 0xe3, 0xe0, 0x0, 0x2f, 0x8f, 0xe0,
    0x1, 0xfd, 0x2f, 0xff, 0xff, 0xf0, 0x3f, 0xff,
    0xff, 0x40, 0x3f, 0xff, 0xf4, 0x0, 0x1b, 0xf9,
    0x0,

    /* U+06B8 "ڸ" */
    0x0, 0x0, 0x0, 0xfc, 0x0, 0x0, 0x3, 0xf0,
    0x0, 0x0, 0xf, 0xc0, 0x0, 0x0, 0x3f, 0x0,
    0x0, 0x0, 0xfc, 0x0, 0x0, 0x3, 0xf0, 0x0,
    0x0, 0xf, 0xc0, 0x0, 0x0, 0x3f, 0x0, 0x0,
    0x0, 0xfc, 0x0, 0x0, 0x3, 0xf0, 0x0, 0x0,
    0xf, 0xc0, 0x0, 0x0, 0x3f, 0x9, 0x0, 0x0,
    0xfc, 0x7c, 0x0, 0x3, 0xf3, 0xe0, 0x0, 0xf,
    0xcf, 0x40, 0x0, 0x3f, 0x3d, 0x0, 0x0, 0xfc,
    0xf4, 0x0, 0x7, 0xe3, 0xe0, 0x0, 0x2f, 0x8f,
    0xe0, 0x1, 0xfd, 0x2f, 0xff, 0xff, 0xf0, 0x3f,
    0xff, 0xff, 0x40, 0x3f, 0xff, 0xf4, 0x0, 0x1b,
    0xf9, 0x0, 0x0, 0x0, 0x0, 0x0, 0x0, 0x0,
    0x0, 0x0, 0xb, 0xcf, 0xc0, 0x0, 0x3f, 0x7f,
    0x0, 0x0, 0xbc, 0xf8, 0x0, 0x0, 0x2f, 0x0,
    0x0, 0x0, 0xfc, 0x0, 0x0, 0x3, 0xf0, 0x0,
    0x0, 0x0, 0x0, 0x0,

    /* U+06B9 "ڹ" */
    0x0, 0x0, 0x0, 0x0, 0x0, 0x3, 0xe0, 0x0,
    0x0, 0x7, 0xf0, 0x0, 0x0, 0x3, 0xe0, 0x18,
    0x0, 0x0, 0x0, 0xbc, 0x9, 0x0, 0x0, 0x7d,
    0x1f, 0x0, 0x0, 0x3e, 0x2e, 0x0, 0x0, 0x3e,
    0x3d, 0x0, 0x0, 0x3e, 0x3d, 0x0, 0x0, 0x3e,
    0x3d, 0x0, 0x0, 0x3e, 0x3e, 0x0, 0x0, 0x7e,
    0x3f, 0xd0, 0x1, 0xfd, 0x1f, 0xff, 0xff, 0xfc,
    0xf, 0xff, 0xff, 0xf4, 0x2, 0xff, 0xff, 0xd0,
    0x0, 0x2f, 0xf9, 0x0, 0x0, 0x0, 0x0, 0x0,
    0x0, 0x0, 0x0, 0x0, 0x0, 0x3, 0xe0, 0x0,
    0x0, 0x7, 0xf0, 0x0, 0x0, 0x3, 0xe0, 0x0,

    /* U+06BA "ں" */
    0x0, 0x0, 0x0, 0x18, 0x0, 0x0, 0x0, 0xbc,
    0x9, 0x0, 0x0, 0x7d, 0x1f, 0x0, 0x0, 0x3e,
    0x2e, 0x0, 0x0, 0x3e, 0x3d, 0x0, 0x0, 0x3e,
    0x3d, 0x0, 0x0, 0x3e, 0x3d, 0x0, 0x0, 0x3e,
    0x3e, 0x0, 0x0, 0x7e, 0x3f, 0xd0, 0x1, 0xfd,
    0x1f, 0xff, 0xff, 0xfc, 0xf, 0xff, 0xff, 0xf4,
    0x2, 0xff, 0xff, 0xd0, 0x0, 0x2f, 0xf9, 0x0,

    /* U+06BB "ڻ" */
    0x0, 0x0, 0x0, 0x0, 0x0, 0xe, 0x0, 0x0,
    0x0, 0xe, 0x0, 0x0, 0x0, 0xf, 0xf8, 0x0,
    0x0, 0xf, 0xfd, 0x0, 0x0, 0xe, 0xa, 0x0,
    0x0, 0x3f, 0xfe, 0x0, 0x0, 0x3f, 0xf8, 0x18,
    0x0, 0x0, 0x0, 0xbc, 0x9, 0x0, 0x0, 0x7d,
    0x1f, 0x0, 0x0, 0x3e, 0x2e, 0x0, 0x0, 0x3e,
    0x3d, 0x0, 0x0, 0x3e, 0x3d, 0x0, 0x0, 0x3e,
    0x3d, 0x0, 0x0, 0x3e, 0x3e, 0x0, 0x0, 0x7e,
    0x3f, 0xd0, 0x1, 0xfd, 0x1f, 0xff, 0xff, 0xfc,
    0xf, 0xff, 0xff, 0xf4, 0x2, 0xff, 0xff, 0xd0,
    0x0, 0x2f, 0xf9, 0x0,

    /* U+06BC "ڼ" */
    0x0, 0x0, 0x0, 0x0, 0x0, 0x3, 0xe0, 0x0,
    0x0, 0x7, 0xf0, 0x0, 0x0, 0x3, 0xe0, 0x18,
    0x0, 0x0, 0x0, 0xbc, 0x9, 0x0, 0x0, 0x7d,
    0x1f, 0x0, 0x0, 0x3e, 0x2e, 0x0, 0x0, 0x3e,
    0x3d, 0x0, 0x0, 0x3e, 0x3d, 0x0, 0x0, 0x3e,
    0x3d, 0x0, 0x0, 0x3e, 0x3e, 0x0, 0x0, 0x7e,
    0x3f, 0xd0, 0x1, 0xfd, 0x1f, 0xff, 0xff, 0xfc,
    0xf, 0xff, 0xff, 0xf4, 0x2, 0xff, 0xff, 0xd0,
    0x0, 0x2f, 0xfd, 0x0, 0x0, 0x1c, 0x2c, 0x0,
    0x0, 0x1c, 0x1c, 0x0, 0x0, 0xf, 0xb8, 0x0,
    0x0, 0x7, 0xe0, 0x0,

    /* U+06BD "ڽ" */
    0x0, 0x3, 0xe0, 0x0, 0x0, 0x7, 0xf0, 0x0,
    0x0, 0x3, 0xe0, 0x0, 0x0, 0x0, 0x0, 0x0,
    0x0, 0x3f, 0x3e, 0x0, 0x0, 0x3f, 0x7f, 0x0,
    0x0, 0x3e, 0x3d, 0x18, 0x0, 0x0, 0x0, 0xbc,
    0x9, 0x0, 0x0, 0x7d, 0x1f, 0x0, 0x0, 0x3e,
    0x2e, 0x0, 0x0, 0x3e, 0x3d, 0x0, 0x0, 0x3e,
    0x3d, 0x0, 0x0, 0x3e, 0x3d, 0x0, 0x0, 0x3e,
    0x3e, 0x0, 0x0, 0x7e, 0x3f, 0xd0, 0x1, 0xfd,
    0x1f, 0xff, 0xff, 0xfc, 0xf, 0xff, 0xff, 0xf4,
    0x2, 0xff, 0xff, 0xd0, 0x0, 0x2f, 0xf9, 0x0,

    /* U+06BE "ھ" */
    0x0, 0x0, 0x0, 0x0, 0x0, 0x1, 0xe0, 0x0,
    0x0, 0x2, 0xff, 0xd0, 0x0, 0x7, 0xff, 0xfe,
    0x0, 0x3, 0xff, 0xff, 0xf0, 0x2, 0xf4, 0x2f,
    0xff, 0x0, 0xb8, 0x3, 0xef, 0xd0, 0x2d, 0x0,
    0xf0, 0xfc, 0xb, 0xc0, 0x7c, 0x1f, 0x0, 0xf8,
    0x3e, 0x3, 0xd6, 0xbf, 0xff, 0xaa, 0xf6, 0xff,
    0xff, 0xff, 0xfc, 0xbf, 0xff, 0xff, 0xfc, 0x2f,
    0xe4, 0x2f, 0xfe, 0x0,

    /* U+06BF "ڿ" */
    0x0, 0x0, 0x0, 0x0, 0x0, 0xb, 0xd0, 0x0,
    0x0, 0xf, 0xd0, 0x0, 0x0, 0x7, 0xc0, 0x0,
    0x0, 0x0, 0x0, 0x0, 0x0, 0x0, 0x0, 0x0,
    0x7, 0xff, 0xff, 0xf8, 0xf, 0xff, 0xff, 0xf8,
    0x2f, 0xff, 0xff, 0xf8, 0x2f, 0x55, 0x56, 0xf8,
    0x2f, 0x0, 0x6f, 0xf8, 0x0, 0xb, 0xff, 0xf8,
    0x0, 0xbf, 0xff, 0x90, 0x7, 0xff, 0x90, 0x0,
    0xf, 0xe0, 0x0, 0x0, 0x3f, 0x8, 0x24, 0x0,
    0x3d, 0x3f, 0xfc, 0x0, 0x7c, 0x2e, 0xb8, 0x0,
    0x7d, 0x3, 0xc0, 0x0, 0x7e, 0x7, 0xd0, 0x14,
    0x3f, 0x42, 0x80, 0xbc, 0x2f, 0xfa, 0xaf, 0xfe,
    0xf, 0xff, 0xff, 0xfd, 0x3, 0xff, 0xff, 0xe0,
    0x0, 0x6f, 0xf9, 0x0,

    /* U+06C0 "ۀ" */
    0x0, 0xbe, 0x0, 0x7, 0xfc, 0x0, 0x2d, 0x50,
    0x0, 0x74, 0x0, 0x3, 0xff, 0x40, 0xf, 0xfd,
    0x0, 0x0, 0x0, 0x0, 0x0, 0x0, 0x2, 0xff,
    0x0, 0x2f, 0xff, 0x1, 0xff, 0xff, 0xf, 0xd2,
    0xfc, 0x7d, 0x2, 0xf5, 0xf0, 0x3, 0xe7, 0xc0,
    0xf, 0x9f, 0xea, 0xfd, 0x3f, 0xff, 0xf0, 0x7f,
    0xff, 0x40, 0x2f, 0xe0, 0x0,

    /* U+06C1 "ہ" */
    0x2, 0xff, 0x0, 0x2f, 0xff, 0x1, 0xff, 0xfe,
    0xf, 0xd3, 0xfc, 0x3d, 0x2, 0xf5, 0xf0, 0x3,
    0xe7, 0xc0, 0xf, 0x9f, 0xea, 0xfd, 0x3f, 0xff,
    0xf0, 0x7f, 0xff, 0x40, 0x2f, 0xe0, 0x0,

    /* U+06C2 "ۂ" */
    0x0, 0xbe, 0x0, 0x7, 0xfc, 0x0, 0x2d, 0x50,
    0x0, 0x74, 0x0, 0x3, 0xff, 0x40, 0xf, 0xfd,
    0x0, 0x0, 0x0, 0x0, 0x0, 0x0, 0x2, 0xff,
    0x0, 0x2f, 0xff, 0x1, 0xff, 0xff, 0xf, 0xd2,
    0xfc, 0x7d, 0x2, 0xf5, 0xf0, 0x3, 0xe7, 0xc0,
    0xf, 0x9f, 0xea, 0xfd, 0x3f, 0xff, 0xf0, 0x7f,
    0xff, 0x40, 0x2f, 0xe0, 0x0,

    /* U+06C3 "ۃ" */
    0x0, 0x0, 0x0, 0x2f, 0x3f, 0x0, 0xfd, 0xfc,
    0x2, 0xf2, 0xe0, 0x0, 0x0, 0x0, 0x0, 0x0,
    0x0, 0x2f, 0xf0, 0x2, 0xff, 0xf0, 0x1f, 0xff,
    0xe0, 0xfd, 0x2f, 0xc3, 0xd0, 0x2f, 0x5f, 0x0,
    0x3e, 0x7c, 0x0, 0xf9, 0xfe, 0xaf, 0xd3, 0xff,
    0xff, 0x7, 0xff, 0xf4, 0x2, 0xfe, 0x0,

    /* U+06C4 "ۄ" */
    0x1, 0xfe, 0x0, 0x2f, 0xff, 0x1, 0xff, 0xff,
    0xf, 0xfb, 0xfc, 0x3e, 0x1, 0xf4, 0xf4, 0x3,
    0xe3, 0xfa, 0xaf, 0x8f, 0xff, 0xfe, 0x1f, 0xfe,
    0xb8, 0x3f, 0xe3, 0xd1, 0xc7, 0x2f, 0x7, 0x1f,
    0xfc, 0x7f, 0xff, 0xd1, 0xff, 0xfd, 0x7, 0xff,
    0xd0, 0xa, 0x90, 0x0,

    /* U+06C5 "ۅ" */
    0x1, 0xfe, 0x0, 0x2f, 0xff, 0x1, 0xff, 0xff,
    0xf, 0xfb, 0xfc, 0x3e, 0x1, 0xf4, 0xf4, 0x3,
    0xe3, 0xfa, 0xaf, 0x8f, 0xff, 0xfe, 0x1f, 0xff,
    0xb8, 0x1f, 0xe3, 0xd7, 0xff, 0xff, 0x0, 0x5f,
    0xfc, 0x7f, 0xff, 0xd1, 0xff, 0xfd, 0x7, 0xff,
    0xd0, 0xa, 0x90, 0x0,

    /* U+06C6 "ۆ" */
    0x7, 0xc3, 0xc0, 0xf, 0x1e, 0x0, 0x2e, 0xf0,
    0x0, 0x3f, 0xc0, 0x0, 0xfd, 0x0, 0x0, 0x50,
    0x0, 0x0, 0x0, 0x0, 0x0, 0x0, 0x1, 0xfe,
    0x0, 0x2f, 0xff, 0x1, 0xff, 0xff, 0xf, 0xfb,
    0xfc, 0x3e, 0x1, 0xf4, 0xf4, 0x3, 0xe3, 0xfa,
    0xaf, 0x8f, 0xff, 0xfe, 0x1f, 0xff, 0xb8, 0x1f,
    0xe3, 0xd0, 0x0, 0x2f, 0x0, 0x7, 0xfc, 0x7f,
    0xff, 0xd1, 0xff, 0xfd, 0x7, 0xff, 0xd0, 0xa,
    0x90, 0x0,

    /* U+06C7 "ۇ" */
    0x0, 0x2f, 0x0, 0x2, 0xef, 0x0, 0xf, 0x2c,
    0x0, 0x2e, 0xf0, 0x0, 0x7f, 0x0, 0x1f, 0xe0,
    0x0, 0x78, 0x0, 0x0, 0x0, 0x0, 0x0, 0x0,
    0x0, 0x7, 0xf8, 0x0, 0xbf, 0xfc, 0x7, 0xff,
    0xfc, 0x3f, 0xef, 0xf0, 0xf8, 0x7, 0xd3, 0xd0,
    0xf, 0x8f, 0xea, 0xbe, 0x3f, 0xff, 0xf8, 0x7f,
    0xfe, 0xe0, 0x7f, 0x8f, 0x40, 0x0, 0xbc, 0x0,
    0x1f, 0xf1, 0xff, 0xff, 0x47, 0xff, 0xf4, 0x1f,
    0xff, 0x40, 0x2a, 0x40, 0x0,

    /* U+06C8 "ۈ" */
    0x0, 0x10, 0x0, 0x0, 0xe0, 0x0, 0x3, 0x80,
    0x0, 0xe, 0x0, 0x0, 0x38, 0x0, 0x0, 0x0,
    0x0, 0x0, 0x0, 0x0, 0x7f, 0x80, 0xb, 0xff,
    0xc0, 0x7f, 0xff, 0xc3, 0xfe, 0xff, 0xf, 0x80,
    0x7d, 0x3d, 0x0, 0xf8, 0xfe, 0xab, 0xe3, 0xff,
    0xff, 0x87, 0xff, 0xee, 0x7, 0xf8, 0xf4, 0x0,
    0xb, 0xc0, 0x1, 0xff, 0x1f, 0xff, 0xf4, 0x7f,
    0xff, 0x41, 0xff, 0xf4, 0x2, 0xa4, 0x0, 0x0,

    /* U+06C9 "ۉ" */
    0x0, 0xbd, 0x0, 0x3, 0xf8, 0x0, 0x1e, 0xf0,
    0x0, 0xf3, 0xd0, 0x3, 0xc7, 0xc0, 0x4, 0x5,
    0x0, 0x0, 0x0, 0x0, 0x0, 0x0, 0x1, 0xfe,
    0x0, 0x2f, 0xff, 0x1, 0xff, 0xff, 0xf, 0xfb,
    0xfc, 0x3e, 0x1, 0xf4, 0xf4, 0x3, 0xe3, 0xfa,
    0xaf, 0x8f, 0xff, 0xfe, 0x1f, 0xff, 0xb8, 0x1f,
    0xe3, 0xd0, 0x0, 0x2f, 0x0, 0x7, 0xfc, 0x7f,
    0xff, 0xd1, 0xff, 0xfd, 0x7, 0xff, 0xd0, 0xa,
    0x90, 0x0,

    /* U+06CA "ۊ" */
    0x0, 0x0, 0x0, 0x2f, 0x6f, 0x0, 0xbe, 0xfd,
    0x1, 0xf2, 0xf0, 0x0, 0x0, 0x0, 0x0, 0x0,
    0x0, 0x1f, 0xe0, 0x2, 0xff, 0xf0, 0x1f, 0xff,
    0xf0, 0xff, 0xbf, 0xc3, 0xe0, 0x1f, 0x4f, 0x40,
    0x3e, 0x3f, 0xaa, 0xf8, 0xff, 0xff, 0xe1, 0xff,
    0xfb, 0x81, 0xfe, 0x3d, 0x0, 0x2, 0xf0, 0x0,
    0x7f, 0xc7, 0xff, 0xfd, 0x1f, 0xff, 0xd0, 0x7f,
    0xfd, 0x0, 0xa9, 0x0, 0x0,

    /* U+06CB "ۋ" */
    0x0, 0x7c, 0x0, 0x3, 0xf4, 0x0, 0xb, 0xc0,
    0x0, 0x0, 0x0, 0xb, 0xdb, 0xc0, 0x2f, 0xbf,
    0x40, 0x7c, 0xbc, 0x0, 0x0, 0x0, 0x0, 0x0,
    0x0, 0x7, 0xf8, 0x0, 0xbf, 0xfc, 0x7, 0xff,
    0xfc, 0x3f, 0xef, 0xf0, 0xf8, 0x7, 0xd3, 0xd0,
    0xf, 0x8f, 0xea, 0xbe, 0x3f, 0xff, 0xf8, 0x7f,
    0xfe, 0xe0, 0x7f, 0x8f, 0x40, 0x0, 0xbc, 0x0,
    0x1f, 0xf1, 0xff, 0xff, 0x47, 0xff, 0xf4, 0x1f,
    0xff, 0x40, 0x2a, 0x40, 0x0,

    /* U+06CC "ی" */
    0x0, 0x0, 0x0, 0x64, 0x0, 0x0, 0x0, 0x2f,
    0xfe, 0x0, 0x0, 0x2, 0xff, 0xfe, 0x0, 0x0,
    0x1f, 0xff, 0xfc, 0x0, 0x0, 0xfd, 0xb, 0x80,
    0x0, 0x7, 0xc0, 0x4, 0x0, 0x0, 0x2f, 0x0,
    0x0, 0x1, 0x0, 0xbd, 0x0, 0x0, 0x1f, 0x2,
    0xff, 0xa4, 0x0, 0xb8, 0x3, 0xff, 0xff, 0x3,
    0xd0, 0x7, 0xff, 0xfe, 0xf, 0x40, 0x1, 0xbf,
    0xfc, 0x3d, 0x0, 0x0, 0x2, 0xf0, 0xf8, 0x0,
    0x0, 0xf, 0xc3, 0xfd, 0x0, 0x1, 0xfe, 0x7,
    0xff, 0xff, 0xff, 0xf0, 0xb, 0xff, 0xff, 0xff,
    0x40, 0xb, 0xff, 0xff, 0xf0, 0x0, 0x2, 0xff,
    0xf9, 0x0, 0x0,

    /* U+06CD "ۍ" */
    0x0, 0x0, 0x0, 0x6, 0x40, 0x0, 0x0, 0x0,
    0x2f, 0xfe, 0x0, 0x0, 0x0, 0x2f, 0xff, 0xe0,
    0x0, 0x0, 0x1f, 0xff, 0xfc, 0x0, 0x0, 0xf,
    0xd0, 0xb8, 0x0, 0x0, 0x7, 0xc0, 0x4, 0xf,
    0xff, 0x42, 0xf0, 0x0, 0x3, 0xff, 0xd0, 0xbd,
    0x0, 0x0, 0x1, 0xf0, 0x2f, 0xfa, 0x40, 0x0,
    0xb8, 0x3, 0xff, 0xff, 0x0, 0x3d, 0x0, 0x7f,
    0xff, 0xe0, 0xf, 0x40, 0x1, 0xbf, 0xfc, 0x3,
    0xd0, 0x0, 0x0, 0x2f, 0x0, 0xf8, 0x0, 0x0,
    0xf, 0xc0, 0x3f, 0xd0, 0x0, 0x1f, 0xe0, 0x7,
    0xff, 0xff, 0xff, 0xf0, 0x0, 0xbf, 0xff, 0xff,
    0xf4, 0x0, 0xb, 0xff, 0xff, 0xf0, 0x0, 0x0,
    0x2f, 0xff, 0x90, 0x0,

    /* U+06CE "ێ" */
    0x14, 0x4, 0x0, 0x19, 0x0, 0x3d, 0x3c, 0x2,
    0xff, 0xe0, 0x1e, 0x3c, 0xb, 0xff, 0xf8, 0xf,
    0xb4, 0x1f, 0xff, 0xfc, 0xb, 0xf0, 0x3f, 0x42,
    0xe0, 0x7, 0xe0, 0x7c, 0x0, 0x40, 0x0, 0x0,
    0xbc, 0x0, 0x0, 0x2, 0x40, 0xbd, 0x0, 0x0,
    0x7, 0xc0, 0xbf, 0xe9, 0x0, 0xb, 0x80, 0x3f,
    0xff, 0xf0, 0xf, 0x40, 0x1f, 0xff, 0xf8, 0xf,
    0x40, 0x1, 0xbf, 0xfc, 0xf, 0x40, 0x0, 0x0,
    0xbc, 0xf, 0x80, 0x0, 0x0, 0xfc, 0xf, 0xf4,
    0x0, 0x7, 0xf8, 0x7, 0xff, 0xff, 0xff, 0xf0,
    0x2, 0xff, 0xff, 0xff, 0xd0, 0x0, 0xbf, 0xff,
    0xff, 0x0, 0x0, 0xb, 0xff, 0xe4, 0x0,

    /* U+06CF "ۏ" */
    0x0, 0x0, 0x0, 0x2, 0xf0, 0x0, 0xf, 0xd0,
    0x0, 0x1f, 0x0, 0x0, 0x0, 0x0, 0x0, 0x0,
    0x0, 0x1f, 0xe0, 0x2, 0xff, 0xf0, 0x1f, 0xff,
    0xf0, 0xff, 0xbf, 0xc3, 0xe0, 0x1f, 0x4f, 0x40,
    0x3e, 0x3f, 0xaa, 0xf8, 0xff, 0xff, 0xe1, 0xff,
    0xfb, 0x81, 0xfe, 0x3d, 0x0, 0x2, 0xf0, 0x0,
    0x7f, 0xc7, 0xff, 0xfd, 0x1f, 0xff, 0xd0, 0x7f,
    0xfd, 0x0, 0xa9, 0x0, 0x0,

    /* U+06D0 "ې" */
    0x0, 0x0, 0x0, 0x64, 0x0, 0x0, 0x0, 0x2f,
    0xfe, 0x0, 0x0, 0x2, 0xff, 0xfe, 0x0, 0x0,
    0x1f, 0xff, 0xfc, 0x0, 0x0, 0xfd, 0xb, 0x80,
    0x0, 0x7, 0xc0, 0x4, 0x0, 0x0, 0x2f, 0x0,
    0x0, 0x2, 0x0, 0xbd, 0x0, 0x0, 0x1f, 0x1,
    0xff, 0xe4, 0x0, 0xb8, 0x3, 0xff, 0xff, 0x3,
    0xd0, 0x7, 0xff, 0xfe, 0xf, 0x40, 0x1, 0xbf,
    0xfc, 0x3d, 0x0, 0x0, 0x2, 0xf0, 0xfc, 0x0,
    0x0, 0xf, 0xc3, 0xfd, 0x0, 0x2, 0xfd, 0x7,
    0xff, 0xff, 0xff, 0xf0, 0xb, 0xff, 0xff, 0xff,
    0x40, 0x7, 0xff, 0xff, 0xe0, 0x0, 0x1, 0xbf,
    0xe4, 0x0, 0x0, 0x0, 0x0, 0x0, 0x0, 0x0,
    0x1, 0xf4, 0x0, 0x0, 0x0, 0xb, 0xe0, 0x0,
    0x0, 0x0, 0x1f, 0x40, 0x0, 0x0, 0x0, 0x14,
    0x0, 0x0, 0x0, 0x1, 0xf4, 0x0, 0x0, 0x0,
    0xb, 0xe0, 0x0, 0x0, 0x0, 0x1f, 0x40, 0x0,
    0x0,

    /* U+06D1 "ۑ" */
    0x0, 0x0, 0x2, 0xfe, 0x0, 0x0, 0x0, 0x3f,
    0xff, 0x0, 0x0, 0x3, 0xff, 0xff, 0x0, 0x0,
    0x2f, 0xeb, 0xf4, 0x0, 0x0, 0xf8, 0x3, 0x40,
    0x0, 0x7, 0xc0, 0x0, 0x0, 0x0, 0x2f, 0x0,
    0x0, 0x7, 0xc0, 0xbf, 0x90, 0x0, 0x2f, 0x1,
    0xff, 0xff, 0x40, 0xf8, 0x2, 0xff, 0xff, 0x83,
    0xd0, 0x0, 0xbf, 0xff, 0xf, 0x40, 0x0, 0x1,
    0xfc, 0x3e, 0x0, 0x0, 0x3, 0xf0, 0xfe, 0x40,
    0x0, 0x7f, 0x81, 0xff, 0xff, 0xff, 0xfc, 0x3,
    0xff, 0xff, 0xff, 0xd0, 0x2, 0xff, 0xff, 0xfd,
    0x0, 0x0, 0xbf, 0xfe, 0x40, 0x0, 0x0, 0x0,
    0x0, 0x0, 0x0, 0x0, 0x0, 0x0, 0x0, 0x0,
    0xf, 0x5f, 0x0, 0x0, 0x0, 0x7e, 0xbe, 0x0,
    0x0, 0x1, 0xfa, 0xf4, 0x0, 0x0, 0x0, 0x0,
    0x0, 0x0, 0x0, 0x1, 0xf4, 0x0, 0x0, 0x0,
    0xb, 0xe0, 0x0, 0x0, 0x0, 0x1f, 0x40, 0x0,
    0x0,

    /* U+06D2 "ے" */
    0x0, 0x0, 0xfc, 0x0, 0x0, 0x0, 0x1, 0xfc,
    0x0, 0x0, 0x0, 0x1f, 0xf8, 0x0, 0x0, 0x1,
    0xff, 0xf0, 0x0, 0x0, 0xb, 0xff, 0x80, 0x0,
    0x0, 0x2f, 0xf8, 0x0, 0x0, 0x0, 0x3f, 0x80,
    0x0, 0x0, 0x0, 0x7d, 0x0, 0x0, 0x0, 0x0,
    0x7f, 0xaa, 0xaa, 0xaa, 0xa9, 0x3f, 0xff, 0xff,
    0xff, 0xff, 0x2f, 0xff, 0xff, 0xff, 0xff, 0xb,
    0xff, 0xff, 0xff, 0xff,

    /* U+06D3 "ۓ" */
    0x0, 0x0, 0xbd, 0x0, 0x0, 0x0, 0x2, 0xff,
    0x0, 0x0, 0x0, 0x2, 0xd5, 0x0, 0x0, 0x0,
    0x1, 0xd0, 0x0, 0x0, 0x0, 0x7, 0xff, 0x40,
    0x0, 0x0, 0x7, 0xff, 0x40, 0x0, 0x0, 0x0,
    0x0, 0x0, 0x0, 0x0, 0x0, 0x0, 0x0, 0x0,
    0x0, 0x0, 0xfc, 0x0, 0x0, 0x0, 0x2, 0xfc,
    0x0, 0x0, 0x0, 0x2f, 0xf8, 0x0, 0x0, 0x1,
    0xff, 0xf0, 0x0, 0x0, 0xb, 0xff, 0x40, 0x0,
    0x0, 0x2f, 0xf4, 0x0, 0x0, 0x0, 0x3f, 0x80,
    0x0, 0x0, 0x0, 0x7d, 0x0, 0x0, 0x0, 0x0,
    0x7f, 0xaa, 0xaa, 0xaa, 0xa9, 0x3f, 0xff, 0xff,
    0xff, 0xff, 0x2f, 0xff, 0xff, 0xff, 0xff, 0xb,
    0xff, 0xff, 0xff, 0xff,

    /* U+06D4 "۔" */
    0x0, 0x0, 0x3e, 0xa8, 0xbf, 0xfc, 0xff, 0xfc,
    0x1f, 0xfc,

    /* U+06D5 "ە" */
    0x2, 0xff, 0x0, 0x2f, 0xff, 0x1, 0xff, 0xfe,
    0xf, 0xd3, 0xfc, 0x3d, 0x2, 0xf5, 0xf0, 0x3,
    0xe7, 0xc0, 0xf, 0x9f, 0xea, 0xfd, 0x3f, 0xff,
    0xf0, 0x7f, 0xff, 0x40, 0x2f, 0xe0, 0x0,

    /* U+06D6 "ۖ" */
    0x0, 0x50, 0x0, 0x0, 0x2, 0x80, 0x0, 0x0,
    0xa, 0x0, 0x0, 0x0, 0x28, 0x0, 0xfc, 0x0,
    0xe0, 0x4f, 0xf8, 0x1f, 0x87, 0xa0, 0x73, 0xfb,
    0xff, 0xff, 0xee, 0x4f, 0x2f, 0xfc, 0xbf, 0xff,
    0xff, 0xf9, 0xff, 0xff, 0xff, 0xe0,

    /* U+06D7 "ۗ" */
    0x0, 0x3, 0xb0, 0x1, 0x48, 0x80, 0xa, 0x2e,
    0x0, 0x29, 0xfd, 0x0, 0xa7, 0xb8, 0x3, 0x8f,
    0xa0, 0xbf, 0xab, 0x8f, 0xdf, 0xfd, 0xb8, 0x15,
    0x42, 0xff, 0xff, 0xe7, 0xff, 0xff, 0x80,

    /* U+06D8 "ۘ" */
    0x0, 0x24, 0x0, 0xfd, 0x2, 0xde, 0x7f, 0xfd,
    0x7e, 0x7c, 0x0, 0x0,

    /* U+06D9 "ۙ" */
    0x0, 0xf0, 0x53, 0x82, 0xee, 0x2, 0xf4, 0xf,
    0xf0, 0xbf, 0xc2, 0xfd, 0x0,

    /* U+06DA "ۚ" */
    0x0, 0x0, 0xff, 0x8b, 0xff, 0x15, 0xbc, 0x3e,
    0x42, 0x9c, 0xe, 0x16, 0x2f, 0xfd, 0x2f, 0xd0,

    /* U+06DB "ۛ" */
    0x7, 0xc0, 0xf, 0xd0, 0xb, 0xc0, 0x0, 0x0,
    0xbd, 0xbc, 0xbe, 0xfd, 0x7c, 0xbc,

    /* U+06DC "ۜ" */
    0x0, 0x0, 0x18, 0x10, 0x35, 0xdc, 0x70, 0x3f,
    0xfc, 0x74, 0x3d, 0xf4, 0x7f, 0xf0, 0x0, 0x1f,
    0xd0, 0x0,

    /* U+06DD "۝" */
    0x0, 0x0, 0x16, 0xa4, 0x0, 0x0, 0x0, 0x0,
    0xbf, 0xff, 0xf8, 0x0, 0x0, 0x2, 0xff, 0xff,
    0xff, 0xd0, 0x0, 0x2, 0xfe, 0x0, 0x6, 0xfe,
    0x0, 0x3, 0xf4, 0x3, 0xe0, 0x7, 0xe0, 0x2,
    0xf0, 0x0, 0xfc, 0x0, 0x3d, 0x0, 0xf0, 0x0,
    0x3f, 0x0, 0x7, 0xc0, 0xb8, 0x0, 0x0, 0x0,
    0x0, 0xb8, 0x3c, 0x0, 0x0, 0x0, 0x0, 0xf,
    0x1f, 0x0, 0x0, 0x0, 0x0, 0x3, 0xdb, 0x80,
    0x0, 0x0, 0x0, 0x0, 0xb6, 0xd0, 0x0, 0x0,
    0x0, 0x0, 0x2e, 0xf4, 0x0, 0x0, 0x0, 0x0,
    0xb, 0xad, 0x0, 0x0, 0x0, 0x0, 0x2, 0xeb,
    0x40, 0x0, 0x0, 0x0, 0x0, 0xb9, 0xe0, 0x0,
    0x0, 0x0, 0x0, 0x3d, 0x3c, 0x0, 0x0, 0x0,
    0x0, 0xf, 0xf, 0x40, 0x0, 0x0, 0x0, 0x7,
    0xc1, 0xf0, 0x0, 0x3e, 0x0, 0x3, 0xd0, 0x3e,
    0x0, 0xf, 0xc0, 0x3, 0xe0, 0x3, 0xe0, 0x3,
    0xf0, 0x3, 0xf0, 0x0, 0x7f, 0x40, 0x0, 0xb,
    0xf0, 0x0, 0x3, 0xff, 0xea, 0xff, 0xf0, 0x0,
    0x0, 0x1f, 0xff, 0xff, 0xd0, 0x0, 0x0, 0x0,
    0x6f, 0xfe, 0x40, 0x0, 0x0,

    /* U+06DE "۞" */
    0x0, 0x0, 0x0, 0x0, 0x0, 0x0, 0x0, 0x0,
    0x0, 0xf0, 0x0, 0x0, 0x0, 0x0, 0x0, 0xff,
    0x0, 0x0, 0x0, 0x0, 0x0, 0xf4, 0xf0, 0x0,
    0x0, 0x1, 0xff, 0xff, 0xff, 0xff, 0x80, 0x0,
    0x7a, 0xfa, 0xaa, 0xfe, 0xe0, 0x0, 0x1d, 0xf4,
    0x0, 0xf, 0x38, 0x0, 0x7, 0xf4, 0x0, 0x0,
    0xfe, 0x0, 0x1, 0xf4, 0x0, 0x0, 0xf, 0x80,
    0x0, 0xf4, 0x0, 0x0, 0x0, 0xf4, 0x0, 0xfd,
    0x0, 0xbf, 0x0, 0x3f, 0x40, 0xfb, 0x40, 0x7a,
    0xe0, 0xe, 0xf4, 0xbd, 0xd0, 0x1c, 0x38, 0x3,
    0x9f, 0xb, 0xf4, 0x3, 0xfd, 0x0, 0xff, 0x0,
    0xbd, 0x0, 0x7e, 0x0, 0x3f, 0x0, 0xb, 0x80,
    0x0, 0x0, 0x1f, 0x0, 0x1, 0xf8, 0x0, 0x0,
    0x1f, 0x80, 0x0, 0x7f, 0x80, 0x0, 0x1f, 0xe0,
    0x0, 0x1d, 0x7c, 0x0, 0x2e, 0x38, 0x0, 0x7,
    0xff, 0xff, 0xff, 0xfe, 0x0, 0x0, 0xaa, 0xbe,
    0xbf, 0xaa, 0x40, 0x0, 0x0, 0x7, 0xee, 0x0,
    0x0, 0x0, 0x0, 0x0, 0x7e, 0x0, 0x0, 0x0,
    0x0, 0x0, 0x6, 0x0, 0x0, 0x0, 0x0, 0x0,
    0x0, 0x0, 0x0, 0x0, 0x0,

    /* U+06DF "۟" */
    0xa, 0x43, 0xfd, 0xb4, 0xfb, 0xf, 0x7f, 0xe1,
    0xf8,

    /* U+06E0 "۠" */
    0xa, 0x43, 0xfd, 0x74, 0xfb, 0xf, 0xb0, 0xf3,
    0xfd, 0x1f, 0x80,

    /* U+06E1 "ۡ" */
    0x3f, 0x90, 0xff, 0xf0, 0xb, 0xdf, 0xfd, 0xbe,
    0x0,

    /* U+06E2 "ۢ" */
    0x1, 0x40, 0x3f, 0x80, 0x8b, 0xb, 0xfc, 0x7f,
    0xf2, 0xc0, 0xb, 0x0, 0x2c, 0x0,

    /* U+06E3 "ۣ" */
    0x0, 0x0, 0x18, 0x10, 0x35, 0xdc, 0x70, 0x3f,
    0xfc, 0x74, 0x3d, 0xf4, 0x7f, 0xf0, 0x0, 0x1f,
    0xd0, 0x0,

    /* U+06E4 "ۤ" */
    0x0, 0x0, 0xa, 0x40, 0xeb, 0xff, 0xfb, 0xeb,
    0xf8,

    /* U+06E5 "ۥ" */
    0x0, 0x1, 0xf8, 0x3f, 0xeb, 0x5f, 0x7f, 0xf2,
    0xfb, 0x6, 0xeb, 0xfc, 0xbe, 0x0,

    /* U+06E6 "ۦ" */
    0x3, 0x80, 0x3, 0xe0, 0x7, 0xe0, 0x3, 0xc0,
    0x0, 0xff, 0xff, 0x5f, 0xff, 0xd0,

    /* U+06E7 "ۧ" */
    0x3, 0x80, 0x3, 0xe0, 0x7, 0xe0, 0x3, 0xc0,
    0x0, 0xff, 0xff, 0x5f, 0xff, 0xd0,

    /* U+06E8 "ۨ" */
    0x5, 0x0, 0x2c, 0x0, 0x7, 0x2c, 0xc, 0xb0,
    0x72, 0xff, 0xc2, 0xfc, 0x0,

    /* U+06E9 "۩" */
    0x0, 0x7, 0x0, 0x0, 0x0, 0x98, 0x0, 0x0,
    0x7f, 0xe0, 0x0, 0x2d, 0x56, 0xd0, 0x9, 0x55,
    0x55, 0x43, 0xff, 0xff, 0xfd, 0x60, 0x0, 0x0,
    0x37, 0xff, 0xff, 0xff, 0x34, 0x0, 0x0, 0xd0,
    0xbf, 0xff, 0xf4, 0x2, 0x55, 0x5c, 0x0, 0x2a,
    0xaa, 0xc0, 0x2, 0xff, 0xfc, 0x0, 0x25, 0x55,
    0xc0, 0x2, 0xaa, 0xac, 0x0, 0x7a, 0xaa, 0xe0,
    0x29, 0x55, 0x55, 0xc7, 0xff, 0xff, 0xff,

    /* U+06EA "۪" */
    0x1, 0x0, 0x2f, 0x2, 0xef, 0xf, 0x2e, 0xf,
    0xe0, 0xe, 0x0, 0x0, 0x0,

    /* U+06EB "۫" */
    0x1, 0x0, 0x2f, 0x2, 0xef, 0xf, 0x2e, 0xf,
    0xe0, 0xe, 0x0, 0x0, 0x0,

    /* U+06EC "۬" */
    0x4, 0x3, 0xf8, 0x3f, 0xc3, 0xfc, 0x2f, 0x40,

    /* U+06ED "ۭ" */
    0x1, 0x40, 0x3f, 0x80, 0x8b, 0xb, 0xfc, 0x7f,
    0xf2, 0xc0, 0xb, 0x0, 0x2c, 0x0,

    /* U+06EE "ۮ" */
    0x0, 0x7d, 0x0, 0x0, 0xff, 0x0, 0x0, 0xef,
    0x0, 0x2, 0xdb, 0x80, 0x3, 0xc7, 0xc0, 0x1,
    0x41, 0x40, 0x0, 0x0, 0x0, 0x0, 0x1c, 0x0,
    0x0, 0x7f, 0x0, 0x0, 0xff, 0xc0, 0x0, 0x3f,
    0xe0, 0x0, 0xf, 0xf4, 0x0, 0x3, 0xfc, 0x0,
    0x0, 0xfc, 0x0, 0x0, 0x7d, 0x7d, 0x0, 0x7d,
    0x7f, 0xaa, 0xfd, 0x3f, 0xff, 0xfc, 0x3f, 0xff,
    0xf4, 0xb, 0xff, 0xd0,

    /* U+06EF "ۯ" */
    0x0, 0xbd, 0x0, 0xf, 0xf0, 0x1, 0xef, 0x0,
    0x2d, 0xb8, 0x3, 0xc7, 0xc0, 0x14, 0x14, 0x0,
    0x0, 0x0, 0x1, 0x90, 0x0, 0x3e, 0x0, 0x3,
    0xf0, 0x0, 0x2f, 0x0, 0x1, 0xf0, 0x0, 0x1f,
    0x40, 0x1, 0xf4, 0x0, 0x1f, 0x40, 0x2, 0xf0,
    0x0, 0x7f, 0x6, 0xbf, 0xd0, 0x7f, 0xfc, 0x7,
    0xff, 0x0, 0x7f, 0x40, 0x0,

    /* U+06F0 "۰" */
    0x1a, 0x2f, 0xef, 0xfe, 0xff, 0x3f, 0x0,

    /* U+06F1 "۱" */
    0x69, 0x1f, 0x47, 0xe1, 0xf8, 0x7e, 0xf, 0x83,
    0xf0, 0xfc, 0x3f, 0xf, 0xc3, 0xf0, 0xfc, 0x3f,
    0xb, 0xc2, 0xf4,

    /* U+06F2 "۲" */
    0x68, 0x0, 0x62, 0xf4, 0x7, 0xd7, 0xe0, 0xf,
    0x9f, 0x80, 0x3e, 0x7f, 0xab, 0xf8, 0xff, 0xff,
    0xc3, 0xff, 0xfe, 0xf, 0xff, 0xd0, 0x3f, 0x0,
    0x0, 0xfc, 0x0, 0x3, 0xf0, 0x0, 0xf, 0xc0,
    0x0, 0x3f, 0x0, 0x0, 0xbc, 0x0, 0x2, 0xf4,
    0x0, 0x0,

    /* U+06F3 "۳" */
    0x68, 0x0, 0x1, 0x9b, 0xd0, 0x64, 0x3d, 0x7e,
    0xf, 0xc3, 0xe7, 0xe0, 0xfc, 0x3e, 0x7f, 0xbf,
    0xc7, 0xe3, 0xff, 0xff, 0xfd, 0x3f, 0xf3, 0xff,
    0xc3, 0xfd, 0x2f, 0xf8, 0x3f, 0x0, 0x69, 0x3,
    0xf0, 0x0, 0x0, 0x3f, 0x0, 0x0, 0x3, 0xf0,
    0x0, 0x0, 0x3f, 0x0, 0x0, 0x2, 0xf0, 0x0,
    0x0, 0x2f, 0x40, 0x0, 0x0,

    /* U+06F4 "۴" */
    0x69, 0x7, 0xf8, 0x1f, 0x47, 0xff, 0xc7, 0xe3,
    0xff, 0xf5, 0xf8, 0xfd, 0xb4, 0x7e, 0x3d, 0x0,
    0xf, 0xdf, 0xd5, 0x43, 0xff, 0xff, 0xf8, 0xff,
    0xff, 0xfe, 0x3f, 0xff, 0xff, 0x8f, 0xc0, 0x0,
    0x3, 0xf0, 0x0, 0x0, 0xfc, 0x0, 0x0, 0x3f,
    0x0, 0x0, 0xb, 0xc0, 0x0, 0x2, 0xf4, 0x0,
    0x0,

    /* U+06F5 "۵" */
    0x0, 0x3f, 0xd0, 0x0, 0xb, 0xff, 0x0, 0x1,
    0xff, 0xfc, 0x0, 0x3f, 0x2f, 0xd0, 0xb, 0xd0,
    0xbf, 0x0, 0xf8, 0x3, 0xf8, 0x2f, 0x0, 0xf,
    0xc3, 0xf0, 0x0, 0xbd, 0x3d, 0xf, 0x83, 0xe3,
    0xd0, 0xf8, 0x3e, 0x7d, 0xf, 0x83, 0xe3, 0xfb,
    0xfe, 0xfd, 0x3f, 0xf7, 0xff, 0xc2, 0xfe, 0x3f,
    0xf8, 0xb, 0xc0, 0xfe, 0x0,

    /* U+06F6 "۶" */
    0x0, 0xbf, 0x80, 0x0, 0xff, 0xfd, 0x0, 0xff,
    0xff, 0xd0, 0x7f, 0xaf, 0xf0, 0x2f, 0x0, 0xb0,
    0xb, 0xc0, 0x0, 0x1, 0xf8, 0x6, 0xf0, 0x3f,
    0xff, 0xfc, 0x3, 0xff, 0xff, 0x40, 0x7f, 0xfe,
    0x40, 0x7f, 0xe0, 0x0, 0x3f, 0xd0, 0x0, 0x2f,
    0xd0, 0x0, 0xf, 0xe0, 0x0, 0x7, 0xf0, 0x0,
    0x0,

    /* U+06F7 "۷" */
    0x69, 0x0, 0xa, 0x4b, 0xf0, 0x2, 0xfc, 0x7f,
    0x40, 0x3f, 0x43, 0xf8, 0x3, 0xf0, 0x3f, 0xc0,
    0x7f, 0x1, 0xfc, 0xb, 0xe0, 0xf, 0xd0, 0xfc,
    0x0, 0xfe, 0xf, 0xc0, 0xb, 0xf1, 0xf8, 0x0,
    0x3f, 0x2f, 0x40, 0x3, 0xf7, 0xf0, 0x0, 0x2f,
    0xfe, 0x0, 0x1, 0xff, 0xd0, 0x0, 0xf, 0xfc,
    0x0, 0x0, 0xbf, 0x80, 0x0,

    /* U+06F8 "۸" */
    0x0, 0x6a, 0x40, 0x0, 0xf, 0xfc, 0x0, 0x0,
    0xff, 0xc0, 0x0, 0x1f, 0xfe, 0x0, 0x2, 0xfb,
    0xf0, 0x0, 0x3f, 0x3f, 0x0, 0x7, 0xe3, 0xf4,
    0x0, 0xbd, 0x2f, 0xc0, 0xf, 0xc1, 0xfc, 0x1,
    0xfc, 0xf, 0xd0, 0x2f, 0x80, 0xfe, 0x3, 0xf4,
    0xb, 0xf0, 0x3f, 0x0, 0x7f, 0x4b, 0xf0, 0x3,
    0xf8, 0xfe, 0x0, 0x3f, 0xc0,

    /* U+06F9 "۹" */
    0x1, 0xfe, 0x40, 0xb, 0xff, 0xd0, 0x1f, 0xff,
    0xf0, 0x3f, 0xef, 0xf8, 0x3e, 0x2, 0xfc, 0x3d,
    0x0, 0xfc, 0x3f, 0xaa, 0xfc, 0x3f, 0xff, 0xfd,
    0x1f, 0xff, 0xbd, 0x7, 0xf8, 0x7d, 0x0, 0x0,
    0x7d, 0x0, 0x0, 0x7e, 0x0, 0x0, 0x7e, 0x0,
    0x0, 0x3e, 0x0, 0x0, 0x3e,

    /* U+06FA "ۺ" */
    0x0, 0x0, 0x0, 0x0, 0x3, 0xd0, 0x0, 0x0,
    0x0, 0x0, 0x0, 0x1f, 0xc0, 0x0, 0x0, 0x0,
    0x0, 0x0, 0x3e, 0x0, 0x0, 0x0, 0x0, 0x0,
    0x0, 0x0, 0x0, 0x0, 0x0, 0x0, 0x0, 0x3e,
    0x7e, 0x0, 0x0, 0x0, 0x0, 0x1, 0xfe, 0xf8,
    0x0, 0x0, 0x0, 0x0, 0x3, 0xe3, 0xd0, 0x0,
    0x0, 0x0, 0x0, 0x0, 0x0, 0x2d, 0x0, 0x0,
    0x0, 0x0, 0x0, 0x0, 0xf8, 0x0, 0x0, 0x2,
    0xe0, 0xf, 0x83, 0xe0, 0x40, 0x0, 0xf, 0x80,
    0x3e, 0xf, 0x87, 0xc0, 0x0, 0x2f, 0x1, 0xf8,
    0x3e, 0x2f, 0x0, 0x0, 0xbe, 0xaf, 0xfb, 0xf8,
    0xf4, 0x0, 0x1, 0xff, 0xfb, 0xff, 0xd3, 0xd0,
    0x0, 0x7, 0xff, 0x8f, 0xff, 0xf, 0x40, 0x0,
    0x1f, 0xf8, 0x1f, 0xe0, 0x3e, 0x0, 0x0, 0xbc,
    0x0, 0x0, 0x0, 0xff, 0x40, 0xb, 0xf0, 0x0,
    0x0, 0x1, 0xff, 0xff, 0xff, 0x80, 0x0, 0x0,
    0x3, 0xff, 0xff, 0xfc, 0x0, 0x0, 0x0, 0x2,
    0xff, 0xff, 0xd0, 0x0, 0x0, 0x0, 0x0, 0xbf,
    0xe4, 0x0, 0x0, 0x0, 0x0, 0x0, 0x0, 0x0,
    0x0, 0x0, 0x0, 0x0, 0x0, 0x0, 0x0, 0x0,
    0x0, 0x0, 0x0, 0x3, 0xe0, 0x0, 0x0, 0x0,
    0x0, 0x0, 0x1f, 0xc0, 0x0, 0x0, 0x0, 0x0,
    0x0, 0x3d, 0x0, 0x0, 0x0, 0x0, 0x0,

    /* U+06FB "ۻ" */
    0x0, 0x0, 0x0, 0x0, 0x0, 0x0, 0x0, 0x0,
    0x0, 0x0, 0x0, 0x0, 0x0, 0x1f, 0x80, 0x0,
    0x0, 0x0, 0x0, 0x0, 0x0, 0xbe, 0x0, 0x0,
    0x0, 0x0, 0x0, 0x0, 0x0, 0xf4, 0x0, 0x0,
    0x0, 0x0, 0x0, 0x0, 0x0, 0x0, 0x0, 0x0,
    0x0, 0x0, 0x0, 0x0, 0x0, 0x0, 0x0, 0x0,
    0x0, 0x0, 0x0, 0x1, 0xbf, 0xe0, 0x0, 0x0,
    0x0, 0x0, 0x0, 0x3f, 0xff, 0xf0, 0x0, 0x0,
    0x0, 0x0, 0x3, 0xff, 0xff, 0xe0, 0x0, 0x0,
    0x0, 0x0, 0x3f, 0xea, 0xbf, 0xc0, 0x0, 0x0,
    0x1, 0x82, 0xf4, 0x0, 0x1f, 0x42, 0x40, 0x0,
    0x1f, 0x4f, 0x0, 0x0, 0x3d, 0x1f, 0x0, 0x0,
    0x3e, 0xb8, 0x0, 0x0, 0xf4, 0xf8, 0x0, 0x0,
    0xff, 0xea, 0xaa, 0xbf, 0xd3, 0xd0, 0x0, 0x3,
    0xff, 0xff, 0xff, 0xff, 0xf, 0x40, 0x0, 0xf,
    0xff, 0xff, 0xff, 0xf0, 0x3d, 0x0, 0x0, 0x3f,
    0xff, 0xff, 0xfd, 0x0, 0xf8, 0x0, 0x1, 0xf8,
    0x0, 0x0, 0x0, 0x3, 0xfd, 0x0, 0x1f, 0xd0,
    0x0, 0x0, 0x0, 0x7, 0xff, 0xff, 0xff, 0x0,
    0x0, 0x0, 0x0, 0xf, 0xff, 0xff, 0xf4, 0x0,
    0x0, 0x0, 0x0, 0xb, 0xff, 0xff, 0x40, 0x0,
    0x0, 0x0, 0x0, 0x2, 0xff, 0x90, 0x0, 0x0,
    0x0, 0x0, 0x0, 0x0, 0x0, 0x0, 0x0, 0x0,
    0x0, 0x0, 0x0, 0x0, 0x0, 0x0, 0x0, 0x0,
    0x0, 0x0, 0x0, 0xf, 0x80, 0x0, 0x0, 0x0,
    0x0, 0x0, 0x0, 0x7f, 0x0, 0x0, 0x0, 0x0,
    0x0, 0x0, 0x0, 0xf8, 0x0, 0x0, 0x0, 0x0,
    0x0,

    /* U+06FC "ۼ" */
    0x0, 0x7, 0xd0, 0x0, 0x0, 0x2, 0xf8, 0x0,
    0x0, 0x0, 0x7d, 0x0, 0x0, 0x0, 0x0, 0x0,
    0x0, 0x0, 0x0, 0x0, 0x0, 0x0, 0x1, 0xa4,
    0x0, 0x0, 0x7, 0xff, 0xe0, 0x0, 0x3, 0xff,
    0xfe, 0x0, 0x3, 0xff, 0xff, 0xc0, 0x0, 0xfc,
    0x7, 0xc0, 0x0, 0x7c, 0x0, 0x40, 0x0, 0x1f,
    0x0, 0x0, 0x0, 0x3, 0xe0, 0x0, 0x0, 0x0,
    0xbf, 0xeb, 0xf8, 0x0, 0xf, 0xff, 0xff, 0x0,
    0x0, 0xff, 0xff, 0xc0, 0x0, 0xff, 0xe9, 0x0,
    0x1, 0xfe, 0x40, 0x0, 0x0, 0xfc, 0x0, 0x0,
    0x0, 0xbc, 0xf, 0x80, 0x0, 0x3e, 0x3, 0xf0,
    0x0, 0xf, 0x80, 0xfc, 0x0, 0x3, 0xe0, 0x0,
    0x0, 0x80, 0xfe, 0x0, 0x2, 0xf4, 0x2f, 0xfe,
    0xaf, 0xff, 0x3, 0xff, 0xff, 0xff, 0x80, 0x3f,
    0xff, 0xff, 0x40, 0x1, 0xbf, 0xf8, 0x0,

    /* U+06FD "۽" */
    0x0, 0x54, 0x0, 0xf, 0xfe, 0x0, 0xff, 0xfe,
    0x7, 0xff, 0xf4, 0x1f, 0x47, 0x0, 0x7d, 0x0,
    0x0, 0xfe, 0xaa, 0x1f, 0xff, 0xfd, 0x7f, 0xff,
    0xf5, 0xff, 0xff, 0xd0, 0x0, 0x0, 0x0, 0x10,
    0x40, 0x2, 0xcb, 0x0, 0xb, 0x2c, 0x0, 0x2c,
    0xb0, 0x0, 0xb2, 0xc0,

    /* U+06FE "۾" */
    0x0, 0x1, 0x90, 0x0, 0x2, 0xff, 0xe0, 0x0,
    0xbf, 0xff, 0x80, 0xf, 0xff, 0xfc, 0x1, 0xfc,
    0xb, 0xe0, 0xb, 0x40, 0x3e, 0x0, 0x0, 0x2,
    0xf0, 0x1f, 0xff, 0xff, 0xb, 0xff, 0xff, 0xf1,
    0xff, 0xff, 0xff, 0x2f, 0xea, 0xaa, 0xa3, 0xf0,
    0x0, 0x0, 0x3f, 0x1, 0x14, 0x3, 0xf0, 0xb3,
    0xc0, 0x3f, 0xb, 0x3c, 0x3, 0xf0, 0xb3, 0xc0,
    0x3f, 0xb, 0x3c, 0x3, 0xf0, 0x0, 0x0, 0x29,
    0x0, 0x0, 0x0,

    /* U+06FF "ۿ" */
    0x0, 0x5, 0x0, 0x0, 0x0, 0xf, 0xd0, 0x0,
    0x0, 0x7, 0xf8, 0x0, 0x0, 0x2, 0xdf, 0x0,
    0x0, 0x0, 0xf2, 0xd0, 0x0, 0x0, 0x78, 0x7c,
    0x0, 0x0, 0x0, 0x10, 0x0, 0x0, 0x0, 0x1f,
    0x40, 0x0, 0x0, 0x7f, 0xfd, 0x0, 0x0, 0x7f,
    0xff, 0xf0, 0x0, 0x3f, 0xff, 0xff, 0x0, 0x2f,
    0x2, 0xff, 0xf0, 0xb, 0x80, 0x3d, 0xfe, 0x2,
    0xd0, 0xf, 0xf, 0xc0, 0x7c, 0x7, 0xc1, 0xf0,
    0xf, 0x87, 0xd0, 0x3d, 0x6b, 0xff, 0xfa, 0xaf,
    0x6f, 0xff, 0xff, 0xff, 0xcb, 0xff, 0xff, 0xff,
    0xc2, 0xfe, 0x42, 0xff, 0xe0,

    /* U+FB56 "ﭖ" */
    0xd, 0x0, 0x0, 0x0, 0x0, 0x0, 0x2f, 0x0,
    0x0, 0x0, 0xf, 0x80, 0x3e, 0x0, 0x0, 0x0,
    0xf, 0x80, 0x3d, 0x0, 0x0, 0x0, 0xf, 0x80,
    0x3d, 0x0, 0x0, 0x0, 0xf, 0x80, 0x3f, 0x40,
    0x0, 0x0, 0x1f, 0xc0, 0x2f, 0xfe, 0xaa, 0xaa,
    0xff, 0xf8, 0x1f, 0xff, 0xff, 0xff, 0xfb, 0xfc,
    0x7, 0xff, 0xff, 0xff, 0xc3, 0xfc, 0x0, 0x6f,
    0xff, 0xf9, 0x0, 0xbc, 0x0, 0x0, 0x0, 0x0,
    0x0, 0x0, 0x0, 0x0, 0x0, 0x0, 0x0, 0x0,
    0x0, 0x2, 0xf3, 0xf0, 0x0, 0x0, 0x0, 0x3,
    0xf7, 0xf0, 0x0, 0x0, 0x0, 0x2, 0xf3, 0xe0,
    0x0, 0x0, 0x0, 0x0, 0x2f, 0x0, 0x0, 0x0,
    0x0, 0x0, 0x3f, 0x0, 0x0, 0x0, 0x0, 0x0,
    0x3f, 0x0, 0x0, 0x0, 0x0, 0x0, 0x0, 0x0,
    0x0, 0x0,

    /* U+FB7A "ﭺ" */
    0x7, 0xff, 0xff, 0xf8, 0xf, 0xff, 0xff, 0xf8,
    0x2f, 0xff, 0xff, 0xf8, 0x2f, 0x55, 0x56, 0xf8,
    0x2f, 0x0, 0x6f, 0xf8, 0x0, 0xb, 0xff, 0xf8,
    0x0, 0xbf, 0xff, 0xe0, 0x7, 0xff, 0x93, 0xe0,
    0xf, 0xe4, 0x3, 0xf9, 0x3f, 0x59, 0x26, 0xff,
    0x3d, 0x3f, 0xfd, 0xff, 0x7c, 0x2e, 0xb8, 0x7e,
    0x7d, 0x3, 0xc0, 0x0, 0x7e, 0x7, 0xd0, 0x14,
    0x3f, 0x42, 0x80, 0xbc, 0x2f, 0xfa, 0xaf, 0xfe,
    0xf, 0xff, 0xff, 0xfd, 0x3, 0xff, 0xff, 0xe0,
    0x0, 0x6f, 0xf9, 0x0,

    /* U+FB8A "ﮊ" */
    0x0, 0x0, 0x0, 0x1, 0xf4, 0x0, 0xb, 0xe0,
    0x0, 0x1f, 0x0, 0x7, 0xd7, 0xc0, 0x2f, 0xbf,
    0x40, 0x7d, 0xbd, 0x0, 0x0, 0x0, 0x0, 0x0,
    0x0, 0x0, 0x64, 0x0, 0x3, 0xf0, 0x0, 0xb,
    0xc0, 0x0, 0x2f, 0x0, 0x0, 0x7e, 0x80, 0x1,
    0xff, 0x40, 0x7, 0xfd, 0x0, 0x1f, 0xf0, 0x0,
    0xfc, 0x0, 0x1b, 0xf0, 0x1f, 0xff, 0x40, 0x7f,
    0xf8, 0x1, 0xff, 0x80, 0x6, 0x90, 0x0, 0x0,

    /* U+FB8E "ﮎ" */
    0x0, 0x0, 0x0, 0x0, 0x0, 0x0, 0x0, 0x0,
    0x0, 0x0, 0x0, 0x1, 0xd0, 0x0, 0x0, 0x0,
    0x0, 0x2f, 0xf4, 0x0, 0x0, 0x0, 0x6, 0xff,
    0xfd, 0x0, 0x0, 0x0, 0x2f, 0xff, 0xf9, 0x0,
    0x0, 0x0, 0x1f, 0xff, 0x90, 0x0, 0x0, 0x0,
    0x7, 0xf8, 0x0, 0x0, 0x0, 0x0, 0x1, 0xd0,
    0x0, 0x0, 0x0, 0x0, 0x0, 0x7c, 0x0, 0x0,
    0x2, 0x0, 0x0, 0x1f, 0xc0, 0x0, 0x1, 0xf0,
    0x0, 0x3, 0xfd, 0x0, 0x0, 0xb8, 0x0, 0x0,
    0xbf, 0xd0, 0x0, 0x3d, 0x0, 0x0, 0xb, 0xfd,
    0x0, 0xf, 0x40, 0x0, 0x0, 0x7f, 0xe0, 0x3,
    0xf0, 0x0, 0x0, 0xf, 0xfe, 0x0, 0xff, 0xea,
    0xaa, 0xab, 0x7f, 0xf9, 0x1f, 0xff, 0xff, 0xff,
    0xc3, 0xff, 0x81, 0xff, 0xff, 0xff, 0xf0, 0x3f,
    0xe0, 0x6, 0xff, 0xff, 0xe0, 0x2, 0xf4,

    /* U+FB92 "ﮒ" */
    0x0, 0x0, 0x0, 0x0, 0x0, 0x1, 0x0, 0x0,
    0x0, 0x0, 0x0, 0x1f, 0xc0, 0x0, 0x0, 0x0,
    0x2, 0xf9, 0x0, 0x0, 0x0, 0x0, 0x6f, 0x90,
    0x1d, 0x0, 0x0, 0x0, 0x79, 0x2, 0xff, 0x40,
    0x0, 0x0, 0x0, 0x6f, 0xff, 0xd0, 0x0, 0x0,
    0x2, 0xff, 0xff, 0x90, 0x0, 0x0, 0x1, 0xff,
    0xf9, 0x0, 0x0, 0x0, 0x0, 0x7f, 0x80, 0x0,
    0x0, 0x0, 0x0, 0x1d, 0x0, 0x0, 0x0, 0x0,
    0x0, 0x7, 0xc0, 0x0, 0x0, 0x20, 0x0, 0x1,
    0xfc, 0x0, 0x0, 0x1f, 0x0, 0x0, 0x3f, 0xd0,
    0x0, 0xb, 0x80, 0x0, 0xb, 0xfd, 0x0, 0x3,
    0xd0, 0x0, 0x0, 0xbf, 0xd0, 0x0, 0xf4, 0x0,
    0x0, 0x7, 0xfe, 0x0, 0x3f, 0x0, 0x0, 0x0,
    0xff, 0xe0, 0xf, 0xfe, 0xaa, 0xaa, 0xb7, 0xff,
    0x91, 0xff, 0xff, 0xff, 0xfc, 0x3f, 0xf8, 0x1f,
    0xff, 0xff, 0xff, 0x3, 0xfe, 0x0, 0x6f, 0xff,
    0xfe, 0x0, 0x2f, 0x40,

    /* U+FBFC "ﯼ" */
    0x9, 0x0, 0x0, 0x0, 0x1, 0xf0, 0x0, 0x40,
    0x0, 0x2e, 0x0, 0x1f, 0xfa, 0x93, 0xd0, 0x1,
    0xff, 0xfe, 0x3d, 0x0, 0x1f, 0xff, 0xf3, 0xd0,
    0x0, 0x6b, 0xff, 0x3e, 0x0, 0x0, 0x3, 0xf3,
    0xfd, 0x0, 0x1, 0xfd, 0x1f, 0xff, 0xff, 0xff,
    0xc0, 0xbf, 0xff, 0xff, 0xf0, 0x2, 0xff, 0xff,
    0xfc, 0x0, 0x2, 0xbf, 0xf8, 0x0,

    /* U+FE70 "ﹰ" */
    0x0, 0x10, 0x7, 0xd1, 0xfe, 0x3f, 0x80, 0x50,
    0x20, 0xb, 0xd7, 0xf9, 0x2e, 0x0, 0x0, 0x0,

    /* U+FE71 "ﹱ" */
    0x0, 0x4, 0x0, 0x7d, 0x7, 0xf8, 0x3f, 0x80,
    0x14, 0x8, 0x0, 0xbd, 0x1f, 0xe4, 0x3e, 0x0,
    0x0, 0x0, 0x0, 0x0, 0x0, 0x0, 0x0, 0x0,
    0x0, 0x0, 0x2, 0x90, 0xb, 0xe0, 0xb, 0xe0,
    0xb, 0xd0,

    /* U+FE72 "ﹲ" */
    0x0, 0x3e, 0x0, 0x2f, 0xe2, 0xde, 0x3c, 0xbe,
    0xee, 0xa, 0x7f, 0x2, 0xfe, 0x0, 0x74, 0x0,
    0x0, 0x0,

    /* U+FE73 "ﹳ" */
    0x7d, 0x0, 0x0, 0x7f, 0xaa, 0xa9, 0x3f, 0xff,
    0xfe, 0x3f, 0xff, 0xfe, 0xb, 0xff, 0xfd,

    /* U+FE74 "ﹴ" */
    0x0, 0x20, 0xb, 0xd7, 0xf9, 0x2e, 0x0, 0x0,
    0x70, 0x2f, 0xdb, 0xf4, 0x2d, 0x0, 0x0, 0x0,

    /* U+FE76 "ﹶ" */
    0x0, 0x20, 0xb, 0xd7, 0xf9, 0x2e, 0x0, 0x0,
    0x0,

    /* U+FE77 "ﹷ" */
    0x0, 0x6, 0x0, 0x7, 0xf0, 0x7, 0xf8, 0x0,
    0xf4, 0x0, 0x4, 0x0, 0x0, 0x0, 0x0, 0x0,
    0x0, 0x0, 0x0, 0x0, 0x0, 0x0, 0x2, 0xaa,
    0xa8, 0xbf, 0xff, 0xdb, 0xff, 0xfd, 0xbf, 0xff,
    0xc0,

    /* U+FE78 "ﹸ" */
    0x2, 0x90, 0x3f, 0xd0, 0xe3, 0x83, 0xde, 0x7,
    0xf0, 0xbf, 0xf, 0xd0, 0x0, 0x0,

    /* U+FE79 "ﹹ" */
    0x0, 0x28, 0x0, 0xf, 0xf0, 0x1, 0xd7, 0x40,
    0x1e, 0xb0, 0x0, 0xbf, 0x0, 0x7f, 0x80, 0xf,
    0x80, 0x0, 0x40, 0x0, 0x0, 0x0, 0x0, 0x0,
    0x0, 0x0, 0x0, 0x0, 0x0, 0x0, 0x2a, 0xaa,
    0x8b, 0xff, 0xfd, 0xbf, 0xff, 0xdb, 0xff, 0xfc,

    /* U+FE7A "ﹺ" */
    0x0, 0x20, 0xb, 0xd7, 0xf9, 0x2e, 0x0, 0x0,
    0x0,

    /* U+FE7B "ﹻ" */
    0xa, 0x40, 0xbe, 0x2, 0xf8, 0xb, 0xd0, 0x0,
    0x0, 0x0, 0x0, 0xb, 0x82, 0xfd, 0xbf, 0x41,
    0x80, 0x0,

    /* U+FE7C "ﹼ" */
    0x0, 0x4, 0x2, 0x6c, 0xb3, 0xac, 0xf7, 0xfc,
    0xbd, 0xf4, 0x78, 0x0,

    /* U+FE7D "ﹽ" */
    0x0, 0x0, 0x0, 0x0, 0x70, 0x0, 0xe7, 0x42,
    0xcf, 0x74, 0x2d, 0xff, 0x1, 0xf7, 0xe0, 0xe,
    0x0, 0x0, 0x0, 0x0, 0x0, 0x0, 0x0, 0x0,
    0x0, 0x0, 0x0, 0x2, 0xaa, 0xa8, 0xbf, 0xff,
    0xdb, 0xff, 0xfd, 0xbf, 0xff, 0xc0,

    /* U+FE7E "ﹾ" */
    0x1f, 0x83, 0xfe, 0xb4, 0xfb, 0x4f, 0x3f, 0xe1,
    0xf8,

    /* U+FE7F "ﹿ" */
    0x0, 0x0, 0x0, 0x2f, 0x80, 0x7, 0xfe, 0x0,
    0xb4, 0xf0, 0x7, 0xfe, 0x0, 0x2f, 0xc0, 0x0,
    0x0, 0x0, 0x0, 0x0, 0x0, 0x0, 0x0, 0x0,
    0x0, 0x0, 0x0, 0x2, 0xaa, 0xa8, 0xbf, 0xff,
    0xdb, 0xff, 0xfd, 0xbf, 0xff, 0xc0,

    /* U+FE80 "ﺀ" */
    0x0, 0x54, 0x0, 0xf, 0xfe, 0x0, 0xff, 0xfe,
    0x7, 0xff, 0xf4, 0x1f, 0x47, 0x0, 0x7d, 0x0,
    0x0, 0xfe, 0xaa, 0x1f, 0xff, 0xfd, 0x7f, 0xff,
    0xf5, 0xff, 0xff, 0xd0,

    /* U+FE81 "ﺁ" */
    0x0, 0x0, 0x15, 0xa, 0xbf, 0xfe, 0xbb, 0xfc,
    0x0, 0x0, 0x0, 0x0, 0x7, 0xd0, 0x7, 0xe0,
    0x7, 0xe0, 0x7, 0xe0, 0x7, 0xe0, 0x7, 0xe0,
    0x7, 0xe0, 0x7, 0xe0, 0x7, 0xe0, 0x7, 0xe0,
    0x7, 0xe0, 0x7, 0xe0, 0x7, 0xe0, 0x7, 0xe0,
    0x7, 0xe0,

    /* U+FE82 "ﺂ" */
    0x0, 0x0, 0x15, 0xa, 0xbf, 0xfe, 0xbb, 0xfc,
    0x0, 0x0, 0x0, 0x0, 0x7, 0xd0, 0x7, 0xe0,
    0x7, 0xe0, 0x7, 0xe0, 0x7, 0xe0, 0x7, 0xe0,
    0x7, 0xe0, 0x7, 0xe0, 0x7, 0xe0, 0x7, 0xe0,
    0x7, 0xe0, 0x3, 0xf9, 0x3, 0xfe, 0x2, 0xfe,
    0x0, 0x7d,

    /* U+FE83 "ﺃ" */
    0x0, 0x1, 0xfd, 0x3f, 0xd3, 0x80, 0xbf, 0xfb,
    0xff, 0x0, 0x0, 0x0, 0x1f, 0x41, 0xf8, 0x1f,
    0x81, 0xf8, 0x1f, 0x81, 0xf8, 0x1f, 0x81, 0xf8,
    0x1f, 0x81, 0xf8, 0x1f, 0x81, 0xf8, 0x1f, 0x81,
    0xf8, 0x1f, 0x80,

    /* U+FE84 "ﺄ" */
    0x0, 0x0, 0x7f, 0x43, 0xfd, 0xe, 0x0, 0xbf,
    0xf2, 0xff, 0xc0, 0x0, 0x0, 0x0, 0x1f, 0x80,
    0x7e, 0x1, 0xf8, 0x7, 0xe0, 0x1f, 0x80, 0x7e,
    0x1, 0xf8, 0x7, 0xe0, 0x1f, 0x80, 0x7e, 0x1,
    0xf8, 0x3, 0xf9, 0xf, 0xf8, 0x2f, 0xe0, 0x1f,
    0x40,

    /* U+FE85 "ﺅ" */
    0x0, 0x7e, 0x0, 0x7, 0xfd, 0x0, 0x1d, 0x10,
    0x0, 0x34, 0x0, 0x3, 0xff, 0x80, 0xf, 0xfe,
    0x0, 0x0, 0x0, 0x0, 0x0, 0x0, 0x1, 0xfe,
    0x0, 0x2f, 0xff, 0x1, 0xff, 0xff, 0xf, 0xfb,
    0xfc, 0x3e, 0x1, 0xf4, 0xf4, 0x3, 0xe3, 0xfa,
    0xaf, 0x8f, 0xff, 0xfe, 0x1f, 0xff, 0xb8, 0x1f,
    0xe3, 0xd0, 0x0, 0x2f, 0x0, 0x7, 0xfc, 0x7f,
    0xff, 0xd1, 0xff, 0xfd, 0x7, 0xff, 0xd0, 0xa,
    0x90, 0x0,

    /* U+FE86 "ﺆ" */
    0x0, 0x7e, 0x0, 0x0, 0xff, 0x40, 0x1, 0xe1,
    0x0, 0x0, 0xe0, 0x0, 0x3, 0xff, 0x80, 0x3,
    0xff, 0x80, 0x0, 0x0, 0x0, 0x0, 0x0, 0x0,
    0x1, 0xfe, 0x0, 0x7, 0xff, 0xc0, 0xf, 0xff,
    0xf0, 0x2f, 0xef, 0xf0, 0x3e, 0x1, 0xf4, 0x3d,
    0x0, 0xf8, 0x3f, 0xaa, 0xfe, 0x3f, 0xff, 0xff,
    0xf, 0xff, 0xff, 0x2, 0xff, 0xfe, 0x0, 0x2,
    0xf4, 0x0, 0x1f, 0xf0, 0x7f, 0xff, 0xd0, 0x7f,
    0xff, 0x40, 0x7f, 0xfd, 0x0, 0x2a, 0x40, 0x0,

    /* U+FE87 "ﺇ" */
    0x2f, 0x42, 0xf4, 0x2f, 0x42, 0xf4, 0x2f, 0x42,
    0xf4, 0x2f, 0x42, 0xf4, 0x2f, 0x42, 0xf4, 0x2f,
    0x42, 0xf4, 0x2f, 0x42, 0xf4, 0x2f, 0x42, 0xf4,
    0x2f, 0x42, 0xf4, 0x0, 0x1, 0xfd, 0x3f, 0xe3,
    0xc0, 0xbf, 0xfb, 0xff,

    /* U+FE88 "ﺈ" */
    0x2f, 0x40, 0xbd, 0x2, 0xf4, 0xb, 0xd0, 0x2f,
    0x40, 0xbd, 0x2, 0xf4, 0xb, 0xd0, 0x2f, 0x40,
    0xbd, 0x2, 0xf4, 0xb, 0xd0, 0x2f, 0x40, 0xbd,
    0x1, 0xfe, 0x83, 0xff, 0xb, 0xfc, 0x7, 0xe0,
    0x0, 0x3, 0xf8, 0x2f, 0xf0, 0x74, 0x3, 0xff,
    0x4f, 0xfd,

    /* U+FE89 "ﺉ" */
    0x6, 0x40, 0x0, 0x64, 0x0, 0xff, 0x80, 0x2f,
    0xfe, 0x3, 0xec, 0x2, 0xff, 0xfe, 0xe, 0x0,
    0x1f, 0xff, 0xfc, 0xbf, 0xf0, 0xfd, 0xb, 0x82,
    0xff, 0xc7, 0xc0, 0x4, 0x0, 0x0, 0x2f, 0x0,
    0x0, 0x2, 0x40, 0xbd, 0x0, 0x0, 0x1f, 0x2,
    0xff, 0xa4, 0x0, 0xb8, 0x3, 0xff, 0xff, 0x3,
    0xd0, 0x7, 0xff, 0xfe, 0xf, 0x40, 0x1, 0xbf,
    0xfc, 0x3d, 0x0, 0x0, 0x2, 0xf0, 0xf8, 0x0,
    0x0, 0xf, 0xc3, 0xfd, 0x0, 0x1, 0xfe, 0x7,
    0xff, 0xff, 0xff, 0xf0, 0xb, 0xff, 0xff, 0xff,
    0x40, 0xb, 0xff, 0xff, 0xf0, 0x0, 0x2, 0xff,
    0xf9, 0x0, 0x0,

    /* U+FE8A "ﺊ" */
    0xf, 0xc0, 0x0, 0x0, 0x3, 0xfe, 0x0, 0x0,
    0x0, 0x3c, 0x80, 0x0, 0x0, 0x3, 0x80, 0x0,
    0x0, 0x0, 0xbf, 0xf0, 0x0, 0x0, 0xb, 0xff,
    0x0, 0x0, 0x0, 0x0, 0x0, 0x0, 0x0, 0x0,
    0x90, 0x0, 0x0, 0x0, 0x1f, 0x0, 0x0, 0x0,
    0x2, 0xe0, 0x1, 0xff, 0xa4, 0x3d, 0x0, 0x1f,
    0xff, 0xe3, 0xd0, 0x1, 0xff, 0xff, 0x3d, 0x0,
    0x6, 0xbf, 0xf3, 0xe0, 0x0, 0x0, 0x3f, 0x3f,
    0xd0, 0x0, 0x1f, 0xd1, 0xff, 0xff, 0xff, 0xfc,
    0xb, 0xff, 0xff, 0xff, 0x0, 0x2f, 0xff, 0xff,
    0xc0, 0x0, 0x2f, 0xff, 0x80, 0x0,

    /* U+FE8B "ﺋ" */
    0x1, 0xf8, 0x3, 0xfd, 0x7, 0x88, 0x3, 0x80,
    0xf, 0xfe, 0xf, 0xfe, 0x0, 0x0, 0x0, 0x0,
    0x0, 0xf8, 0x0, 0xfc, 0x0, 0xbc, 0x0, 0x7c,
    0x0, 0x7c, 0x0, 0xbc, 0x2b, 0xfc, 0xbf, 0xf8,
    0xbf, 0xf0, 0xbf, 0x80,

    /* U+FE8C "ﺌ" */
    0x0, 0x0, 0x0, 0xbf, 0x0, 0x7f, 0xd0, 0xe,
    0x0, 0xf, 0xff, 0x3, 0xff, 0xc0, 0x0, 0x0,
    0x0, 0x0, 0x1, 0xf4, 0x0, 0x7d, 0x0, 0x1f,
    0x40, 0x7, 0xd0, 0x2, 0xf4, 0xa, 0xff, 0xab,
    0xef, 0xfe, 0xf1, 0xff, 0xb4, 0x1f, 0x80,

    /* U+FE8D "ﺍ" */
    0xbd, 0xbd, 0xbd, 0xbd, 0xbd, 0xbd, 0xbd, 0xbd,
    0xbd, 0xbd, 0xbd, 0xbd, 0xbd, 0xbd, 0xbd, 0xbd,
    0xbd, 0xbd,

    /* U+FE8E "ﺎ" */
    0xbd, 0xb, 0xd0, 0xbd, 0xb, 0xd0, 0xbd, 0xb,
    0xd0, 0xbd, 0xb, 0xd0, 0xbd, 0xb, 0xd0, 0xbd,
    0xb, 0xd0, 0xbd, 0xb, 0xd0, 0x7f, 0xa3, 0xff,
    0x2f, 0xf0, 0x7e,

    /* U+FE8F "ﺏ" */
    0x0, 0x0, 0x0, 0x0, 0x1, 0x3, 0x40, 0x0,
    0x0, 0xb, 0xc2, 0xf0, 0x0, 0x0, 0x2, 0xf0,
    0xf8, 0x0, 0x0, 0x0, 0x7d, 0x3d, 0x0, 0x0,
    0x0, 0xf, 0x4f, 0x80, 0x0, 0x0, 0x3, 0xd3,
    0xf8, 0x0, 0x0, 0x2, 0xf4, 0xbf, 0xff, 0xff,
    0xff, 0xfc, 0x1f, 0xff, 0xff, 0xff, 0xff, 0x1,
    0xff, 0xff, 0xff, 0xff, 0x0, 0x6, 0xff, 0xff,
    0xe9, 0x0, 0x0, 0x0, 0x0, 0x0, 0x0, 0x0,
    0x0, 0x0, 0x0, 0x0, 0x0, 0x0, 0xf, 0xc0,
    0x0, 0x0, 0x0, 0x3, 0xf0, 0x0, 0x0, 0x0,
    0x0, 0xbc, 0x0, 0x0,

    /* U+FE90 "ﺐ" */
    0xd, 0x0, 0x0, 0x0, 0x0, 0x0, 0x2f, 0x0,
    0x0, 0x0, 0xf, 0x80, 0x3e, 0x0, 0x0, 0x0,
    0xf, 0x80, 0x3d, 0x0, 0x0, 0x0, 0xf, 0x80,
    0x3d, 0x0, 0x0, 0x0, 0xf, 0x80, 0x3f, 0x40,
    0x0, 0x0, 0x1f, 0xc0, 0x2f, 0xfe, 0xaa, 0xaa,
    0xff, 0xf8, 0x1f, 0xff, 0xff, 0xff, 0xfb, 0xfc,
    0x7, 0xff, 0xff, 0xff, 0xc3, 0xfc, 0x0, 0x6f,
    0xff, 0xf9, 0x0, 0xbc, 0x0, 0x0, 0x0, 0x0,
    0x0, 0x0, 0x0, 0x0, 0x0, 0x0, 0x0, 0x0,
    0x0, 0x0, 0x3f, 0x0, 0x0, 0x0, 0x0, 0x0,
    0x3f, 0x0, 0x0, 0x0, 0x0, 0x0, 0x2f, 0x0,
    0x0, 0x0,

    /* U+FE91 "ﺑ" */
    0x0, 0x0, 0x0, 0xf8, 0x0, 0xfc, 0x0, 0xbc,
    0x0, 0x7c, 0x0, 0x7c, 0x0, 0xbc, 0x2b, 0xfc,
    0xbf, 0xf8, 0xbf, 0xf0, 0xbf, 0x80, 0x0, 0x0,
    0x0, 0x0, 0x2, 0xf0, 0x3, 0xf4, 0x2, 0xf0,
    0x0, 0x0,

    /* U+FE92 "ﺒ" */
    0x0, 0xa0, 0x0, 0x7d, 0x0, 0x1f, 0x40, 0x7,
    0xd0, 0x2, 0xf4, 0xa, 0xff, 0xab, 0xef, 0xfe,
    0xf1, 0xff, 0xb4, 0x1f, 0x80, 0x0, 0x0, 0x0,
    0x0, 0x7, 0xd0, 0x2, 0xf8, 0x0, 0x7d, 0x0,
    0x0, 0x0,

    /* U+FE93 "ﺓ" */
    0x0, 0x0, 0x0, 0x2f, 0x3f, 0x0, 0xfd, 0xfc,
    0x2, 0xf2, 0xe0, 0x0, 0x0, 0x0, 0x0, 0x0,
    0x0, 0x2f, 0xf0, 0x2, 0xff, 0xf0, 0x1f, 0xff,
    0xe0, 0xfd, 0x2f, 0xc3, 0xd0, 0x2f, 0x5f, 0x0,
    0x3e, 0x7c, 0x0, 0xf9, 0xfe, 0xaf, 0xd3, 0xff,
    0xff, 0x7, 0xff, 0xf4, 0x2, 0xfe, 0x0,

    /* U+FE94 "ﺔ" */
    0x0, 0xf8, 0xf4, 0x0, 0x7f, 0x7f, 0x0, 0xf,
    0xdf, 0x80, 0x0, 0x0, 0x0, 0x0, 0x0, 0x0,
    0x0, 0x0, 0x3d, 0x0, 0x0, 0x1f, 0x80, 0x0,
    0x7f, 0xe0, 0x0, 0xff, 0xf8, 0x1, 0xff, 0xbe,
    0x0, 0xfd, 0x1f, 0x80, 0xb8, 0x7, 0xe0, 0x3d,
    0x1, 0xf8, 0xf, 0xea, 0xfe, 0x3, 0xff, 0xef,
    0xe4, 0xbf, 0xf3, 0xfe, 0xb, 0xf4, 0x7f, 0x80,
    0x0, 0x7, 0xd0,

    /* U+FE95 "ﺕ" */
    0x0, 0x0, 0x0, 0x0, 0x0, 0x0, 0x0, 0xbc,
    0xfc, 0x0, 0x0, 0x0, 0x3f, 0x7f, 0x0, 0x10,
    0x34, 0xb, 0xcf, 0x80, 0xbc, 0x2f, 0x0, 0x0,
    0x0, 0x2f, 0xf, 0x80, 0x0, 0x0, 0x7, 0xd3,
    0xd0, 0x0, 0x0, 0x0, 0xf4, 0xf8, 0x0, 0x0,
    0x0, 0x3d, 0x3f, 0x80, 0x0, 0x0, 0x2f, 0x4b,
    0xff, 0xff, 0xff, 0xff, 0xc1, 0xff, 0xff, 0xff,
    0xff, 0xf0, 0x1f, 0xff, 0xff, 0xff, 0xf0, 0x0,
    0x6f, 0xff, 0xfe, 0x90, 0x0,

    /* U+FE96 "ﺖ" */
    0x0, 0x0, 0x0, 0x0, 0x0, 0x0, 0x0, 0x2,
    0xf3, 0xf0, 0x0, 0x0, 0x0, 0x3, 0xf7, 0xf0,
    0x0, 0x0, 0xd, 0x2, 0xf3, 0xe0, 0x0, 0x0,
    0x2f, 0x0, 0x0, 0x0, 0xf, 0x80, 0x3e, 0x0,
    0x0, 0x0, 0xf, 0x80, 0x3d, 0x0, 0x0, 0x0,
    0xf, 0x80, 0x3d, 0x0, 0x0, 0x0, 0xf, 0x80,
    0x3f, 0x40, 0x0, 0x0, 0x1f, 0xc0, 0x2f, 0xfe,
    0xaa, 0xaa, 0xff, 0xf8, 0x1f, 0xff, 0xff, 0xff,
    0xfb, 0xfc, 0x7, 0xff, 0xff, 0xff, 0xc3, 0xfc,
    0x0, 0x6f, 0xff, 0xf9, 0x0, 0xbc,

    /* U+FE97 "ﺗ" */
    0x0, 0x0, 0x7, 0xdb, 0xc2, 0xfb, 0xf4, 0x7d,
    0x7c, 0x0, 0x0, 0x0, 0x0, 0x0, 0xb, 0x80,
    0x3, 0xf0, 0x0, 0xbc, 0x0, 0x1f, 0x0, 0x7,
    0xc0, 0x2, 0xf0, 0x2b, 0xfc, 0x2f, 0xfe, 0xb,
    0xff, 0x2, 0xfe, 0x0,

    /* U+FE98 "ﺘ" */
    0xf, 0x5f, 0xb, 0xef, 0xd1, 0xf6, 0xf4, 0x0,
    0x0, 0x0, 0x0, 0x0, 0x7c, 0x0, 0x1f, 0x40,
    0x7, 0xd0, 0x1, 0xf4, 0x0, 0xbd, 0x2, 0xbf,
    0xea, 0xfb, 0xff, 0xbc, 0x7f, 0xed, 0x7, 0xe0,

    /* U+FE99 "ﺙ" */
    0x0, 0x0, 0x2f, 0x0, 0x0, 0x0, 0x0, 0xf,
    0xc0, 0x0, 0x0, 0x0, 0x3, 0xf0, 0x0, 0x0,
    0x0, 0x0, 0x0, 0x0, 0x0, 0x0, 0x2, 0xf3,
    0xf0, 0x0, 0x0, 0x0, 0xfd, 0xfc, 0x0, 0x40,
    0xd0, 0x2f, 0x3e, 0x2, 0xf0, 0xbc, 0x0, 0x0,
    0x0, 0xbc, 0x3e, 0x0, 0x0, 0x0, 0x1f, 0x4f,
    0x40, 0x0, 0x0, 0x3, 0xd3, 0xe0, 0x0, 0x0,
    0x0, 0xf4, 0xfe, 0x0, 0x0, 0x0, 0xbd, 0x2f,
    0xff, 0xff, 0xff, 0xff, 0x7, 0xff, 0xff, 0xff,
    0xff, 0xc0, 0x7f, 0xff, 0xff, 0xff, 0xc0, 0x1,
    0xbf, 0xff, 0xfa, 0x40,

    /* U+FE9A "ﺚ" */
    0x0, 0x0, 0x2f, 0x0, 0x0, 0x0, 0x0, 0x0,
    0x3f, 0x0, 0x0, 0x0, 0x0, 0x0, 0x3f, 0x0,
    0x0, 0x0, 0x0, 0x0, 0x0, 0x0, 0x0, 0x0,
    0x0, 0x2, 0xf3, 0xf0, 0x0, 0x0, 0x0, 0x3,
    0xf7, 0xf0, 0x0, 0x0, 0xd, 0x2, 0xf3, 0xe0,
    0x0, 0x0, 0x2f, 0x0, 0x0, 0x0, 0xf, 0x80,
    0x3e, 0x0, 0x0, 0x0, 0xf, 0x80, 0x3d, 0x0,
    0x0, 0x0, 0xf, 0x80, 0x3d, 0x0, 0x0, 0x0,
    0xf, 0x80, 0x3f, 0x40, 0x0, 0x0, 0x1f, 0xc0,
    0x2f, 0xfe, 0xaa, 0xaa, 0xff, 0xf8, 0x1f, 0xff,
    0xff, 0xff, 0xfb, 0xfc, 0x7, 0xff, 0xff, 0xff,
    0xc3, 0xfc, 0x0, 0x6f, 0xff, 0xf9, 0x0, 0xbc,

    /* U+FE9B "ﺛ" */
    0x1, 0xf0, 0x0, 0xbe, 0x0, 0x2f, 0x40, 0x0,
    0x0, 0x1f, 0x6f, 0xb, 0xef, 0xd1, 0xf5, 0xf0,
    0x0, 0x0, 0x0, 0x0, 0x0, 0x2e, 0x0, 0xf,
    0xc0, 0x2, 0xf0, 0x0, 0x7c, 0x0, 0x1f, 0x0,
    0xb, 0xc0, 0xaf, 0xf0, 0xbf, 0xf8, 0x2f, 0xfc,
    0xb, 0xf8, 0x0,

    /* U+FE9C "ﺜ" */
    0x1, 0xf4, 0x0, 0xbe, 0x0, 0x1f, 0x40, 0x0,
    0x0, 0xf, 0x5f, 0xb, 0xef, 0xd1, 0xf6, 0xf4,
    0x0, 0x0, 0x0, 0x0, 0x0, 0x7c, 0x0, 0x1f,
    0x40, 0x7, 0xd0, 0x1, 0xf4, 0x0, 0xbd, 0x2,
    0xbf, 0xea, 0xfb, 0xff, 0xbc, 0x7f, 0xed, 0x7,
    0xe0,

    /* U+FE9D "ﺝ" */
    0x7, 0xff, 0xff, 0xf8, 0x1f, 0xff, 0xff, 0xf8,
    0x2f, 0xff, 0xff, 0xf8, 0x2f, 0x55, 0x56, 0xf8,
    0x2f, 0x0, 0x6f, 0xf8, 0x0, 0xb, 0xff, 0xf8,
    0x0, 0xbf, 0xfe, 0x40, 0x7, 0xff, 0x40, 0x0,
    0xf, 0xe0, 0x0, 0x0, 0x3f, 0x0, 0x0, 0x0,
    0x3d, 0x7, 0xd0, 0x0, 0x7c, 0xb, 0xe0, 0x0,
    0x7d, 0x7, 0xd0, 0x0, 0x7e, 0x0, 0x0, 0x18,
    0x3f, 0x40, 0x1, 0xfc, 0x2f, 0xfa, 0xaf, 0xfe,
    0xf, 0xff, 0xff, 0xfd, 0x3, 0xff, 0xff, 0xe0,
    0x0, 0x6f, 0xf9, 0x0,

    /* U+FE9E "ﺞ" */
    0x0, 0x55, 0x55, 0x54, 0xf, 0xff, 0xff, 0xf8,
    0x1f, 0xff, 0xff, 0xf8, 0x2f, 0xff, 0xff, 0xf8,
    0x2f, 0x0, 0x6, 0xf8, 0x15, 0x1, 0xbf, 0xf8,
    0x0, 0x2f, 0xff, 0xe0, 0x1, 0xff, 0xe7, 0xd0,
    0xb, 0xf8, 0x3, 0xf9, 0x2f, 0x80, 0x2, 0xff,
    0x3e, 0x7, 0xd1, 0xff, 0x7d, 0xb, 0xe0, 0x7e,
    0x7c, 0x7, 0xd0, 0x0, 0x7d, 0x0, 0x0, 0x4,
    0x7f, 0x0, 0x0, 0x7c, 0x3f, 0xd0, 0x7, 0xfd,
    0x1f, 0xff, 0xff, 0xff, 0xb, 0xff, 0xff, 0xf8,
    0x1, 0xff, 0xff, 0x80, 0x0, 0x16, 0x94, 0x0,

    /* U+FE9F "ﺟ" */
    0x7, 0xf9, 0x0, 0x0, 0x3, 0xff, 0xfe, 0x40,
    0x1, 0xff, 0xff, 0xff, 0xa0, 0x7e, 0xbf, 0xff,
    0xfd, 0x1f, 0x40, 0x6f, 0xff, 0x40, 0x0, 0x0,
    0xbf, 0xd0, 0x0, 0x2, 0xfe, 0x0, 0xaa, 0xaf,
    0xfd, 0x0, 0xbf, 0xff, 0xfc, 0x0, 0x2f, 0xff,
    0xf4, 0x0, 0xb, 0xff, 0x90, 0x0, 0x0, 0x0,
    0x0, 0x0, 0x0, 0x0, 0x0, 0x0, 0x0, 0x0,
    0x0, 0x7c, 0x0, 0x0, 0x0, 0x3f, 0x40, 0x0,
    0x0, 0xb, 0xc0, 0x0, 0x0, 0x0, 0x0, 0x0,
    0x0,

    /* U+FEA0 "ﺠ" */
    0x7, 0xf9, 0x0, 0x0, 0x0, 0xff, 0xff, 0x90,
    0x0, 0x1f, 0xff, 0xff, 0xfa, 0x1, 0xfa, 0xff,
    0xff, 0xf4, 0x1f, 0x40, 0x6f, 0xff, 0x40, 0x0,
    0x0, 0x2f, 0xf4, 0x0, 0x0, 0x2f, 0xfc, 0x2,
    0xaa, 0xbf, 0xff, 0xf8, 0xbf, 0xff, 0xfc, 0x7f,
    0xcb, 0xff, 0xfd, 0x3, 0xfc, 0xbf, 0xf9, 0x0,
    0xb, 0xc0, 0x0, 0x0, 0x0, 0x0, 0x0, 0x0,
    0x0, 0x0, 0x0, 0x0, 0x1f, 0x0, 0x0, 0x0,
    0x3, 0xf4, 0x0, 0x0, 0x0, 0x2f, 0x0, 0x0,
    0x0, 0x0, 0x0, 0x0, 0x0,

    /* U+FEA1 "ﺡ" */
    0x7, 0xff, 0xff, 0xf8, 0x1f, 0xff, 0xff, 0xf8,
    0x2f, 0xff, 0xff, 0xf8, 0x2f, 0x55, 0x56, 0xf8,
    0x2f, 0x0, 0x6f, 0xf8, 0x0, 0xb, 0xff, 0xf8,
    0x0, 0xbf, 0xfe, 0x40, 0x7, 0xff, 0x40, 0x0,
    0xf, 0xe0, 0x0, 0x0, 0x3f, 0x0, 0x0, 0x0,
    0x3d, 0x0, 0x0, 0x0, 0x7c, 0x0, 0x0, 0x0,
    0x7d, 0x0, 0x0, 0x0, 0x7e, 0x0, 0x0, 0x14,
    0x3f, 0x40, 0x0, 0xbc, 0x2f, 0xfa, 0xaf, 0xfe,
    0xf, 0xff, 0xff, 0xfd, 0x3, 0xff, 0xff, 0xe0,
    0x0, 0x6f, 0xf9, 0x0,

    /* U+FEA2 "ﺢ" */
    0x0, 0x55, 0x55, 0x54, 0xf, 0xff, 0xff, 0xf8,
    0x1f, 0xff, 0xff, 0xf8, 0x2f, 0xff, 0xff, 0xf8,
    0x2f, 0x0, 0x6, 0xf8, 0x15, 0x1, 0xbf, 0xf8,
    0x0, 0x2f, 0xff, 0xe0, 0x1, 0xff, 0xe7, 0xd0,
    0xb, 0xf8, 0x3, 0xf9, 0x2f, 0x80, 0x2, 0xff,
    0x3e, 0x0, 0x1, 0xff, 0x7d, 0x0, 0x0, 0x7e,
    0x7c, 0x0, 0x0, 0x0, 0x7d, 0x0, 0x0, 0x0,
    0x7f, 0x0, 0x0, 0x3c, 0x3f, 0xd0, 0x6, 0xfd,
    0x1f, 0xff, 0xff, 0xfe, 0xb, 0xff, 0xff, 0xf8,
    0x1, 0xff, 0xff, 0x80, 0x0, 0x16, 0x94, 0x0,

    /* U+FEA3 "ﺣ" */
    0x7, 0xf9, 0x0, 0x0, 0x3, 0xff, 0xfe, 0x40,
    0x1, 0xff, 0xff, 0xff, 0xa0, 0x7e, 0xbf, 0xff,
    0xfd, 0x1f, 0x40, 0x6f, 0xff, 0x40, 0x0, 0x0,
    0xbf, 0xd0, 0x0, 0x2, 0xfe, 0x0, 0xaa, 0xaf,
    0xfd, 0x0, 0xbf, 0xff, 0xfc, 0x0, 0x2f, 0xff,
    0xf4, 0x0, 0xb, 0xff, 0x90, 0x0, 0x0,

    /* U+FEA4 "ﺤ" */
    0x7, 0xf9, 0x0, 0x0, 0x0, 0xff, 0xff, 0x90,
    0x0, 0x1f, 0xff, 0xff, 0xfa, 0x1, 0xfa, 0xff,
    0xff, 0xf4, 0x1f, 0x40, 0x6f, 0xff, 0x40, 0x0,
    0x0, 0x2f, 0xf4, 0x0, 0x0, 0x2f, 0xfc, 0x2,
    0xaa, 0xbf, 0xff, 0xf8, 0xbf, 0xff, 0xfc, 0x7f,
    0xcb, 0xff, 0xfd, 0x3, 0xfc, 0xbf, 0xf9, 0x0,
    0xb, 0xc0,

    /* U+FEA5 "ﺥ" */
    0x0, 0x0, 0x0, 0x0, 0x0, 0xb, 0xd0, 0x0,
    0x0, 0xf, 0xd0, 0x0, 0x0, 0x7, 0xc0, 0x0,
    0x0, 0x0, 0x0, 0x0, 0x0, 0x0, 0x0, 0x0,
    0x7, 0xff, 0xff, 0xf8, 0x1f, 0xff, 0xff, 0xf8,
    0x2f, 0xff, 0xff, 0xf8, 0x2f, 0x55, 0x56, 0xf8,
    0x2f, 0x0, 0x6f, 0xf8, 0x0, 0xb, 0xff, 0xf8,
    0x0, 0xbf, 0xfe, 0x40, 0x7, 0xff, 0x40, 0x0,
    0xf, 0xe0, 0x0, 0x0, 0x3f, 0x0, 0x0, 0x0,
    0x3d, 0x0, 0x0, 0x0, 0x7c, 0x0, 0x0, 0x0,
    0x7d, 0x0, 0x0, 0x0, 0x7e, 0x0, 0x0, 0x14,
    0x3f, 0x40, 0x0, 0xbc, 0x2f, 0xfa, 0xaf, 0xfe,
    0xf, 0xff, 0xff, 0xfd, 0x3, 0xff, 0xff, 0xe0,
    0x0, 0x6f, 0xf9, 0x0,

    /* U+FEA6 "ﺦ" */
    0x0, 0x0, 0x0, 0x0, 0x0, 0xb, 0xd0, 0x0,
    0x0, 0xf, 0xd0, 0x0, 0x0, 0x7, 0xc0, 0x0,
    0x0, 0x0, 0x0, 0x0, 0x0, 0x0, 0x0, 0x0,
    0x0, 0x55, 0x55, 0x54, 0xf, 0xff, 0xff, 0xf8,
    0x1f, 0xff, 0xff, 0xf8, 0x2f, 0xff, 0xff, 0xf8,
    0x2f, 0x0, 0x6, 0xf8, 0x15, 0x1, 0xbf, 0xf8,
    0x0, 0x2f, 0xff, 0xe0, 0x1, 0xff, 0xe7, 0xd0,
    0xb, 0xf8, 0x3, 0xf9, 0x2f, 0x80, 0x2, 0xff,
    0x3e, 0x0, 0x1, 0xff, 0x7d, 0x0, 0x0, 0x7e,
    0x7c, 0x0, 0x0, 0x0, 0x7d, 0x0, 0x0, 0x0,
    0x7f, 0x0, 0x0, 0x3c, 0x3f, 0xd0, 0x6, 0xfd,
    0x1f, 0xff, 0xff, 0xfe, 0xb, 0xff, 0xff, 0xf8,
    0x1, 0xff, 0xff, 0x80, 0x0, 0x16, 0x94, 0x0,

    /* U+FEA7 "ﺧ" */
    0x0, 0xb, 0xc0, 0x0, 0x0, 0x3, 0xf0, 0x0,
    0x0, 0x0, 0xfc, 0x0, 0x0, 0x0, 0x0, 0x0,
    0x0, 0x0, 0x0, 0x0, 0x0, 0x1, 0xfe, 0x40,
    0x0, 0x0, 0xff, 0xff, 0x90, 0x0, 0x7f, 0xff,
    0xff, 0xe8, 0x1f, 0xaf, 0xff, 0xff, 0x47, 0xd0,
    0x1b, 0xff, 0xd0, 0x0, 0x0, 0x2f, 0xf4, 0x0,
    0x0, 0xbf, 0x80, 0x2a, 0xab, 0xff, 0x40, 0x2f,
    0xff, 0xff, 0x0, 0xb, 0xff, 0xfd, 0x0, 0x2,
    0xff, 0xe4, 0x0, 0x0,

    /* U+FEA8 "ﺨ" */
    0x0, 0xb, 0xc0, 0x0, 0x0, 0x0, 0xfc, 0x0,
    0x0, 0x0, 0xf, 0xc0, 0x0, 0x0, 0x0, 0x0,
    0x0, 0x0, 0x0, 0x0, 0x0, 0x0, 0x0, 0x7f,
    0x90, 0x0, 0x0, 0xf, 0xff, 0xf9, 0x0, 0x1,
    0xff, 0xff, 0xff, 0xa0, 0x1f, 0xaf, 0xff, 0xff,
    0x41, 0xf4, 0x6, 0xff, 0xf4, 0x0, 0x0, 0x2,
    0xff, 0x40, 0x0, 0x2, 0xff, 0xc0, 0x2a, 0xab,
    0xff, 0xff, 0x8b, 0xff, 0xff, 0xc7, 0xfc, 0xbf,
    0xff, 0xd0, 0x3f, 0xcb, 0xff, 0x90, 0x0, 0xbc,

    /* U+FEA9 "ﺩ" */
    0x0, 0x18, 0x0, 0x0, 0x3e, 0x0, 0x0, 0xff,
    0x80, 0x0, 0x7f, 0xe0, 0x0, 0x1f, 0xf4, 0x0,
    0x3, 0xfc, 0x0, 0x0, 0xfc, 0x0, 0x0, 0x7d,
    0x7d, 0x0, 0x7d, 0x7f, 0xaa, 0xfd, 0x3f, 0xff,
    0xfc, 0x3f, 0xff, 0xf4, 0xb, 0xff, 0xd0,

    /* U+FEAA "ﺪ" */
    0x0, 0x1, 0xc0, 0x0, 0x0, 0x3f, 0x40, 0x0,
    0x0, 0xbf, 0x0, 0x0, 0x1, 0xfc, 0x0, 0x0,
    0x3, 0xf8, 0x0, 0x0, 0xb, 0xf0, 0x0, 0x0,
    0xf, 0xc0, 0x0, 0x0, 0x3f, 0x80, 0x7d, 0x0,
    0xff, 0x1, 0xfe, 0xab, 0xff, 0x93, 0xff, 0xfa,
    0xff, 0x8f, 0xff, 0xc3, 0xfe, 0xb, 0xfd, 0x2,
    0xf4,

    /* U+FEAB "ﺫ" */
    0x0, 0x7d, 0x0, 0x0, 0xbe, 0x0, 0x0, 0x7d,
    0x0, 0x0, 0x0, 0x0, 0x0, 0x0, 0x0, 0x0,
    0x2c, 0x0, 0x0, 0x7f, 0x0, 0x0, 0xff, 0xc0,
    0x0, 0x3f, 0xf0, 0x0, 0xf, 0xf4, 0x0, 0x3,
    0xfc, 0x0, 0x0, 0xfc, 0x0, 0x0, 0x7d, 0x7d,
    0x0, 0x7d, 0x7f, 0xaa, 0xfd, 0x3f, 0xff, 0xfc,
    0x3f, 0xff, 0xf4, 0xb, 0xff, 0xd0,

    /* U+FEAC "ﺬ" */
    0x0, 0xf, 0x40, 0x0, 0x0, 0x7f, 0x0, 0x0,
    0x1, 0xf8, 0x0, 0x0, 0x0, 0x0, 0x0, 0x0,
    0x0, 0x0, 0x0, 0x0, 0x1f, 0x0, 0x0, 0x0,
    0xfe, 0x0, 0x0, 0x2, 0xfc, 0x0, 0x0, 0x3,
    0xf0, 0x0, 0x0, 0xf, 0xe0, 0x0, 0x0, 0x2f,
    0xc0, 0x0, 0x0, 0x3f, 0x40, 0x0, 0x0, 0xfe,
    0x1, 0xf4, 0x3, 0xfc, 0x7, 0xfa, 0xaf, 0xfe,
    0x4f, 0xff, 0xeb, 0xfe, 0x3f, 0xff, 0xf, 0xf8,
    0x2f, 0xf4, 0xb, 0xd0,

    /* U+FEAD "ﺭ" */
    0x0, 0x5, 0x0, 0xf, 0x80, 0x3, 0xf0, 0x0,
    0xbc, 0x0, 0x1f, 0x0, 0x7, 0xd0, 0x1, 0xf4,
    0x0, 0x7d, 0x0, 0x2f, 0x0, 0x1f, 0xc6, 0xbf,
    0xe1, 0xff, 0xf0, 0x7f, 0xf0, 0x1f, 0xd0, 0x0,

    /* U+FEAE "ﺮ" */
    0x0, 0x19, 0x0, 0x0, 0xfc, 0x0, 0x3, 0xf0,
    0x0, 0xb, 0xc0, 0x0, 0x1f, 0xa0, 0x0, 0x7f,
    0xd0, 0x1, 0xff, 0x40, 0x7, 0xfc, 0x0, 0x3f,
    0x0, 0x6, 0xfc, 0x7, 0xff, 0xd0, 0x1f, 0xfe,
    0x0, 0x7f, 0xe0, 0x1, 0xa4, 0x0, 0x0,

    /* U+FEAF "ﺯ" */
    0x0, 0x7c, 0x0, 0x2f, 0x80, 0x7, 0xd0, 0x0,
    0x0, 0x0, 0x0, 0x0, 0x6, 0x40, 0x3, 0xf0,
    0x0, 0xfc, 0x0, 0x2f, 0x0, 0x7, 0xc0, 0x1,
    0xf4, 0x0, 0x7d, 0x0, 0x1f, 0x40, 0xb, 0xc0,
    0x7, 0xf1, 0xaf, 0xf4, 0x7f, 0xfc, 0x1f, 0xfc,
    0x7, 0xf4, 0x0,

    /* U+FEB0 "ﺰ" */
    0x0, 0x7c, 0x0, 0x2, 0xf8, 0x0, 0x7, 0xd0,
    0x0, 0x0, 0x0, 0x0, 0x0, 0x0, 0x0, 0x64,
    0x0, 0x3, 0xf0, 0x0, 0xb, 0xc0, 0x0, 0x2f,
    0x0, 0x0, 0x7e, 0x80, 0x1, 0xff, 0x40, 0x7,
    0xfd, 0x0, 0x1f, 0xf0, 0x0, 0xfc, 0x0, 0x1b,
    0xf0, 0x1f, 0xff, 0x40, 0x7f, 0xf8, 0x1, 0xff,
    0x80, 0x6, 0x90, 0x0, 0x0,

    /* U+FEB1 "ﺱ" */
    0x0, 0x0, 0x0, 0x0, 0x0, 0x0, 0xa4, 0x0,
    0x0, 0x0, 0x0, 0x0, 0x3, 0xe0, 0x0, 0x0,
    0xb, 0x80, 0x3e, 0xf, 0x81, 0x0, 0x0, 0x3e,
    0x0, 0xf8, 0x3e, 0x1f, 0x0, 0x0, 0xbc, 0x7,
    0xe0, 0xf8, 0xbc, 0x0, 0x2, 0xfa, 0xbf, 0xef,
    0xe3, 0xd0, 0x0, 0x7, 0xff, 0xef, 0xff, 0x4f,
    0x40, 0x0, 0x1f, 0xfe, 0x3f, 0xfc, 0x3d, 0x0,
    0x0, 0x7f, 0xe0, 0x7f, 0x80, 0xf8, 0x0, 0x2,
    0xf0, 0x0, 0x0, 0x3, 0xfd, 0x0, 0x2f, 0xc0,
    0x0, 0x0, 0x7, 0xff, 0xff, 0xfe, 0x0, 0x0,
    0x0, 0xf, 0xff, 0xff, 0xf0, 0x0, 0x0, 0x0,
    0xb, 0xff, 0xff, 0x40, 0x0, 0x0, 0x0, 0x2,
    0xff, 0x90, 0x0, 0x0, 0x0, 0x0,

    /* U+FEB2 "ﺲ" */
    0x0, 0x0, 0x0, 0x0, 0x0, 0x0, 0xbc, 0x0,
    0x0, 0x0, 0xb, 0x80, 0x3e, 0xb, 0xc0, 0x4,
    0x0, 0x0, 0xf8, 0x3, 0xe0, 0xbc, 0x1, 0xf0,
    0x0, 0xb, 0xc0, 0x7e, 0xb, 0xd0, 0x2f, 0x0,
    0x0, 0xbe, 0xaf, 0xfb, 0xff, 0x93, 0xd0, 0x0,
    0x7, 0xff, 0xef, 0xfe, 0xff, 0x3d, 0x0, 0x0,
    0x7f, 0xf8, 0xff, 0x5f, 0xf3, 0xd0, 0x0, 0x7,
    0xfe, 0x7, 0xe0, 0x7d, 0x3e, 0x0, 0x0, 0xbc,
    0x0, 0x0, 0x0, 0x3, 0xfd, 0x0, 0x2f, 0xc0,
    0x0, 0x0, 0x0, 0x1f, 0xff, 0xff, 0xf8, 0x0,
    0x0, 0x0, 0x0, 0xff, 0xff, 0xff, 0x0, 0x0,
    0x0, 0x0, 0x2, 0xff, 0xff, 0xd0, 0x0, 0x0,
    0x0, 0x0, 0x2, 0xff, 0x90, 0x0, 0x0, 0x0,
    0x0,

    /* U+FEB3 "ﺳ" */
    0x0, 0x0, 0x0, 0x1, 0xb0, 0x0, 0x0, 0x0,
    0xb, 0xc0, 0xa, 0x0, 0xbc, 0x1f, 0x0, 0x3f,
    0x2, 0xf0, 0x7d, 0x2, 0xf4, 0xb, 0xc1, 0xf5,
    0xbf, 0xfa, 0xbf, 0xef, 0xcb, 0xff, 0xff, 0x7f,
    0xff, 0x2f, 0xff, 0xfc, 0xbf, 0xf8, 0xbd, 0x1b,
    0xd0, 0xbf, 0x40,

    /* U+FEB4 "ﺴ" */
    0x0, 0x0, 0x0, 0x0, 0xf8, 0x0, 0xa, 0x0,
    0xbc, 0xf, 0x80, 0x0, 0xfc, 0xb, 0xc0, 0xf8,
    0x0, 0x2f, 0x40, 0xbc, 0xf, 0xc0, 0x6f, 0xfe,
    0xaf, 0xfb, 0xff, 0x8b, 0xff, 0xff, 0xbf, 0xf7,
    0xfd, 0xbf, 0xff, 0xf2, 0xff, 0x2f, 0xdb, 0xd1,
    0xbd, 0xb, 0xd0, 0xbc,

    /* U+FEB5 "ﺵ" */
    0x0, 0x0, 0x0, 0x0, 0x3, 0xd0, 0x0, 0x0,
    0x0, 0x0, 0x0, 0x1f, 0xc0, 0x0, 0x0, 0x0,
    0x0, 0x0, 0x3e, 0x0, 0x0, 0x0, 0x0, 0x0,
    0x0, 0x0, 0x0, 0x0, 0x0, 0x0, 0x0, 0x3e,
    0x7e, 0x0, 0x0, 0x0, 0x0, 0x1, 0xfe, 0xf8,
    0x0, 0x0, 0x0, 0x0, 0x3, 0xe3, 0xd0, 0x0,
    0x0, 0x0, 0x0, 0x0, 0x0, 0x2d, 0x0, 0x0,
    0x0, 0x0, 0x0, 0x0, 0xf8, 0x0, 0x0, 0x2,
    0xe0, 0xf, 0x83, 0xe0, 0x40, 0x0, 0xf, 0x80,
    0x3e, 0xf, 0x87, 0xc0, 0x0, 0x2f, 0x1, 0xf8,
    0x3e, 0x2f, 0x0, 0x0, 0xbe, 0xaf, 0xfb, 0xf8,
    0xf4, 0x0, 0x1, 0xff, 0xfb, 0xff, 0xd3, 0xd0,
    0x0, 0x7, 0xff, 0x8f, 0xff, 0xf, 0x40, 0x0,
    0x1f, 0xf8, 0x1f, 0xe0, 0x3e, 0x0, 0x0, 0xbc,
    0x0, 0x0, 0x0, 0xff, 0x40, 0xb, 0xf0, 0x0,
    0x0, 0x1, 0xff, 0xff, 0xff, 0x80, 0x0, 0x0,
    0x3, 0xff, 0xff, 0xfc, 0x0, 0x0, 0x0, 0x2,
    0xff, 0xff, 0xd0, 0x0, 0x0, 0x0, 0x0, 0xbf,
    0xe4, 0x0, 0x0, 0x0, 0x0,

    /* U+FEB6 "ﺶ" */
    0x0, 0x0, 0x0, 0x0, 0x3, 0xd0, 0x0, 0x0,
    0x0, 0x0, 0x0, 0x0, 0x7f, 0x0, 0x0, 0x0,
    0x0, 0x0, 0x0, 0x3, 0xe0, 0x0, 0x0, 0x0,
    0x0, 0x0, 0x0, 0x0, 0x0, 0x0, 0x0, 0x0,
    0x0, 0x0, 0x3e, 0x7e, 0x0, 0x0, 0x0, 0x0,
    0x0, 0x7, 0xfb, 0xe0, 0x0, 0x0, 0x0, 0x0,
    0x0, 0x3e, 0x3d, 0x0, 0x0, 0x0, 0x0, 0x0,
    0x0, 0x0, 0x0, 0x0, 0x0, 0x0, 0x0, 0x0,
    0x0, 0x0, 0x7c, 0x0, 0x0, 0x0, 0xb, 0x80,
    0x3e, 0xb, 0xc0, 0x4, 0x0, 0x0, 0xf8, 0x3,
    0xe0, 0xbc, 0x1, 0xf0, 0x0, 0xb, 0xc0, 0x7e,
    0xb, 0xd0, 0x2f, 0x0, 0x0, 0xbe, 0xaf, 0xfa,
    0xff, 0x93, 0xd0, 0x0, 0x7, 0xff, 0xef, 0xfe,
    0xff, 0x3d, 0x0, 0x0, 0x7f, 0xf8, 0xff, 0x5f,
    0xf3, 0xd0, 0x0, 0x7, 0xfe, 0x7, 0xe0, 0x7d,
    0x3e, 0x0, 0x0, 0xbc, 0x0, 0x0, 0x0, 0x3,
    0xfd, 0x0, 0x2f, 0xc0, 0x0, 0x0, 0x0, 0x1f,
    0xff, 0xff, 0xf8, 0x0, 0x0, 0x0, 0x0, 0xff,
    0xff, 0xff, 0x0, 0x0, 0x0, 0x0, 0x2, 0xff,
    0xff, 0xd0, 0x0, 0x0, 0x0, 0x0, 0x2, 0xff,
    0x90, 0x0, 0x0, 0x0, 0x0,

    /* U+FEB7 "ﺷ" */
    0x0, 0x0, 0x7, 0xc0, 0x0, 0x0, 0x0, 0x3f,
    0x40, 0x0, 0x0, 0x0, 0xbc, 0x0, 0x0, 0x0,
    0x0, 0x0, 0x0, 0x0, 0x0, 0xbd, 0xbc, 0x0,
    0x0, 0x2, 0xf7, 0xf4, 0x0, 0x0, 0x7, 0xcb,
    0xc0, 0x0, 0x0, 0x0, 0x0, 0x6c, 0x0, 0x0,
    0x0, 0x2, 0xf0, 0x2, 0x40, 0x2f, 0x7, 0xc0,
    0xf, 0xc0, 0xbc, 0x1f, 0x40, 0xbd, 0x2, 0xf0,
    0x7d, 0x6f, 0xfe, 0xaf, 0xfb, 0xf2, 0xff, 0xff,
    0xdf, 0xff, 0xcb, 0xff, 0xff, 0x2f, 0xfe, 0x2f,
    0x46, 0xf4, 0x2f, 0xd0,

    /* U+FEB8 "ﺸ" */
    0x0, 0x0, 0x7, 0xc0, 0x0, 0x0, 0x0, 0x0,
    0xfd, 0x0, 0x0, 0x0, 0x0, 0xb, 0xc0, 0x0,
    0x0, 0x0, 0x0, 0x0, 0x0, 0x0, 0x0, 0x0,
    0xbd, 0xbc, 0x0, 0x0, 0x0, 0xb, 0xdf, 0xd0,
    0x0, 0x0, 0x0, 0x7c, 0xbc, 0x0, 0x0, 0x0,
    0x0, 0x0, 0x0, 0x0, 0x0, 0x0, 0x0, 0x0,
    0xf8, 0x0, 0x9, 0x0, 0xbc, 0xf, 0x80, 0x0,
    0xfc, 0xb, 0xc0, 0xf8, 0x0, 0x2f, 0x40, 0xbc,
    0xf, 0xc0, 0x6f, 0xfe, 0xaf, 0xfb, 0xff, 0x8b,
    0xff, 0xff, 0xbf, 0xf7, 0xfd, 0xbf, 0xff, 0xf2,
    0xff, 0x2f, 0xdb, 0xd1, 0xbd, 0xb, 0xd0, 0xbc,

    /* U+FEB9 "ﺹ" */
    0x0, 0x0, 0x0, 0x0, 0x0, 0x1b, 0xfe, 0x0,
    0x0, 0x0, 0x0, 0x0, 0x3, 0xff, 0xff, 0x0,
    0x0, 0x0, 0x0, 0x0, 0x3f, 0xff, 0xfe, 0x0,
    0x0, 0x0, 0x0, 0x3, 0xfe, 0xab, 0xfc, 0x0,
    0x0, 0x0, 0x18, 0x2f, 0x40, 0x1, 0xf4, 0x24,
    0x0, 0x1, 0xf4, 0xf0, 0x0, 0x3, 0xd1, 0xf0,
    0x0, 0x3, 0xeb, 0x80, 0x0, 0xf, 0x4f, 0x80,
    0x0, 0xf, 0xfe, 0xaa, 0xab, 0xfd, 0x3d, 0x0,
    0x0, 0x3f, 0xff, 0xff, 0xff, 0xf0, 0xf4, 0x0,
    0x0, 0xff, 0xff, 0xff, 0xff, 0x3, 0xd0, 0x0,
    0x3, 0xff, 0xff, 0xff, 0xd0, 0xf, 0x80, 0x0,
    0x1f, 0x80, 0x0, 0x0, 0x0, 0x3f, 0xd0, 0x1,
    0xfd, 0x0, 0x0, 0x0, 0x0, 0x7f, 0xff, 0xff,
    0xf0, 0x0, 0x0, 0x0, 0x0, 0xff, 0xff, 0xff,
    0x40, 0x0, 0x0, 0x0, 0x0, 0xbf, 0xff, 0xf4,
    0x0, 0x0, 0x0, 0x0, 0x0, 0x2f, 0xf9, 0x0,
    0x0, 0x0, 0x0, 0x0,

    /* U+FEBA "ﺺ" */
    0x0, 0x0, 0x0, 0x0, 0x0, 0x1b, 0xfe, 0x0,
    0x0, 0x0, 0x0, 0x0, 0x0, 0x3f, 0xff, 0xf0,
    0x0, 0x0, 0x0, 0x0, 0x0, 0x3f, 0xff, 0xfe,
    0x0, 0x0, 0x0, 0x0, 0x0, 0x3f, 0xea, 0xbf,
    0xc0, 0x0, 0x0, 0x0, 0x18, 0x2f, 0x40, 0x1,
    0xf4, 0x2, 0x40, 0x0, 0x1f, 0x4f, 0x0, 0x0,
    0x3d, 0x1, 0xf0, 0x0, 0x3, 0xeb, 0x80, 0x0,
    0xf, 0x40, 0xf8, 0x0, 0x0, 0xff, 0xea, 0xaa,
    0xbf, 0xf8, 0x3d, 0x0, 0x0, 0x3f, 0xff, 0xff,
    0xff, 0xff, 0xf, 0x40, 0x0, 0xf, 0xff, 0xff,
    0xff, 0xff, 0xc3, 0xd0, 0x0, 0x3, 0xff, 0xff,
    0xff, 0xd2, 0xf0, 0xf8, 0x0, 0x1, 0xf8, 0x0,
    0x0, 0x0, 0x0, 0x3f, 0xd0, 0x1, 0xfd, 0x0,
    0x0, 0x0, 0x0, 0x7, 0xff, 0xff, 0xff, 0x0,
    0x0, 0x0, 0x0, 0x0, 0xff, 0xff, 0xff, 0x40,
    0x0, 0x0, 0x0, 0x0, 0xb, 0xff, 0xff, 0x40,
    0x0, 0x0, 0x0, 0x0, 0x0, 0x2f, 0xf9, 0x0,
    0x0, 0x0, 0x0, 0x0, 0x0,

    /* U+FEBB "ﺻ" */
    0x0, 0x0, 0x0, 0x6f, 0xf4, 0x0, 0x0, 0x0,
    0x3f, 0xff, 0xf0, 0x0, 0x0, 0xf, 0xff, 0xff,
    0x80, 0x0, 0x3, 0xfe, 0xab, 0xfc, 0x1, 0xa0,
    0xbd, 0x0, 0x7, 0xd0, 0x1f, 0x4f, 0x0, 0x0,
    0x3d, 0x2, 0xf6, 0xd0, 0x0, 0x3, 0xd2, 0xbf,
    0xfe, 0xaa, 0xab, 0xfc, 0xbe, 0xff, 0xff, 0xff,
    0xff, 0xcb, 0xc7, 0xff, 0xff, 0xff, 0xf0, 0xb4,
    0x1f, 0xff, 0xff, 0xf4, 0x0,

    /* U+FEBC "ﺼ" */
    0x0, 0x0, 0x0, 0x6f, 0xf4, 0x0, 0x0, 0x0,
    0x3, 0xff, 0xff, 0x0, 0x0, 0x0, 0xf, 0xff,
    0xff, 0x80, 0x0, 0x0, 0x3f, 0xea, 0xbf, 0xc0,
    0x1, 0xa0, 0xbd, 0x0, 0x7, 0xd0, 0x1, 0xf4,
    0xf0, 0x0, 0x3, 0xd0, 0x2, 0xf6, 0xd0, 0x0,
    0x3, 0xd0, 0x2b, 0xff, 0xea, 0xaa, 0xbf, 0xe8,
    0xbe, 0xff, 0xff, 0xff, 0xff, 0xfc, 0xbc, 0x7f,
    0xff, 0xff, 0xff, 0xfc, 0xb4, 0x1f, 0xff, 0xff,
    0xf4, 0xbc,

    /* U+FEBD "ﺽ" */
    0x0, 0x0, 0x0, 0x0, 0x0, 0x0, 0x0, 0x0,
    0x0, 0x0, 0x0, 0x0, 0x0, 0x1f, 0x80, 0x0,
    0x0, 0x0, 0x0, 0x0, 0x0, 0xbe, 0x0, 0x0,
    0x0, 0x0, 0x0, 0x0, 0x0, 0xf4, 0x0, 0x0,
    0x0, 0x0, 0x0, 0x0, 0x0, 0x0, 0x0, 0x0,
    0x0, 0x0, 0x0, 0x0, 0x0, 0x0, 0x0, 0x0,
    0x0, 0x0, 0x0, 0x1, 0xbf, 0xe0, 0x0, 0x0,
    0x0, 0x0, 0x0, 0x3f, 0xff, 0xf0, 0x0, 0x0,
    0x0, 0x0, 0x3, 0xff, 0xff, 0xe0, 0x0, 0x0,
    0x0, 0x0, 0x3f, 0xea, 0xbf, 0xc0, 0x0, 0x0,
    0x1, 0x82, 0xf4, 0x0, 0x1f, 0x42, 0x40, 0x0,
    0x1f, 0x4f, 0x0, 0x0, 0x3d, 0x1f, 0x0, 0x0,
    0x3e, 0xb8, 0x0, 0x0, 0xf4, 0xf8, 0x0, 0x0,
    0xff, 0xea, 0xaa, 0xbf, 0xd3, 0xd0, 0x0, 0x3,
    0xff, 0xff, 0xff, 0xff, 0xf, 0x40, 0x0, 0xf,
    0xff, 0xff, 0xff, 0xf0, 0x3d, 0x0, 0x0, 0x3f,
    0xff, 0xff, 0xfd, 0x0, 0xf8, 0x0, 0x1, 0xf8,
    0x0, 0x0, 0x0, 0x3, 0xfd, 0x0, 0x1f, 0xd0,
    0x0, 0x0, 0x0, 0x7, 0xff, 0xff, 0xff, 0x0,
    0x0, 0x0, 0x0, 0xf, 0xff, 0xff, 0xf4, 0x0,
    0x0, 0x0, 0x0, 0xb, 0xff, 0xff, 0x40, 0x0,
    0x0, 0x0, 0x0, 0x2, 0xff, 0x90, 0x0, 0x0,
    0x0, 0x0, 0x0,

    /* U+FEBE "ﺾ" */
    0x0, 0x0, 0x0, 0x0, 0x0, 0x0, 0x0, 0x0,
    0x0, 0x0, 0x0, 0x0, 0x0, 0x1, 0xf8, 0x0,
    0x0, 0x0, 0x0, 0x0, 0x0, 0x0, 0xbe, 0x0,
    0x0, 0x0, 0x0, 0x0, 0x0, 0x0, 0xf, 0x40,
    0x0, 0x0, 0x0, 0x0, 0x0, 0x0, 0x0, 0x0,
    0x0, 0x0, 0x0, 0x0, 0x0, 0x0, 0x0, 0x0,
    0x0, 0x0, 0x0, 0x0, 0x0, 0x0, 0x1, 0xbf,
    0xe0, 0x0, 0x0, 0x0, 0x0, 0x0, 0x3, 0xff,
    0xff, 0x0, 0x0, 0x0, 0x0, 0x0, 0x3, 0xff,
    0xff, 0xe0, 0x0, 0x0, 0x0, 0x0, 0x3, 0xfe,
    0xab, 0xfc, 0x0, 0x0, 0x0, 0x1, 0x82, 0xf4,
    0x0, 0x1f, 0x40, 0x24, 0x0, 0x1, 0xf4, 0xf0,
    0x0, 0x3, 0xd0, 0x1f, 0x0, 0x0, 0x3e, 0xb8,
    0x0, 0x0, 0xf4, 0xf, 0x80, 0x0, 0xf, 0xfe,
    0xaa, 0xab, 0xff, 0x83, 0xd0, 0x0, 0x3, 0xff,
    0xff, 0xff, 0xff, 0xf0, 0xf4, 0x0, 0x0, 0xff,
    0xff, 0xff, 0xff, 0xfc, 0x3d, 0x0, 0x0, 0x3f,
    0xff, 0xff, 0xfd, 0x2f, 0xf, 0x80, 0x0, 0x1f,
    0x80, 0x0, 0x0, 0x0, 0x3, 0xfd, 0x0, 0x1f,
    0xd0, 0x0, 0x0, 0x0, 0x0, 0x7f, 0xff, 0xff,
    0xf0, 0x0, 0x0, 0x0, 0x0, 0xf, 0xff, 0xff,
    0xf4, 0x0, 0x0, 0x0, 0x0, 0x0, 0xbf, 0xff,
    0xf4, 0x0, 0x0, 0x0, 0x0, 0x0, 0x2, 0xff,
    0x90, 0x0, 0x0, 0x0, 0x0, 0x0,

    /* U+FEBF "ﺿ" */
    0x0, 0x0, 0x0, 0x0, 0x0, 0x0, 0x0, 0x0,
    0x1, 0xf4, 0x0, 0x0, 0x0, 0x0, 0x2f, 0x80,
    0x0, 0x0, 0x0, 0x1, 0xf4, 0x0, 0x0, 0x0,
    0x0, 0x0, 0x0, 0x0, 0x0, 0x0, 0x0, 0x0,
    0x0, 0x0, 0x0, 0x0, 0x6f, 0xf4, 0x0, 0x0,
    0x0, 0x3f, 0xff, 0xf0, 0x0, 0x0, 0xf, 0xff,
    0xff, 0x80, 0x0, 0x3, 0xfe, 0xab, 0xfc, 0x1,
    0xa0, 0xbd, 0x0, 0x7, 0xd0, 0x1f, 0x4f, 0x0,
    0x0, 0x3d, 0x2, 0xf6, 0xd0, 0x0, 0x3, 0xd2,
    0xbf, 0xfe, 0xaa, 0xab, 0xfc, 0xbe, 0xff, 0xff,
    0xff, 0xff, 0xcb, 0xc7, 0xff, 0xff, 0xff, 0xf0,
    0xb4, 0x1f, 0xff, 0xff, 0xf4, 0x0,

    /* U+FEC0 "ﻀ" */
    0x0, 0x0, 0x0, 0x0, 0x0, 0x0, 0x0, 0x0,
    0x0, 0x1f, 0x40, 0x0, 0x0, 0x0, 0x0, 0x2f,
    0x80, 0x0, 0x0, 0x0, 0x0, 0x1f, 0x40, 0x0,
    0x0, 0x0, 0x0, 0x0, 0x0, 0x0, 0x0, 0x0,
    0x0, 0x0, 0x0, 0x0, 0x0, 0x0, 0x0, 0x6f,
    0xf4, 0x0, 0x0, 0x0, 0x3, 0xff, 0xff, 0x0,
    0x0, 0x0, 0xf, 0xff, 0xff, 0x80, 0x0, 0x0,
    0x3f, 0xea, 0xbf, 0xc0, 0x1, 0xa0, 0xbd, 0x0,
    0x7, 0xd0, 0x1, 0xf4, 0xf0, 0x0, 0x3, 0xd0,
    0x2, 0xf6, 0xd0, 0x0, 0x3, 0xd0, 0x2b, 0xff,
    0xea, 0xaa, 0xbf, 0xe8, 0xbe, 0xff, 0xff, 0xff,
    0xff, 0xfc, 0xbc, 0x7f, 0xff, 0xff, 0xff, 0xfc,
    0xb4, 0x1f, 0xff, 0xff, 0xf4, 0xbc,

    /* U+FEC1 "ﻁ" */
    0x2, 0xf0, 0x0, 0x0, 0x0, 0x2f, 0x0, 0x0,
    0x0, 0x2, 0xf0, 0x0, 0x0, 0x0, 0x2f, 0x0,
    0x0, 0x0, 0x2, 0xf0, 0x0, 0x0, 0x0, 0x2f,
    0x0, 0x0, 0x0, 0x2, 0xf0, 0x0, 0x0, 0x0,
    0x2f, 0x6, 0xff, 0x80, 0x2, 0xf2, 0xff, 0xff,
    0x0, 0x2f, 0xff, 0xff, 0xf8, 0x2, 0xff, 0xea,
    0xbf, 0xc0, 0x2f, 0xd0, 0x0, 0x7d, 0x2, 0xf4,
    0x0, 0x3, 0xd0, 0x2e, 0x0, 0x0, 0x3d, 0x2b,
    0xea, 0xaa, 0xbf, 0xd7, 0xff, 0xff, 0xff, 0xfc,
    0x7f, 0xff, 0xff, 0xff, 0x7, 0xff, 0xff, 0xff,
    0x80,

    /* U+FEC2 "ﻂ" */
    0x2, 0xf0, 0x0, 0x0, 0x0, 0x2, 0xf0, 0x0,
    0x0, 0x0, 0x2, 0xf0, 0x0, 0x0, 0x0, 0x2,
    0xf0, 0x0, 0x0, 0x0, 0x2, 0xf0, 0x0, 0x0,
    0x0, 0x2, 0xf0, 0x0, 0x0, 0x0, 0x2, 0xf0,
    0x0, 0x0, 0x0, 0x2, 0xf0, 0x6f, 0xf8, 0x0,
    0x2, 0xf2, 0xff, 0xff, 0x0, 0x2, 0xff, 0xff,
    0xff, 0x80, 0x2, 0xff, 0xea, 0xbf, 0xc0, 0x2,
    0xfd, 0x0, 0x7, 0xd0, 0x2, 0xf4, 0x0, 0x3,
    0xd0, 0x2, 0xe0, 0x0, 0x3, 0xd0, 0x2b, 0xea,
    0xaa, 0xbf, 0xf8, 0x7f, 0xff, 0xff, 0xff, 0xfc,
    0x7f, 0xff, 0xff, 0xff, 0xfc, 0x7f, 0xff, 0xff,
    0xf4, 0xbc,

    /* U+FEC3 "ﻃ" */
    0x7, 0xe0, 0x0, 0x0, 0x1, 0xf8, 0x0, 0x0,
    0x0, 0x7e, 0x0, 0x0, 0x0, 0x1f, 0x80, 0x0,
    0x0, 0x7, 0xe0, 0x0, 0x0, 0x1, 0xf8, 0x0,
    0x0, 0x0, 0x7e, 0x0, 0x0, 0x0, 0x1f, 0x42,
    0xff, 0x80, 0x7, 0xd7, 0xff, 0xfd, 0x1, 0xff,
    0xff, 0xff, 0xc0, 0x7f, 0xfe, 0xab, 0xf4, 0x1f,
    0xe0, 0x0, 0x3e, 0x7, 0xe0, 0x0, 0xb, 0xc1,
    0xf0, 0x0, 0x3, 0xf2, 0xfe, 0xaa, 0xab, 0xfa,
    0xff, 0xff, 0xff, 0xfc, 0xbf, 0xff, 0xff, 0xfd,
    0x2f, 0xff, 0xff, 0xf8, 0x0,

    /* U+FEC4 "ﻄ" */
    0x7, 0xe0, 0x0, 0x0, 0x0, 0x1f, 0x80, 0x0,
    0x0, 0x0, 0x7e, 0x0, 0x0, 0x0, 0x1, 0xf8,
    0x0, 0x0, 0x0, 0x7, 0xe0, 0x0, 0x0, 0x0,
    0x1f, 0x80, 0x0, 0x0, 0x0, 0x7e, 0x0, 0x0,
    0x0, 0x1, 0xf4, 0x2f, 0xf8, 0x0, 0x7, 0xd7,
    0xff, 0xfd, 0x0, 0x1f, 0xff, 0xff, 0xfc, 0x0,
    0x7f, 0xfe, 0xab, 0xf4, 0x1, 0xfe, 0x0, 0x3,
    0xe0, 0x7, 0xe0, 0x0, 0xb, 0xc0, 0x1f, 0x0,
    0x0, 0x3e, 0x2, 0xfe, 0xaa, 0xab, 0xfe, 0x6f,
    0xff, 0xff, 0xff, 0xfe, 0xbf, 0xff, 0xff, 0xff,
    0xfa, 0xff, 0xff, 0xff, 0x87, 0xd0,

    /* U+FEC5 "ﻅ" */
    0x2, 0xf0, 0x0, 0x0, 0x0, 0x2f, 0x0, 0x0,
    0x0, 0x2, 0xf0, 0x1f, 0x80, 0x0, 0x2f, 0x2,
    0xf8, 0x0, 0x2, 0xf0, 0xf, 0x40, 0x0, 0x2f,
    0x0, 0x0, 0x0, 0x2, 0xf0, 0x0, 0x0, 0x0,
    0x2f, 0x6, 0xff, 0x80, 0x2, 0xf2, 0xff, 0xff,
    0x0, 0x2f, 0xff, 0xff, 0xf8, 0x2, 0xff, 0xea,
    0xbf, 0xc0, 0x2f, 0xd0, 0x0, 0x7d, 0x2, 0xf4,
    0x0, 0x3, 0xd0, 0x2e, 0x0, 0x0, 0x3d, 0x2b,
    0xea, 0xaa, 0xbf, 0xd7, 0xff, 0xff, 0xff, 0xfc,
    0x7f, 0xff, 0xff, 0xff, 0x7, 0xff, 0xff, 0xff,
    0x80,

    /* U+FEC6 "ﻆ" */
    0x2, 0xf0, 0x0, 0x0, 0x0, 0x2, 0xf0, 0x0,
    0x0, 0x0, 0x2, 0xf0, 0x1f, 0x80, 0x0, 0x2,
    0xf0, 0x2f, 0x80, 0x0, 0x2, 0xf0, 0xf, 0x40,
    0x0, 0x2, 0xf0, 0x0, 0x0, 0x0, 0x2, 0xf0,
    0x0, 0x0, 0x0, 0x2, 0xf0, 0x6f, 0xf8, 0x0,
    0x2, 0xf2, 0xff, 0xff, 0x0, 0x2, 0xff, 0xff,
    0xff, 0x80, 0x2, 0xff, 0xea, 0xbf, 0xc0, 0x2,
    0xfd, 0x0, 0x7, 0xd0, 0x2, 0xf4, 0x0, 0x3,
    0xd0, 0x2, 0xe0, 0x0, 0x3, 0xd0, 0x2b, 0xea,
    0xaa, 0xbf, 0xf8, 0x7f, 0xff, 0xff, 0xff, 0xfc,
    0x7f, 0xff, 0xff, 0xff, 0xfc, 0x7f, 0xff, 0xff,
    0xf4, 0xbc,

    /* U+FEC7 "ﻇ" */
    0x7, 0xe0, 0x0, 0x0, 0x1, 0xf8, 0x0, 0x0,
    0x0, 0x7e, 0x3, 0xf0, 0x0, 0x1f, 0x80, 0xfc,
    0x0, 0x7, 0xe0, 0x3e, 0x0, 0x1, 0xf8, 0x0,
    0x0, 0x0, 0x7e, 0x0, 0x0, 0x0, 0x1f, 0x42,
    0xff, 0x80, 0x7, 0xd7, 0xff, 0xfd, 0x1, 0xff,
    0xff, 0xff, 0xc0, 0x7f, 0xfe, 0xab, 0xf4, 0x1f,
    0xe0, 0x0, 0x3e, 0x7, 0xe0, 0x0, 0xb, 0xc1,
    0xf0, 0x0, 0x3, 0xf2, 0xfe, 0xaa, 0xab, 0xfa,
    0xff, 0xff, 0xff, 0xfc, 0xbf, 0xff, 0xff, 0xfd,
    0x2f, 0xff, 0xff, 0xf8, 0x0,

    /* U+FEC8 "ﻈ" */
    0x7, 0xe0, 0x0, 0x0, 0x0, 0x1f, 0x80, 0x0,
    0x0, 0x0, 0x7e, 0x3, 0xf0, 0x0, 0x1, 0xf8,
    0xf, 0xc0, 0x0, 0x7, 0xe0, 0x3e, 0x0, 0x0,
    0x1f, 0x80, 0x0, 0x0, 0x0, 0x7e, 0x0, 0x0,
    0x0, 0x1, 0xf4, 0x2f, 0xf8, 0x0, 0x7, 0xd7,
    0xff, 0xfd, 0x0, 0x1f, 0xff, 0xff, 0xfc, 0x0,
    0x7f, 0xfe, 0xab, 0xf4, 0x1, 0xfe, 0x0, 0x3,
    0xe0, 0x7, 0xe0, 0x0, 0xb, 0xc0, 0x1f, 0x0,
    0x0, 0x3e, 0x2, 0xfe, 0xaa, 0xab, 0xfe, 0x6f,
    0xff, 0xff, 0xff, 0xfe, 0xbf, 0xff, 0xff, 0xff,
    0xfa, 0xff, 0xff, 0xff, 0x87, 0xd0,

    /* U+FEC9 "ﻉ" */
    0x0, 0x6, 0x90, 0x0, 0x0, 0x1f, 0xff, 0x80,
    0x0, 0xf, 0xff, 0xf8, 0x0, 0xf, 0xff, 0xff,
    0x0, 0x3, 0xf0, 0x1f, 0x0, 0x1, 0xf0, 0x1,
    0x0, 0x0, 0x7c, 0x0, 0x0, 0x0, 0xf, 0x80,
    0x0, 0x0, 0x3, 0xfe, 0xaf, 0xe0, 0x0, 0x3f,
    0xff, 0xfc, 0x0, 0x3, 0xff, 0xff, 0x0, 0x2,
    0xff, 0xe5, 0x0, 0x7, 0xf9, 0x0, 0x0, 0x3,
    0xf0, 0x0, 0x0, 0x2, 0xf0, 0x0, 0x0, 0x0,
    0xf8, 0x0, 0x0, 0x0, 0x3e, 0x0, 0x0, 0x0,
    0xf, 0x80, 0x0, 0x2, 0x3, 0xf8, 0x0, 0xb,
    0xd0, 0xbf, 0xfa, 0xbf, 0xfc, 0xf, 0xff, 0xff,
    0xfe, 0x0, 0xff, 0xff, 0xfd, 0x0, 0x6, 0xff,
    0xe0, 0x0,

    /* U+FECA "ﻊ" */
    0x0, 0x6f, 0xf8, 0x0, 0x7, 0xff, 0xff, 0x40,
    0x7, 0xff, 0xff, 0xc0, 0x7, 0xfa, 0xbf, 0xc0,
    0x7, 0xd0, 0x7, 0xc0, 0x3, 0xf0, 0x7, 0xc0,
    0x0, 0xfc, 0x1f, 0x80, 0x0, 0x7f, 0xff, 0x0,
    0x0, 0x2f, 0xf8, 0x0, 0x0, 0x7f, 0xfa, 0xa8,
    0x2, 0xff, 0xff, 0xfc, 0xb, 0xf4, 0xff, 0xfc,
    0x1f, 0xc0, 0x1f, 0xfc, 0x3f, 0x0, 0x0, 0x0,
    0x3e, 0x0, 0x0, 0x0, 0x3f, 0x0, 0x0, 0xf0,
    0x3f, 0xd0, 0xb, 0xf4, 0x2f, 0xff, 0xff, 0xf8,
    0xf, 0xff, 0xff, 0xe0, 0x2, 0xff, 0xff, 0x40,
    0x0, 0x1a, 0x90, 0x0,

    /* U+FECB "ﻋ" */
    0x0, 0x6, 0x50, 0x0, 0x2, 0xff, 0xf0, 0x0,
    0x3f, 0xff, 0xf0, 0x1, 0xff, 0xff, 0xd0, 0xf,
    0xd0, 0x7d, 0x0, 0x3d, 0x0, 0x10, 0x0, 0xf4,
    0x0, 0x0, 0x3, 0xf0, 0x0, 0x0, 0x7, 0xf9,
    0x5b, 0xd0, 0xaf, 0xff, 0xff, 0x8b, 0xff, 0xff,
    0xff, 0x2f, 0xff, 0xff, 0x90, 0xbf, 0xfe, 0x90,
    0x0,

    /* U+FECC "ﻌ" */
    0x0, 0x5a, 0x50, 0x0, 0xbf, 0xff, 0xc0, 0xf,
    0xff, 0xff, 0x0, 0xff, 0xff, 0xf0, 0xf, 0x40,
    0x2f, 0x40, 0xfc, 0x0, 0xf4, 0x3, 0xf0, 0x2f,
    0x0, 0x1f, 0x8b, 0xc0, 0x2a, 0xff, 0xfe, 0x8b,
    0xff, 0xff, 0xfc, 0xbf, 0xff, 0xff, 0xcb, 0xf9,
    0x6, 0xfc,

    /* U+FECD "ﻍ" */
    0x0, 0x7, 0xd0, 0x0, 0x0, 0x2, 0xf8, 0x0,
    0x0, 0x0, 0x7d, 0x0, 0x0, 0x0, 0x0, 0x0,
    0x0, 0x0, 0x0, 0x0, 0x0, 0x0, 0x1, 0xa4,
    0x0, 0x0, 0x7, 0xff, 0xe0, 0x0, 0x3, 0xff,
    0xfe, 0x0, 0x3, 0xff, 0xff, 0xc0, 0x0, 0xfc,
    0x7, 0xc0, 0x0, 0x7c, 0x0, 0x40, 0x0, 0x1f,
    0x0, 0x0, 0x0, 0x3, 0xe0, 0x0, 0x0, 0x0,
    0xff, 0xab, 0xf8, 0x0, 0xf, 0xff, 0xff, 0x0,
    0x0, 0xff, 0xff, 0xc0, 0x0, 0xbf, 0xf9, 0x40,
    0x1, 0xfe, 0x40, 0x0, 0x0, 0xfc, 0x0, 0x0,
    0x0, 0xbc, 0x0, 0x0, 0x0, 0x3e, 0x0, 0x0,
    0x0, 0xf, 0x80, 0x0, 0x0, 0x3, 0xe0, 0x0,
    0x0, 0x80, 0xfe, 0x0, 0x2, 0xf4, 0x2f, 0xfe,
    0xaf, 0xff, 0x3, 0xff, 0xff, 0xff, 0x80, 0x3f,
    0xff, 0xff, 0x40, 0x1, 0xbf, 0xf8, 0x0,

    /* U+FECE "ﻎ" */
    0x0, 0x7, 0xc0, 0x0, 0x0, 0xf, 0xd0, 0x0,
    0x0, 0xb, 0xc0, 0x0, 0x0, 0x0, 0x0, 0x0,
    0x0, 0x0, 0x0, 0x0, 0x0, 0x6f, 0xf8, 0x0,
    0x7, 0xff, 0xff, 0x40, 0x7, 0xff, 0xff, 0xc0,
    0x7, 0xfa, 0xbf, 0xc0, 0x7, 0xd0, 0x7, 0xc0,
    0x3, 0xf0, 0x7, 0xc0, 0x0, 0xfc, 0x1f, 0x80,
    0x0, 0x7f, 0xff, 0x0, 0x0, 0x2f, 0xf8, 0x0,
    0x0, 0x7f, 0xfa, 0xa8, 0x2, 0xff, 0xff, 0xfc,
    0xb, 0xf4, 0xff, 0xfc, 0x1f, 0xc0, 0x1f, 0xfc,
    0x3f, 0x0, 0x0, 0x0, 0x3e, 0x0, 0x0, 0x0,
    0x3f, 0x0, 0x0, 0xf0, 0x3f, 0xd0, 0xb, 0xf4,
    0x2f, 0xff, 0xff, 0xf8, 0xf, 0xff, 0xff, 0xe0,
    0x2, 0xff, 0xff, 0x40, 0x0, 0x1a, 0x90, 0x0,

    /* U+FECF "ﻏ" */
    0x0, 0xf, 0x80, 0x0, 0x0, 0x3f, 0x0, 0x0,
    0x0, 0xfc, 0x0, 0x0, 0x0, 0x0, 0x0, 0x0,
    0x0, 0x0, 0x0, 0x0, 0x19, 0x40, 0x0, 0xb,
    0xff, 0xc0, 0x0, 0xff, 0xff, 0xc0, 0x7, 0xff,
    0xff, 0x40, 0x3f, 0x41, 0xf4, 0x0, 0xf4, 0x0,
    0x40, 0x3, 0xd0, 0x0, 0x0, 0xf, 0xc0, 0x0,
    0x0, 0x1f, 0xe5, 0x6f, 0x42, 0xbf, 0xff, 0xfe,
    0x2f, 0xff, 0xff, 0xfc, 0xbf, 0xff, 0xfe, 0x42,
    0xff, 0xfa, 0x40, 0x0,

    /* U+FED0 "ﻐ" */
    0x0, 0x0, 0x0, 0x0, 0x1, 0xf4, 0x0, 0x0,
    0x2f, 0x80, 0x0, 0x1, 0xf4, 0x0, 0x0, 0x0,
    0x0, 0x0, 0x5, 0xa5, 0x0, 0xb, 0xff, 0xfc,
    0x0, 0xff, 0xff, 0xf0, 0xf, 0xff, 0xff, 0x0,
    0xf4, 0x2, 0xf4, 0xf, 0xc0, 0xf, 0x40, 0x3f,
    0x2, 0xf0, 0x1, 0xf8, 0xbc, 0x2, 0xaf, 0xff,
    0xe8, 0xbf, 0xff, 0xff, 0xcb, 0xff, 0xff, 0xfc,
    0xbf, 0x90, 0x6f, 0xc0,

    /* U+FED1 "ﻑ" */
    0x0, 0x0, 0x0, 0x1, 0xf0, 0x0, 0x0, 0x0,
    0x0, 0x3f, 0x40, 0x0, 0x0, 0x0, 0x2, 0xf4,
    0x0, 0x0, 0x0, 0x0, 0x0, 0x0, 0x0, 0x0,
    0x0, 0x0, 0x0, 0x0, 0x0, 0x0, 0x0, 0x7f,
    0x80, 0x0, 0x0, 0x0, 0x1f, 0xff, 0x0, 0x0,
    0x0, 0x3, 0xff, 0xfc, 0x0, 0x0, 0x0, 0xbf,
    0xbf, 0xc0, 0x0, 0x0, 0xf, 0x80, 0xbe, 0x9,
    0x0, 0x0, 0xf4, 0x3, 0xe2, 0xf0, 0x0, 0xf,
    0xc0, 0x7f, 0x3e, 0x0, 0x0, 0xff, 0xff, 0xf3,
    0xd0, 0x0, 0x7, 0xff, 0xee, 0x3e, 0x0, 0x0,
    0x1f, 0xf2, 0xe3, 0xf4, 0x0, 0x0, 0x1, 0xbd,
    0x2f, 0xff, 0xff, 0xff, 0xff, 0xc1, 0xff, 0xff,
    0xff, 0xff, 0xf8, 0x7, 0xff, 0xff, 0xff, 0xfd,
    0x0, 0x6, 0xff, 0xff, 0xf9, 0x0,

    /* U+FED2 "ﻒ" */
    0x0, 0x0, 0x0, 0x0, 0xf, 0x40, 0x0, 0x0,
    0x0, 0x0, 0x1, 0xfc, 0x0, 0x0, 0x0, 0x0,
    0x0, 0xf, 0x80, 0x0, 0x0, 0x0, 0x0, 0x0,
    0x0, 0x0, 0x0, 0x0, 0x0, 0x0, 0x0, 0x0,
    0x0, 0x0, 0x0, 0x0, 0x2, 0xfd, 0x0, 0x0,
    0x0, 0x0, 0x0, 0xff, 0xf8, 0x0, 0x0, 0x0,
    0x0, 0x3f, 0xff, 0xd0, 0x9, 0x0, 0x0, 0x3,
    0xfa, 0xfe, 0x2, 0xf0, 0x0, 0x0, 0x7c, 0x2,
    0xf0, 0x3e, 0x0, 0x0, 0x7, 0xc0, 0x1f, 0x3,
    0xd0, 0x0, 0x0, 0x7c, 0x1, 0xf0, 0x3d, 0x0,
    0x0, 0x3, 0xd0, 0x3e, 0x3, 0xf0, 0x0, 0x0,
    0x2f, 0x9f, 0xc0, 0x2f, 0xfa, 0xaa, 0xaa, 0xff,
    0xfe, 0x81, 0xff, 0xff, 0xff, 0xff, 0xff, 0xfc,
    0x7, 0xff, 0xff, 0xff, 0xfe, 0xff, 0xc0, 0x6,
    0xff, 0xff, 0xe4, 0x2, 0xfc,

    /* U+FED3 "ﻓ" */
    0x0, 0x1f, 0x0, 0x0, 0x3f, 0x40, 0x0, 0x2f,
    0x0, 0x0, 0x0, 0x0, 0x0, 0x0, 0x0, 0x0,
    0x1a, 0x0, 0x0, 0xff, 0xe0, 0x3, 0xff, 0xf4,
    0xb, 0xff, 0xfc, 0xf, 0xc0, 0xfd, 0xf, 0x40,
    0x3e, 0xf, 0x80, 0x3e, 0xf, 0xff, 0xfe, 0xb,
    0xff, 0xfe, 0x1, 0xff, 0x6e, 0x0, 0x0, 0x3e,
    0x2a, 0xab, 0xfd, 0xbf, 0xff, 0xfc, 0xbf, 0xff,
    0xf4, 0xbf, 0xff, 0x80,

    /* U+FED4 "ﻔ" */
    0x0, 0x2f, 0x0, 0x0, 0xf, 0xd0, 0x0, 0x2,
    0xf0, 0x0, 0x0, 0x0, 0x0, 0x0, 0x0, 0x0,
    0x0, 0x1f, 0xe0, 0x0, 0x2f, 0xff, 0x0, 0x1f,
    0xff, 0xf0, 0xb, 0xfa, 0xfc, 0x3, 0xe0, 0x1f,
    0x40, 0xf4, 0x3, 0xd0, 0x3d, 0x0, 0xf4, 0xb,
    0xc0, 0x7c, 0x0, 0xfd, 0xbe, 0x2, 0xbf, 0xff,
    0xa6, 0xff, 0xff, 0xfe, 0xbf, 0xfb, 0xff, 0xaf,
    0xe0, 0x1f, 0xd0,

    /* U+FED5 "ﻕ" */
    0x0, 0x0, 0x0, 0x0, 0x0, 0x0, 0x3, 0xe7,
    0xe0, 0x0, 0x0, 0x7f, 0x7f, 0x0, 0x0, 0x3,
    0xe3, 0xd0, 0x0, 0x0, 0x0, 0x0, 0x0, 0x0,
    0x0, 0x0, 0x0, 0x0, 0x0, 0xb, 0xf4, 0x0,
    0x0, 0x3, 0xff, 0xd0, 0x0, 0x0, 0xff, 0xff,
    0x0, 0x0, 0x1f, 0xeb, 0xf8, 0xe, 0x2, 0xf0,
    0xf, 0xc1, 0xf0, 0x2f, 0x0, 0x7c, 0x3e, 0x2,
    0xfe, 0xaf, 0xc3, 0xd0, 0x1f, 0xff, 0xfc, 0x3d,
    0x0, 0xff, 0xf7, 0xc3, 0xd0, 0x2, 0xfd, 0x7c,
    0x3f, 0x0, 0x0, 0xb, 0xc3, 0xfd, 0x0, 0x2,
    0xfc, 0x1f, 0xff, 0xff, 0xff, 0x40, 0xbf, 0xff,
    0xff, 0xf0, 0x2, 0xff, 0xff, 0xf8, 0x0, 0x1,
    0xbf, 0xe8, 0x0,

    /* U+FED6 "ﻖ" */
    0x0, 0x0, 0x0, 0x0, 0x0, 0x0, 0x0, 0xf9,
    0xf8, 0x0, 0x0, 0x7, 0xfb, 0xe0, 0x0, 0x0,
    0xf, 0x8f, 0x40, 0x0, 0x0, 0x0, 0x0, 0x0,
    0x0, 0x0, 0x0, 0x0, 0x0, 0x0, 0x0, 0xbf,
    0x40, 0x0, 0x0, 0xf, 0xff, 0x40, 0x0, 0x0,
    0xff, 0xff, 0x0, 0x0, 0x7, 0xfa, 0xfe, 0x0,
    0xe0, 0x2f, 0x0, 0xfc, 0x7, 0xc0, 0xbc, 0x2,
    0xf0, 0x3e, 0x2, 0xfe, 0xaf, 0xe0, 0xf4, 0x7,
    0xff, 0xff, 0xd3, 0xd0, 0xf, 0xff, 0xff, 0x4f,
    0x40, 0xb, 0xff, 0xfc, 0x3f, 0x0, 0x0, 0xf,
    0xc0, 0xff, 0x40, 0x1, 0xfe, 0x1, 0xff, 0xff,
    0xff, 0xf0, 0x2, 0xff, 0xff, 0xff, 0x80, 0x2,
    0xff, 0xff, 0xf8, 0x0, 0x0, 0x6f, 0xf9, 0x0,
    0x0,

    /* U+FED7 "ﻗ" */
    0x1, 0xf2, 0xf0, 0x3, 0xf7, 0xf4, 0x2, 0xf7,
    0xf0, 0x0, 0x0, 0x0, 0x0, 0x0, 0x0, 0x0,
    0x1a, 0x0, 0x0, 0xff, 0xe0, 0x3, 0xff, 0xf4,
    0xb, 0xff, 0xfc, 0xf, 0xc0, 0xfd, 0xf, 0x40,
    0x3e, 0xf, 0x80, 0x3e, 0xf, 0xff, 0xfe, 0xb,
    0xff, 0xfe, 0x1, 0xff, 0x6e, 0x0, 0x0, 0x3e,
    0x2a, 0xab, 0xfd, 0xbf, 0xff, 0xfc, 0xbf, 0xff,
    0xf4, 0xbf, 0xff, 0x80,

    /* U+FED8 "ﻘ" */
    0x1, 0xf2, 0xf0, 0x0, 0xfd, 0xfc, 0x0, 0x2f,
    0x7f, 0x0, 0x0, 0x0, 0x0, 0x0, 0x0, 0x0,
    0x0, 0x1f, 0xe0, 0x0, 0x2f, 0xff, 0x0, 0x1f,
    0xff, 0xf0, 0xb, 0xfa, 0xfc, 0x3, 0xe0, 0x1f,
    0x40, 0xf4, 0x3, 0xd0, 0x3d, 0x0, 0xf4, 0xb,
    0xc0, 0x7c, 0x0, 0xfd, 0xbe, 0x2, 0xbf, 0xff,
    0xa6, 0xff, 0xff, 0xfe, 0xbf, 0xfb, 0xff, 0xaf,
    0xe0, 0x1f, 0xd0,

    /* U+FED9 "ﻙ" */
    0x0, 0x0, 0x0, 0x3, 0xe0, 0x0, 0x0, 0x0,
    0x3e, 0x0, 0x0, 0x0, 0x3, 0xe0, 0x0, 0x1,
    0x0, 0x3e, 0x0, 0x0, 0xb4, 0x3, 0xe0, 0x0,
    0x3e, 0x0, 0x3e, 0x0, 0xf, 0x40, 0x3, 0xe0,
    0x0, 0xff, 0xc0, 0x3e, 0x0, 0x6, 0xfd, 0x3,
    0xe0, 0x0, 0x7, 0xc0, 0x3e, 0x0, 0x7, 0xf4,
    0x3, 0xe0, 0x0, 0x74, 0x0, 0x3e, 0x0, 0x0,
    0x0, 0x3, 0xe0, 0x0, 0x0, 0x0, 0x7e, 0x2a,
    0xaa, 0xaa, 0xaf, 0xe3, 0xff, 0xff, 0xff, 0xfd,
    0x3f, 0xff, 0xff, 0xff, 0xc3, 0xff, 0xff, 0xff,
    0xe0,

    /* U+FEDA "ﻚ" */
    0x0, 0x0, 0x0, 0x0, 0x1f, 0x80, 0x0, 0x0,
    0x0, 0x0, 0x1f, 0x80, 0x0, 0x0, 0x0, 0x0,
    0x1f, 0x80, 0x0, 0x0, 0x2, 0x0, 0x1f, 0x80,
    0x0, 0x0, 0x1f, 0x80, 0x1f, 0x80, 0x0, 0x0,
    0x78, 0x0, 0x1f, 0x80, 0x0, 0x0, 0xbf, 0x80,
    0x1f, 0x80, 0x0, 0x0, 0x7f, 0xe0, 0x1f, 0x80,
    0x1f, 0x0, 0x2, 0xe0, 0x1f, 0x80, 0x2f, 0x0,
    0x2f, 0xc0, 0x1f, 0x80, 0x3e, 0x0, 0xbe, 0x0,
    0x1f, 0x80, 0x3d, 0x0, 0x20, 0x0, 0x1f, 0x80,
    0x3e, 0x0, 0x0, 0x0, 0x1f, 0x80, 0x3f, 0x40,
    0x0, 0x0, 0x2f, 0xc0, 0x2f, 0xfe, 0xaa, 0xaa,
    0xff, 0xf8, 0xf, 0xff, 0xff, 0xff, 0xef, 0xfc,
    0x7, 0xff, 0xff, 0xff, 0xc3, 0xfc, 0x0, 0x6f,
    0xff, 0xf9, 0x0, 0xbc,

    /* U+FEDB "ﻛ" */
    0x0, 0x0, 0x0, 0x0, 0x0, 0x1, 0xa0, 0x0,
    0x1b, 0xfc, 0x1, 0xff, 0xff, 0x1f, 0xff, 0xfe,
    0xf, 0xff, 0xd0, 0x3, 0xf9, 0x0, 0x0, 0xf0,
    0x0, 0x0, 0x3f, 0x40, 0x0, 0xf, 0xfc, 0x0,
    0x3, 0xff, 0xd0, 0x0, 0x2f, 0xfc, 0x0, 0x0,
    0xbf, 0x80, 0x0, 0x7, 0xf0, 0x0, 0x0, 0x7c,
    0x0, 0xaa, 0xbf, 0x0, 0xbf, 0xff, 0x80, 0x2f,
    0xff, 0xc0, 0xb, 0xff, 0x80, 0x0,

    /* U+FEDC "ﻜ" */
    0x0, 0x0, 0x0, 0x0, 0x0, 0x1, 0xa0, 0x0,
    0x1b, 0xfc, 0x1, 0xff, 0xff, 0x1f, 0xff, 0xfe,
    0xf, 0xff, 0xd0, 0x3, 0xf9, 0x0, 0x0, 0xe0,
    0x0, 0x0, 0x3e, 0x0, 0x0, 0xf, 0xe0, 0x0,
    0x3, 0xfe, 0x0, 0x0, 0x3f, 0xf0, 0x0, 0x3,
    0xff, 0x0, 0x0, 0x3f, 0xf0, 0x0, 0x7, 0xff,
    0x40, 0xab, 0xdf, 0xfe, 0xbf, 0xe1, 0xff, 0xef,
    0xf4, 0x1f, 0xfb, 0xf4, 0x1, 0xb8,

    /* U+FEDD "ﻝ" */
    0x0, 0x0, 0x0, 0xfc, 0x0, 0x0, 0x3, 0xf0,
    0x0, 0x0, 0xf, 0xc0, 0x0, 0x0, 0x3f, 0x0,
    0x0, 0x0, 0xfc, 0x0, 0x0, 0x3, 0xf0, 0x0,
    0x0, 0xf, 0xc0, 0x0, 0x0, 0x3f, 0x0, 0x0,
    0x0, 0xfc, 0x0, 0x0, 0x3, 0xf0, 0x0, 0x0,
    0xf, 0xc0, 0x0, 0x0, 0x3f, 0x9, 0x0, 0x0,
    0xfc, 0x7c, 0x0, 0x3, 0xf3, 0xe0, 0x0, 0xf,
    0xcf, 0x40, 0x0, 0x3f, 0x3d, 0x0, 0x0, 0xfc,
    0xf4, 0x0, 0x7, 0xe3, 0xe0, 0x0, 0x2f, 0x8f,
    0xe0, 0x1, 0xfd, 0x2f, 0xff, 0xff, 0xf0, 0x3f,
    0xff, 0xff, 0x40, 0x3f, 0xff, 0xf4, 0x0, 0x1b,
    0xf9, 0x0,

    /* U+FEDE "ﻞ" */
    0x0, 0x0, 0x0, 0xfc, 0x0, 0x0, 0x0, 0xf,
    0xc0, 0x0, 0x0, 0x0, 0xfc, 0x0, 0x0, 0x0,
    0xf, 0xc0, 0x0, 0x0, 0x0, 0xfc, 0x0, 0x0,
    0x0, 0xf, 0xc0, 0x0, 0x0, 0x0, 0xfc, 0x0,
    0x0, 0x0, 0xf, 0xc0, 0x0, 0x0, 0x0, 0xfc,
    0x0, 0x0, 0x0, 0xf, 0xc0, 0x0, 0x0, 0x0,
    0xfc, 0x0, 0x0, 0x0, 0xf, 0xc0, 0x9, 0x0,
    0x0, 0xfc, 0x1, 0xf0, 0x0, 0xf, 0xc0, 0x3e,
    0x0, 0x0, 0xfe, 0x93, 0xd0, 0x0, 0xf, 0xfd,
    0x3d, 0x0, 0x0, 0xff, 0xd3, 0xd0, 0x0, 0x1f,
    0xfc, 0x3e, 0x0, 0x2, 0xf4, 0x3, 0xf8, 0x0,
    0x7f, 0x0, 0x2f, 0xff, 0xff, 0xf0, 0x0, 0xff,
    0xff, 0xfd, 0x0, 0x3, 0xff, 0xff, 0x40, 0x0,
    0x6, 0xfe, 0x40, 0x0,

    /* U+FEDF "ﻟ" */
    0x1, 0xf4, 0x7, 0xd0, 0x1f, 0x40, 0x7d, 0x1,
    0xf4, 0x7, 0xd0, 0x1f, 0x40, 0x7d, 0x1, 0xf4,
    0x7, 0xd0, 0x1f, 0x40, 0x7d, 0x1, 0xf4, 0xb,
    0xd2, 0xbf, 0x6f, 0xfc, 0xbf, 0xe2, 0xfd, 0x0,

    /* U+FEE0 "ﻠ" */
    0x1, 0xf4, 0x0, 0x7d, 0x0, 0x1f, 0x40, 0x7,
    0xd0, 0x1, 0xf4, 0x0, 0x7d, 0x0, 0x1f, 0x40,
    0x7, 0xd0, 0x1, 0xf4, 0x0, 0x7d, 0x0, 0x1f,
    0x40, 0x7, 0xd0, 0x1, 0xf4, 0x0, 0xbe, 0x2,
    0xff, 0xea, 0xf7, 0xff, 0xbc, 0x7f, 0xec, 0x7,
    0xe0,

    /* U+FEE1 "ﻡ" */
    0x0, 0xb, 0xf8, 0x0, 0x3, 0xff, 0xf0, 0x0,
    0xff, 0xff, 0xc0, 0x1f, 0xfb, 0xfd, 0x1, 0xf8,
    0x7, 0xe0, 0x1, 0x0, 0x2f, 0x0, 0x6a, 0xab,
    0xf0, 0x7f, 0xff, 0xff, 0xf, 0xff, 0xff, 0xf2,
    0xff, 0xff, 0xff, 0x3f, 0x40, 0x0, 0x3, 0xf0,
    0x0, 0x0, 0x3f, 0x0, 0x0, 0x3, 0xf0, 0x0,
    0x0, 0x3f, 0x0, 0x0, 0x3, 0xf0, 0x0, 0x0,
    0x3f, 0x0, 0x0, 0x3, 0xf0, 0x0, 0x0,

    /* U+FEE2 "ﻢ" */
    0x0, 0x0, 0xbf, 0xc0, 0x0, 0x0, 0xbf, 0xfc,
    0x0, 0x0, 0xbf, 0xff, 0xe0, 0x0, 0x7f, 0xfe,
    0xbf, 0x0, 0xf, 0xfd, 0x3, 0xf4, 0x2, 0xff,
    0xc0, 0x2f, 0x80, 0x3f, 0x7e, 0xab, 0xfe, 0x83,
    0xf3, 0xff, 0xff, 0xfc, 0x3f, 0x2f, 0xff, 0x7f,
    0xc3, 0xf0, 0xbf, 0xf0, 0xbc, 0x3f, 0x0, 0x0,
    0x0, 0x3, 0xf0, 0x0, 0x0, 0x0, 0x3f, 0x0,
    0x0, 0x0, 0x3, 0xf0, 0x0, 0x0, 0x0, 0x3f,
    0x0, 0x0, 0x0, 0x3, 0xf0, 0x0, 0x0, 0x0,
    0x3f, 0x0, 0x0, 0x0, 0x2, 0x90, 0x0, 0x0,
    0x0,

    /* U+FEE3 "ﻣ" */
    0x0, 0xb, 0xe0, 0x0, 0xf, 0xff, 0x0, 0xf,
    0xff, 0xe0, 0x7, 0xfb, 0xfc, 0x2, 0xe0, 0x2f,
    0x40, 0xf8, 0x3, 0xd2, 0xff, 0xf9, 0xf6, 0xff,
    0xff, 0xfd, 0xbf, 0xff, 0xfe, 0x2e, 0x1, 0xff,
    0x0, 0x0, 0x1, 0x40,

    /* U+FEE4 "ﻤ" */
    0x0, 0x2, 0xfd, 0x0, 0x0, 0x1f, 0xfe, 0x0,
    0x0, 0xbf, 0xff, 0x0, 0x1, 0xff, 0x7f, 0x40,
    0x2, 0xf0, 0x2f, 0xc0, 0x3, 0xd0, 0xf, 0xc0,
    0x2b, 0xfa, 0xaf, 0xf9, 0xbf, 0xff, 0xff, 0xfe,
    0xb8, 0xff, 0xfa, 0xfe, 0xa0, 0x2f, 0xf8, 0xbd,

    /* U+FEE5 "ﻥ" */
    0x0, 0x0, 0x0, 0x0, 0x0, 0x3, 0xe0, 0x0,
    0x0, 0x7, 0xf0, 0x0, 0x0, 0x3, 0xe0, 0x18,
    0x0, 0x0, 0x0, 0xbc, 0x9, 0x0, 0x0, 0x7d,
    0x1f, 0x0, 0x0, 0x3e, 0x2e, 0x0, 0x0, 0x3e,
    0x3d, 0x0, 0x0, 0x3e, 0x3d, 0x0, 0x0, 0x3e,
    0x3d, 0x0, 0x0, 0x3e, 0x3e, 0x0, 0x0, 0x7e,
    0x3f, 0xd0, 0x1, 0xfd, 0x1f, 0xff, 0xff, 0xfc,
    0xf, 0xff, 0xff, 0xf4, 0x2, 0xff, 0xff, 0xd0,
    0x0, 0x2f, 0xf9, 0x0,

    /* U+FEE6 "ﻦ" */
    0x0, 0x0, 0x0, 0x0, 0x0, 0x0, 0x3e, 0x0,
    0x0, 0x0, 0x7, 0xf0, 0x0, 0x0, 0x0, 0x3e,
    0x1, 0x80, 0x0, 0x0, 0x0, 0xbc, 0x0, 0x90,
    0x0, 0x7, 0xd0, 0x1f, 0x0, 0x0, 0x3e, 0x2,
    0xe0, 0x0, 0x3, 0xf9, 0x3d, 0x0, 0x0, 0x3f,
    0xf3, 0xd0, 0x0, 0x3, 0xff, 0x3d, 0x0, 0x0,
    0x3f, 0xe3, 0xe0, 0x0, 0x7, 0xe0, 0x3f, 0xd0,
    0x1, 0xfd, 0x1, 0xff, 0xff, 0xff, 0xc0, 0xf,
    0xff, 0xff, 0xf4, 0x0, 0x2f, 0xff, 0xfd, 0x0,
    0x0, 0x2f, 0xf9, 0x0, 0x0,

    /* U+FEE7 "ﻧ" */
    0x0, 0x0, 0x2, 0xf4, 0x2, 0xf8, 0x1, 0xf0,
    0x0, 0x0, 0x0, 0x0, 0x0, 0xb8, 0x0, 0xfc,
    0x0, 0xbc, 0x0, 0x7c, 0x0, 0x7c, 0x0, 0xbc,
    0x2b, 0xfc, 0xbf, 0xf8, 0xbf, 0xf0, 0xbf, 0x80,

    /* U+FEE8 "ﻨ" */
    0x1, 0xf4, 0x0, 0xbe, 0x0, 0x1f, 0x40, 0x0,
    0x0, 0x0, 0x0, 0x0, 0x7c, 0x0, 0x1f, 0x40,
    0x7, 0xd0, 0x1, 0xf4, 0x0, 0xbd, 0x2, 0xbf,
    0xea, 0xfb, 0xff, 0xbc, 0x7f, 0xed, 0x7, 0xe0,

    /* U+FEE9 "ﻩ" */
    0x2, 0xff, 0x0, 0x2f, 0xff, 0x1, 0xff, 0xfe,
    0xf, 0xd3, 0xfc, 0x3d, 0x2, 0xf5, 0xf0, 0x3,
    0xe7, 0xc0, 0xf, 0x9f, 0xea, 0xfd, 0x3f, 0xff,
    0xf0, 0x7f, 0xff, 0x40, 0x2f, 0xe0, 0x0,

    /* U+FEEA "ﻪ" */
    0x0, 0x0, 0xa4, 0x0, 0x0, 0x7e, 0x0, 0x0,
    0xbf, 0x80, 0x2, 0xff, 0xe0, 0x3, 0xfe, 0xf8,
    0x3, 0xf4, 0x7e, 0x2, 0xe0, 0x1f, 0x80, 0xf4,
    0x7, 0xe0, 0x3f, 0xab, 0xf8, 0xf, 0xff, 0xbf,
    0x92, 0xff, 0xcf, 0xf8, 0x2f, 0xd1, 0xfe, 0x0,
    0x0, 0x1f, 0x40,

    /* U+FEEB "ﻫ" */
    0x0, 0x0, 0x0, 0x0, 0x0, 0x1, 0xe0, 0x0,
    0x0, 0x2, 0xff, 0xd0, 0x0, 0x7, 0xff, 0xfe,
    0x0, 0x3, 0xff, 0xff, 0xf0, 0x1, 0xf4, 0x2f,
    0xff, 0x0, 0xb8, 0x3, 0xef, 0xe0, 0x2e, 0x0,
    0xf0, 0xfc, 0x7, 0xc0, 0x7c, 0x1f, 0x0, 0xf8,
    0x3e, 0x3, 0xd2, 0xbf, 0xff, 0xaa, 0xf6, 0xff,
    0xff, 0xff, 0xfc, 0xbf, 0xff, 0xff, 0xfc, 0x2f,
    0xe4, 0x2f, 0xfe, 0x0,

    /* U+FEEC "ﻬ" */
    0x0, 0x20, 0x0, 0x0, 0xb, 0xc0, 0x0, 0x0,
    0xfc, 0x0, 0x2, 0xbf, 0x40, 0x68, 0xbf, 0xf0,
    0x1f, 0xdb, 0xfe, 0x3, 0xfd, 0xbe, 0xe0, 0x7f,
    0xc0, 0x2e, 0xf, 0x80, 0x3, 0xf0, 0xf4, 0x0,
    0x3f, 0xaf, 0x0, 0x3, 0xff, 0xe0, 0x0, 0x1f,
    0xfc, 0x0, 0x0, 0xbf, 0x80, 0x0, 0x1, 0xa0,
    0x0,

    /* U+FEED "ﻭ" */
    0x1, 0xfe, 0x0, 0x2f, 0xff, 0x1, 0xff, 0xff,
    0xf, 0xfb, 0xfc, 0x3e, 0x1, 0xf4, 0xf4, 0x3,
    0xe3, 0xfa, 0xaf, 0x8f, 0xff, 0xfe, 0x1f, 0xff,
    0xb8, 0x1f, 0xe3, 0xd0, 0x0, 0x2f, 0x0, 0x7,
    0xfc, 0x7f, 0xff, 0xd1, 0xff, 0xfd, 0x7, 0xff,
    0xd0, 0xa, 0x90, 0x0,

    /* U+FEEE "ﻮ" */
    0x1, 0xfe, 0x0, 0x7, 0xff, 0xc0, 0xf, 0xff,
    0xf0, 0x2f, 0xef, 0xf0, 0x3e, 0x1, 0xf4, 0x3d,
    0x0, 0xf8, 0x3f, 0xaa, 0xfe, 0x3f, 0xff, 0xff,
    0xf, 0xff, 0xff, 0x2, 0xff, 0xfe, 0x0, 0x2,
    0xf4, 0x0, 0x1f, 0xf0, 0x7f, 0xff, 0xd0, 0x7f,
    0xff, 0x40, 0x7f, 0xfd, 0x0, 0x2a, 0x40, 0x0,

    /* U+FEEF "ﻯ" */
    0x0, 0x0, 0x0, 0x64, 0x0, 0x0, 0x0, 0x2f,
    0xfe, 0x0, 0x0, 0x2, 0xff, 0xfe, 0x0, 0x0,
    0x1f, 0xff, 0xfc, 0x0, 0x0, 0xfd, 0xb, 0x80,
    0x0, 0x7, 0xc0, 0x4, 0x0, 0x0, 0x2f, 0x0,
    0x0, 0x1, 0x0, 0xbd, 0x0, 0x0, 0x1f, 0x2,
    0xff, 0xa4, 0x0, 0xb8, 0x3, 0xff, 0xff, 0x3,
    0xd0, 0x7, 0xff, 0xfe, 0xf, 0x40, 0x1, 0xbf,
    0xfc, 0x3d, 0x0, 0x0, 0x2, 0xf0, 0xf8, 0x0,
    0x0, 0xf, 0xc3, 0xfd, 0x0, 0x1, 0xfe, 0x7,
    0xff, 0xff, 0xff, 0xf0, 0xb, 0xff, 0xff, 0xff,
    0x40, 0xb, 0xff, 0xff, 0xf0, 0x0, 0x2, 0xff,
    0xf9, 0x0, 0x0,

    /* U+FEF0 "ﻰ" */
    0x9, 0x0, 0x0, 0x0, 0x1, 0xf0, 0x0, 0x40,
    0x0, 0x2e, 0x0, 0x1f, 0xfa, 0x93, 0xd0, 0x1,
    0xff, 0xfe, 0x3d, 0x0, 0x1f, 0xff, 0xf3, 0xd0,
    0x0, 0x6b, 0xff, 0x3e, 0x0, 0x0, 0x3, 0xf3,
    0xfd, 0x0, 0x1, 0xfd, 0x1f, 0xff, 0xff, 0xff,
    0xc0, 0xbf, 0xff, 0xff, 0xf0, 0x2, 0xff, 0xff,
    0xfc, 0x0, 0x2, 0xbf, 0xf8, 0x0,

    /* U+FEF1 "ﻱ" */
    0x0, 0x0, 0x0, 0x64, 0x0, 0x0, 0x0, 0x2f,
    0xfe, 0x0, 0x0, 0x2, 0xff, 0xfe, 0x0, 0x0,
    0x1f, 0xff, 0xfc, 0x0, 0x0, 0xfd, 0xb, 0x80,
    0x0, 0x7, 0xc0, 0x4, 0x0, 0x0, 0x2f, 0x0,
    0x0, 0x2, 0x0, 0xbd, 0x0, 0x0, 0x1f, 0x1,
    0xff, 0xe4, 0x0, 0xb8, 0x3, 0xff, 0xff, 0x3,
    0xd0, 0x7, 0xff, 0xfe, 0xf, 0x40, 0x1, 0xbf,
    0xfc, 0x3d, 0x0, 0x0, 0x2, 0xf0, 0xfc, 0x0,
    0x0, 0xf, 0xc3, 0xfd, 0x0, 0x2, 0xfd, 0x7,
    0xff, 0xff, 0xff, 0xf0, 0xb, 0xff, 0xff, 0xff,
    0x40, 0x7, 0xff, 0xff, 0xe0, 0x0, 0x1, 0xbf,
    0xe4, 0x0, 0x0, 0x0, 0x0, 0x0, 0x0, 0x0,
    0x0, 0x0, 0x0, 0x0, 0x0, 0x7e, 0x7d, 0x0,
    0x0, 0x1, 0xfa, 0xf8, 0x0, 0x0, 0x3, 0xd7,
    0xc0, 0x0,

    /* U+FEF2 "ﻲ" */
    0x9, 0x0, 0x0, 0x0, 0x1, 0xf0, 0x0, 0x40,
    0x0, 0x2e, 0x0, 0x1f, 0xfa, 0x93, 0xd0, 0x1,
    0xff, 0xfe, 0x3d, 0x0, 0x1f, 0xff, 0xf3, 0xd0,
    0x0, 0x5b, 0xff, 0x3f, 0x0, 0x0, 0x3, 0xe3,
    0xfd, 0x0, 0x6, 0xfd, 0x1f, 0xff, 0xff, 0xff,
    0xc0, 0xbf, 0xff, 0xff, 0xf0, 0x1, 0xff, 0xff,
    0xf8, 0x0, 0x1, 0xbf, 0xe4, 0x0, 0x0, 0x0,
    0x0, 0x0, 0x0, 0x0, 0x0, 0x0, 0x0, 0x0,
    0x1f, 0x9f, 0x40, 0x0, 0x1, 0xfa, 0xf8, 0x0,
    0x0, 0xf, 0x5f, 0x0, 0x0,

    /* U+FEF3 "ﻳ" */
    0x0, 0x0, 0x0, 0x3e, 0x0, 0xf, 0xc0, 0x2,
    0xf0, 0x0, 0x7c, 0x0, 0x1f, 0x0, 0xb, 0xc0,
    0xaf, 0xf0, 0xbf, 0xf8, 0x2f, 0xfc, 0xb, 0xf8,
    0x0, 0x0, 0x0, 0x0, 0x0, 0x7, 0xcb, 0xc3,
    0xf7, 0xf4, 0xbd, 0xfc, 0x0, 0x0, 0x0,

    /* U+FEF4 "ﻴ" */
    0x0, 0xa0, 0x0, 0x7d, 0x0, 0x1f, 0x40, 0x7,
    0xd0, 0x2, 0xf4, 0xa, 0xff, 0xab, 0xef, 0xfe,
    0xf1, 0xff, 0xb4, 0x1f, 0x80, 0x0, 0x0, 0x0,
    0x0, 0x3d, 0x7c, 0x2f, 0xbf, 0x47, 0xdb, 0xd0,
    0x0, 0x0,

    /* U+FEF5 "ﻵ" */
    0x0, 0x0, 0x0, 0x5, 0x41, 0xc0, 0x3, 0xff,
    0xf3, 0xf1, 0xff, 0xf4, 0xfc, 0x0, 0x0, 0x3f,
    0x2, 0x0, 0xf, 0xc2, 0xf0, 0x3, 0xf0, 0xff,
    0x0, 0xfc, 0x1f, 0xf0, 0x3f, 0x1, 0xff, 0x4f,
    0xc0, 0x1f, 0xfb, 0xd0, 0x0, 0xff, 0xe0, 0x0,
    0xf, 0xf4, 0x0, 0xf, 0xff, 0x40, 0xf, 0xdf,
    0xf0, 0xf, 0xd0, 0xfe, 0xf, 0xfa, 0xaf, 0x83,
    0xff, 0xff, 0xe0, 0xff, 0xff, 0xf0, 0x3f, 0xff,
    0xf0,

    /* U+FEF6 "ﻶ" */
    0x0, 0x0, 0x0, 0x0, 0x1, 0x40, 0xc0, 0x0,
    0x3, 0xff, 0xf0, 0x3f, 0x0, 0xff, 0xf4, 0xf,
    0xc0, 0x0, 0x0, 0x3, 0xf0, 0x0, 0x68, 0x0,
    0xfc, 0x0, 0x2f, 0x40, 0x3f, 0x0, 0x7, 0xe0,
    0xf, 0xc0, 0x1, 0xf8, 0x3, 0xf0, 0x0, 0x3f,
    0x0, 0xfc, 0x0, 0xf, 0xc0, 0x3f, 0x0, 0x2,
    0xf0, 0xf, 0xc0, 0x0, 0xbd, 0x3, 0xf0, 0x0,
    0x1f, 0x81, 0xfc, 0x0, 0x3, 0xe0, 0xff, 0x0,
    0x0, 0xfe, 0xff, 0xc0, 0x1, 0xbf, 0xfa, 0xfe,
    0xb, 0xff, 0xfc, 0x7f, 0xd1, 0xff, 0xfd, 0xf,
    0xf4, 0x3f, 0xe4, 0x0, 0xbc, 0x9, 0x0, 0x0,
    0x0, 0x0,

    /* U+FEF7 "ﻷ" */
    0x0, 0x0, 0x0, 0x0, 0xfe, 0x0, 0x0, 0xbf,
    0xc0, 0x0, 0x2c, 0x0, 0x0, 0x1f, 0xfd, 0x3f,
    0x7, 0xff, 0x4f, 0xc0, 0x0, 0x3, 0xf0, 0x30,
    0x0, 0xfc, 0x2f, 0x40, 0x3f, 0xf, 0xf4, 0xf,
    0xc1, 0xff, 0x43, 0xf0, 0xf, 0xf4, 0xfc, 0x0,
    0xff, 0xfd, 0x0, 0xf, 0xfe, 0x0, 0x0, 0xff,
    0x40, 0x0, 0xff, 0xf4, 0x0, 0xfd, 0xff, 0x0,
    0xfd, 0xf, 0xe0, 0xff, 0xaa, 0xf8, 0x3f, 0xff,
    0xfe, 0xf, 0xff, 0xff, 0x3, 0xff, 0xff, 0x0,

    /* U+FEF8 "ﻸ" */
    0x0, 0x0, 0x0, 0x0, 0xb, 0xe0, 0x0, 0x0,
    0x2f, 0xf0, 0x0, 0x0, 0x1d, 0x0, 0x0, 0x0,
    0x3f, 0xf8, 0xf, 0xc0, 0x3f, 0xf8, 0xf, 0xc0,
    0x0, 0x0, 0xf, 0xc0, 0x6, 0xc0, 0xf, 0xc0,
    0xb, 0xd0, 0xf, 0xc0, 0x7, 0xe0, 0xf, 0xc0,
    0x3, 0xe0, 0xf, 0xc0, 0x3, 0xf0, 0xf, 0xc0,
    0x3, 0xf0, 0xf, 0xc0, 0x2, 0xf0, 0xf, 0xc0,
    0x2, 0xf4, 0xf, 0xc0, 0x1, 0xf8, 0x1f, 0xc0,
    0x0, 0xf8, 0x3f, 0xc0, 0x0, 0xfe, 0xff, 0xc0,
    0x6, 0xff, 0xeb, 0xf8, 0xbf, 0xff, 0xc7, 0xfd,
    0x7f, 0xff, 0x43, 0xfd, 0x3f, 0xe4, 0x0, 0xbc,
    0x24, 0x0, 0x0, 0x0,

    /* U+FEF9 "ﻹ" */
    0x0, 0x0, 0x3f, 0x0, 0x0, 0xf, 0xc0, 0x0,
    0x3, 0xf0, 0x20, 0x0, 0xfc, 0x2f, 0x0, 0x3f,
    0xf, 0xf4, 0xf, 0xc1, 0xff, 0x43, 0xf0, 0xf,
    0xf4, 0xfc, 0x0, 0xff, 0xfd, 0x0, 0xf, 0xfe,
    0x0, 0x0, 0xff, 0x40, 0x0, 0xff, 0xf4, 0x0,
    0xfd, 0xff, 0x0, 0xfd, 0xf, 0xe0, 0xff, 0xaa,
    0xf8, 0x3f, 0xff, 0xfe, 0xf, 0xff, 0xff, 0x3,
    0xff, 0xff, 0x0, 0x0, 0x0, 0x0, 0xb, 0xf0,
    0x0, 0x7, 0xfd, 0x0, 0x0, 0xe0, 0x0, 0x0,
    0xff, 0xe0, 0x0, 0x3f, 0xfc, 0x0,

    /* U+FEFA "ﻺ" */
    0x0, 0x0, 0xf, 0xc0, 0x0, 0x0, 0xf, 0xc0,
    0x0, 0x0, 0xf, 0xc0, 0x6, 0xc0, 0xf, 0xc0,
    0xb, 0xd0, 0xf, 0xc0, 0x7, 0xe0, 0xf, 0xc0,
    0x3, 0xe0, 0xf, 0xc0, 0x3, 0xf0, 0xf, 0xc0,
    0x3, 0xf0, 0xf, 0xc0, 0x2, 0xf0, 0xf, 0xc0,
    0x2, 0xf4, 0xf, 0xc0, 0x1, 0xf8, 0x1f, 0xc0,
    0x0, 0xf8, 0x3f, 0xc0, 0x0, 0xfe, 0xff, 0xc0,
    0x6, 0xff, 0xeb, 0xf8, 0xbf, 0xff, 0xc7, 0xfd,
    0x7f, 0xff, 0x43, 0xfd, 0x7f, 0xf8, 0x0, 0xbc,
    0x39, 0x0, 0x0, 0x0, 0x0, 0x2f, 0x80, 0x0,
    0x0, 0x7f, 0xc0, 0x0, 0x0, 0x74, 0x0, 0x0,
    0x0, 0xff, 0xe0, 0x0, 0x0, 0xff, 0xe0, 0x0,

    /* U+FEFB "ﻻ" */
    0x0, 0x0, 0x3f, 0x0, 0x0, 0xf, 0xc0, 0x0,
    0x3, 0xf0, 0x20, 0x0, 0xfc, 0x2f, 0x0, 0x3f,
    0xf, 0xf4, 0xf, 0xc1, 0xff, 0x43, 0xf0, 0xf,
    0xf4, 0xfc, 0x0, 0xff, 0xfd, 0x0, 0xf, 0xfe,
    0x0, 0x0, 0xff, 0x40, 0x0, 0xff, 0xf4, 0x0,
    0xfd, 0xff, 0x0, 0xfd, 0xf, 0xe0, 0xff, 0xaa,
    0xf8, 0x3f, 0xff, 0xfe, 0xf, 0xff, 0xff, 0x3,
    0xff, 0xff, 0x0,

    /* U+FEFC "ﻼ" */
    0x0, 0x0, 0xf, 0xc0, 0x0, 0x0, 0xf, 0xc0,
    0x0, 0x0, 0xf, 0xc0, 0x6, 0xc0, 0xf, 0xc0,
    0xb, 0xd0, 0xf, 0xc0, 0x7, 0xe0, 0xf, 0xc0,
    0x3, 0xe0, 0xf, 0xc0, 0x3, 0xf0, 0xf, 0xc0,
    0x3, 0xf0, 0xf, 0xc0, 0x2, 0xf0, 0xf, 0xc0,
    0x2, 0xf4, 0xf, 0xc0, 0x1, 0xf8, 0x1f, 0xc0,
    0x0, 0xf8, 0x3f, 0xc0, 0x0, 0xfe, 0xff, 0xc0,
    0x6, 0xff, 0xeb, 0xf8, 0xbf, 0xff, 0xc7, 0xfd,
    0x7f, 0xff, 0x43, 0xfd, 0x3f, 0xe4, 0x0, 0xbc,
    0x24, 0x0, 0x0, 0x0
};


/*---------------------
 *  GLYPH DESCRIPTION
 *--------------------*/

static const lv_font_fmt_txt_glyph_dsc_t glyph_dsc[] = {
    {.bitmap_index = 0, .adv_w = 0, .box_w = 0, .box_h = 0, .ofs_x = 0, .ofs_y = 0} /* id = 0 reserved */,
    {.bitmap_index = 0, .adv_w = 91, .box_w = 0, .box_h = 0, .ofs_x = 0, .ofs_y = 0},
    {.bitmap_index = 0, .adv_w = 123, .box_w = 5, .box_h = 17, .ofs_x = 1, .ofs_y = 0},
    {.bitmap_index = 22, .adv_w = 189, .box_w = 10, .box_h = 8, .ofs_x = 1, .ofs_y = 10},
    {.bitmap_index = 42, .adv_w = 243, .box_w = 15, .box_h = 17, .ofs_x = 0, .ofs_y = 0},
    {.bitmap_index = 106, .adv_w = 231, .box_w = 14, .box_h = 21, .ofs_x = 0, .ofs_y = -2},
    {.bitmap_index = 180, .adv_w = 374, .box_w = 22, .box_h = 17, .ofs_x = 1, .ofs_y = 0},
    {.bitmap_index = 274, .adv_w = 277, .box_w = 17, .box_h = 17, .ofs_x = 1, .ofs_y = 0},
    {.bitmap_index = 347, .adv_w = 103, .box_w = 4, .box_h = 8, .ofs_x = 1, .ofs_y = 10},
    {.bitmap_index = 355, .adv_w = 130, .box_w = 9, .box_h = 22, .ofs_x = 0, .ofs_y = -4},
    {.bitmap_index = 405, .adv_w = 130, .box_w = 9, .box_h = 22, .ofs_x = -1, .ofs_y = -4},
    {.bitmap_index = 455, .adv_w = 231, .box_w = 14, .box_h = 13, .ofs_x = 0, .ofs_y = 5},
    {.bitmap_index = 501, .adv_w = 230, .box_w = 12, .box_h = 12, .ofs_x = 1, .ofs_y = 2},
    {.bitmap_index = 537, .adv_w = 119, .box_w = 6, .box_h = 8, .ofs_x = 0, .ofs_y = -4},
    {.bitmap_index = 549, .adv_w = 155, .box_w = 8, .box_h = 4, .ofs_x = 1, .ofs_y = 6},
    {.bitmap_index = 557, .adv_w = 119, .box_w = 5, .box_h = 5, .ofs_x = 1, .ofs_y = 0},
    {.bitmap_index = 564, .adv_w = 177, .box_w = 11, .box_h = 22, .ofs_x = 0, .ofs_y = -4},
    {.bitmap_index = 625, .adv_w = 230, .box_w = 14, .box_h = 17, .ofs_x = 0, .ofs_y = 0},
    {.bitmap_index = 685, .adv_w = 230, .box_w = 14, .box_h = 17, .ofs_x = 0, .ofs_y = 0},
    {.bitmap_index = 745, .adv_w = 230, .box_w = 13, .box_h = 17, .ofs_x = 1, .ofs_y = 0},
    {.bitmap_index = 801, .adv_w = 230, .box_w = 13, .box_h = 17, .ofs_x = 0, .ofs_y = 0},
    {.bitmap_index = 857, .adv_w = 230, .box_w = 14, .box_h = 17, .ofs_x = 0, .ofs_y = 0},
    {.bitmap_index = 917, .adv_w = 230, .box_w = 13, .box_h = 17, .ofs_x = 1, .ofs_y = 0},
    {.bitmap_index = 973, .adv_w = 230, .box_w = 13, .box_h = 17, .ofs_x = 1, .ofs_y = 0},
    {.bitmap_index = 1029, .adv_w = 230, .box_w = 13, .box_h = 17, .ofs_x = 1, .ofs_y = 0},
    {.bitmap_index = 1085, .adv_w = 230, .box_w = 14, .box_h = 17, .ofs_x = 0, .ofs_y = 0},
    {.bitmap_index = 1145, .adv_w = 230, .box_w = 14, .box_h = 17, .ofs_x = 0, .ofs_y = 0},
    {.bitmap_index = 1205, .adv_w = 127, .box_w = 6, .box_h = 13, .ofs_x = 1, .ofs_y = 0},
    {.bitmap_index = 1225, .adv_w = 127, .box_w = 6, .box_h = 17, .ofs_x = 1, .ofs_y = -4},
    {.bitmap_index = 1251, .adv_w = 230, .box_w = 10, .box_h = 16, .ofs_x = 2, .ofs_y = -1},
    {.bitmap_index = 1291, .adv_w = 230, .box_w = 12, .box_h = 9, .ofs_x = 1, .ofs_y = 3},
    {.bitmap_index = 1318, .adv_w = 230, .box_w = 10, .box_h = 16, .ofs_x = 2, .ofs_y = -1},
    {.bitmap_index = 1358, .adv_w = 192, .box_w = 12, .box_h = 17, .ofs_x = 0, .ofs_y = 0},
    {.bitmap_index = 1409, .adv_w = 347, .box_w = 20, .box_h = 21, .ofs_x = 1, .ofs_y = -4},
    {.bitmap_index = 1514, .adv_w = 263, .box_w = 16, .box_h = 17, .ofs_x = 0, .ofs_y = 0},
    {.bitmap_index = 1582, .adv_w = 256, .box_w = 15, .box_h = 17, .ofs_x = 1, .ofs_y = 0},
    {.bitmap_index = 1646, .adv_w = 250, .box_w = 14, .box_h = 17, .ofs_x = 1, .ofs_y = 0},
    {.bitmap_index = 1706, .adv_w = 268, .box_w = 15, .box_h = 17, .ofs_x = 1, .ofs_y = 0},
    {.bitmap_index = 1770, .adv_w = 233, .box_w = 13, .box_h = 17, .ofs_x = 1, .ofs_y = 0},
    {.bitmap_index = 1826, .adv_w = 225, .box_w = 12, .box_h = 17, .ofs_x = 1, .ofs_y = 0},
    {.bitmap_index = 1877, .adv_w = 276, .box_w = 15, .box_h = 17, .ofs_x = 1, .ofs_y = 0},
    {.bitmap_index = 1941, .adv_w = 278, .box_w = 15, .box_h = 17, .ofs_x = 1, .ofs_y = 0},
    {.bitmap_index = 2005, .adv_w = 166, .box_w = 9, .box_h = 17, .ofs_x = 1, .ofs_y = 0},
    {.bitmap_index = 2044, .adv_w = 215, .box_w = 12, .box_h = 17, .ofs_x = 0, .ofs_y = 0},
    {.bitmap_index = 2095, .adv_w = 267, .box_w = 16, .box_h = 17, .ofs_x = 1, .ofs_y = 0},
    {.bitmap_index = 2163, .adv_w = 204, .box_w = 11, .box_h = 17, .ofs_x = 1, .ofs_y = 0},
    {.bitmap_index = 2210, .adv_w = 314, .box_w = 17, .box_h = 17, .ofs_x = 1, .ofs_y = 0},
    {.bitmap_index = 2283, .adv_w = 278, .box_w = 15, .box_h = 17, .ofs_x = 1, .ofs_y = 0},
    {.bitmap_index = 2347, .adv_w = 274, .box_w = 15, .box_h = 17, .ofs_x = 1, .ofs_y = 0},
    {.bitmap_index = 2411, .adv_w = 252, .box_w = 14, .box_h = 17, .ofs_x = 1, .ofs_y = 0},
    {.bitmap_index = 2471, .adv_w = 274, .box_w = 15, .box_h = 22, .ofs_x = 1, .ofs_y = -5},
    {.bitmap_index = 2554, .adv_w = 259, .box_w = 15, .box_h = 17, .ofs_x = 1, .ofs_y = 0},
    {.bitmap_index = 2618, .adv_w = 240, .box_w = 14, .box_h = 17, .ofs_x = 0, .ofs_y = 0},
    {.bitmap_index = 2678, .adv_w = 224, .box_w = 14, .box_h = 17, .ofs_x = 0, .ofs_y = 0},
    {.bitmap_index = 2738, .adv_w = 266, .box_w = 14, .box_h = 17, .ofs_x = 1, .ofs_y = 0},
    {.bitmap_index = 2798, .adv_w = 250, .box_w = 16, .box_h = 17, .ofs_x = 0, .ofs_y = 0},
    {.bitmap_index = 2866, .adv_w = 374, .box_w = 23, .box_h = 17, .ofs_x = 0, .ofs_y = 0},
    {.bitmap_index = 2964, .adv_w = 258, .box_w = 16, .box_h = 17, .ofs_x = 0, .ofs_y = 0},
    {.bitmap_index = 3032, .adv_w = 249, .box_w = 16, .box_h = 17, .ofs_x = 0, .ofs_y = 0},
    {.bitmap_index = 3100, .adv_w = 233, .box_w = 14, .box_h = 17, .ofs_x = 0, .ofs_y = 0},
    {.bitmap_index = 3160, .adv_w = 128, .box_w = 6, .box_h = 22, .ofs_x = 1, .ofs_y = -4},
    {.bitmap_index = 3193, .adv_w = 177, .box_w = 11, .box_h = 22, .ofs_x = 0, .ofs_y = -4},
    {.bitmap_index = 3254, .adv_w = 128, .box_w = 6, .box_h = 22, .ofs_x = 1, .ofs_y = -4},
    {.bitmap_index = 3287, .adv_w = 230, .box_w = 13, .box_h = 11, .ofs_x = 1, .ofs_y = 6},
    {.bitmap_index = 3323, .adv_w = 214, .box_w = 13, .box_h = 3, .ofs_x = 0, .ofs_y = -5},
    {.bitmap_index = 3333, .adv_w = 230, .box_w = 6, .box_h = 6, .ofs_x = 3, .ofs_y = 14},
    {.bitmap_index = 3342, .adv_w = 218, .box_w = 13, .box_h = 13, .ofs_x = 0, .ofs_y = 0},
    {.bitmap_index = 3385, .adv_w = 233, .box_w = 13, .box_h = 18, .ofs_x = 1, .ofs_y = 0},
    {.bitmap_index = 3444, .adv_w = 199, .box_w = 12, .box_h = 13, .ofs_x = 0, .ofs_y = 0},
    {.bitmap_index = 3483, .adv_w = 233, .box_w = 12, .box_h = 18, .ofs_x = 1, .ofs_y = 0},
    {.bitmap_index = 3537, .adv_w = 216, .box_w = 13, .box_h = 13, .ofs_x = 0, .ofs_y = 0},
    {.bitmap_index = 3580, .adv_w = 139, .box_w = 9, .box_h = 18, .ofs_x = 0, .ofs_y = 0},
    {.bitmap_index = 3621, .adv_w = 212, .box_w = 14, .box_h = 20, .ofs_x = 0, .ofs_y = -5},
    {.bitmap_index = 3691, .adv_w = 229, .box_w = 12, .box_h = 18, .ofs_x = 1, .ofs_y = 0},
    {.bitmap_index = 3745, .adv_w = 110, .box_w = 5, .box_h = 18, .ofs_x = 1, .ofs_y = 0},
    {.bitmap_index = 3768, .adv_w = 110, .box_w = 7, .box_h = 23, .ofs_x = -1, .ofs_y = -5},
    {.bitmap_index = 3809, .adv_w = 222, .box_w = 13, .box_h = 18, .ofs_x = 1, .ofs_y = 0},
    {.bitmap_index = 3868, .adv_w = 116, .box_w = 6, .box_h = 18, .ofs_x = 1, .ofs_y = 0},
    {.bitmap_index = 3895, .adv_w = 343, .box_w = 19, .box_h = 13, .ofs_x = 1, .ofs_y = 0},
    {.bitmap_index = 3957, .adv_w = 229, .box_w = 12, .box_h = 13, .ofs_x = 1, .ofs_y = 0},
    {.bitmap_index = 3996, .adv_w = 217, .box_w = 13, .box_h = 13, .ofs_x = 0, .ofs_y = 0},
    {.bitmap_index = 4039, .adv_w = 233, .box_w = 13, .box_h = 18, .ofs_x = 1, .ofs_y = -5},
    {.bitmap_index = 4098, .adv_w = 233, .box_w = 12, .box_h = 18, .ofs_x = 1, .ofs_y = -5},
    {.bitmap_index = 4152, .adv_w = 155, .box_w = 9, .box_h = 13, .ofs_x = 1, .ofs_y = 0},
    {.bitmap_index = 4182, .adv_w = 194, .box_w = 12, .box_h = 13, .ofs_x = 0, .ofs_y = 0},
    {.bitmap_index = 4221, .adv_w = 147, .box_w = 9, .box_h = 16, .ofs_x = 0, .ofs_y = 0},
    {.bitmap_index = 4257, .adv_w = 229, .box_w = 12, .box_h = 13, .ofs_x = 1, .ofs_y = 0},
    {.bitmap_index = 4296, .adv_w = 207, .box_w = 13, .box_h = 13, .ofs_x = 0, .ofs_y = 0},
    {.bitmap_index = 4339, .adv_w = 323, .box_w = 20, .box_h = 13, .ofs_x = 0, .ofs_y = 0},
    {.bitmap_index = 4404, .adv_w = 215, .box_w = 14, .box_h = 13, .ofs_x = 0, .ofs_y = 0},
    {.bitmap_index = 4450, .adv_w = 205, .box_w = 13, .box_h = 18, .ofs_x = 0, .ofs_y = -5},
    {.bitmap_index = 4509, .adv_w = 199, .box_w = 12, .box_h = 13, .ofs_x = 0, .ofs_y = 0},
    {.bitmap_index = 4548, .adv_w = 143, .box_w = 8, .box_h = 22, .ofs_x = 0, .ofs_y = -4},
    {.bitmap_index = 4592, .adv_w = 154, .box_w = 4, .box_h = 22, .ofs_x = 3, .ofs_y = -4},
    {.bitmap_index = 4614, .adv_w = 143, .box_w = 8, .box_h = 22, .ofs_x = 1, .ofs_y = -4},
    {.bitmap_index = 4658, .adv_w = 230, .box_w = 13, .box_h = 5, .ofs_x = 1, .ofs_y = 5},
    {.bitmap_index = 4675, .adv_w = 504, .box_w = 32, .box_h = 14, .ofs_x = 0, .ofs_y = 0},
    {.bitmap_index = 4787, .adv_w = 650, .box_w = 40, .box_h = 10, .ofs_x = 0, .ofs_y = 0},
    {.bitmap_index = 4887, .adv_w = 452, .box_w = 28, .box_h = 10, .ofs_x = 0, .ofs_y = 0},
    {.bitmap_index = 4957, .adv_w = 528, .box_w = 32, .box_h = 11, .ofs_x = 1, .ofs_y = 0},
    {.bitmap_index = 5045, .adv_w = 763, .box_w = 47, .box_h = 14, .ofs_x = 0, .ofs_y = -3},
    {.bitmap_index = 5210, .adv_w = 230, .box_w = 14, .box_h = 22, .ofs_x = 0, .ofs_y = 0},
    {.bitmap_index = 5287, .adv_w = 230, .box_w = 14, .box_h = 22, .ofs_x = 0, .ofs_y = 0},
    {.bitmap_index = 5364, .adv_w = 333, .box_w = 24, .box_h = 16, .ofs_x = -2, .ofs_y = -6},
    {.bitmap_index = 5460, .adv_w = 314, .box_w = 20, .box_h = 15, .ofs_x = 0, .ofs_y = 0},
    {.bitmap_index = 5535, .adv_w = 409, .box_w = 26, .box_h = 15, .ofs_x = 0, .ofs_y = 0},
    {.bitmap_index = 5633, .adv_w = 349, .box_w = 21, .box_h = 23, .ofs_x = 0, .ofs_y = -6},
    {.bitmap_index = 5754, .adv_w = 119, .box_w = 6, .box_h = 8, .ofs_x = 1, .ofs_y = 0},
    {.bitmap_index = 5766, .adv_w = 111, .box_w = 8, .box_h = 11, .ofs_x = 0, .ofs_y = 0},
    {.bitmap_index = 5788, .adv_w = 386, .box_w = 24, .box_h = 10, .ofs_x = 0, .ofs_y = 0},
    {.bitmap_index = 5848, .adv_w = 264, .box_w = 17, .box_h = 23, .ofs_x = -1, .ofs_y = -7},
    {.bitmap_index = 5946, .adv_w = 0, .box_w = 9, .box_h = 7, .ofs_x = 0, .ofs_y = 7},
    {.bitmap_index = 5962, .adv_w = 0, .box_w = 9, .box_h = 8, .ofs_x = 0, .ofs_y = 7},
    {.bitmap_index = 5980, .adv_w = 0, .box_w = 9, .box_h = 7, .ofs_x = 0, .ofs_y = 7},
    {.bitmap_index = 5996, .adv_w = 0, .box_w = 11, .box_h = 9, .ofs_x = 0, .ofs_y = 7},
    {.bitmap_index = 6021, .adv_w = 0, .box_w = 11, .box_h = 4, .ofs_x = 0, .ofs_y = 9},
    {.bitmap_index = 6032, .adv_w = 0, .box_w = 8, .box_h = 7, .ofs_x = 0, .ofs_y = 9},
    {.bitmap_index = 6046, .adv_w = 0, .box_w = 9, .box_h = 10, .ofs_x = 0, .ofs_y = 6},
    {.bitmap_index = 6069, .adv_w = 0, .box_w = 4, .box_h = 8, .ofs_x = -1, .ofs_y = 7},
    {.bitmap_index = 6077, .adv_w = 0, .box_w = 6, .box_h = 5, .ofs_x = 0, .ofs_y = 8},
    {.bitmap_index = 6085, .adv_w = 0, .box_w = 6, .box_h = 7, .ofs_x = 0, .ofs_y = 8},
    {.bitmap_index = 6096, .adv_w = 0, .box_w = 6, .box_h = 5, .ofs_x = 0, .ofs_y = 8},
    {.bitmap_index = 6104, .adv_w = 119, .box_w = 6, .box_h = 14, .ofs_x = 1, .ofs_y = 0},
    {.bitmap_index = 6125, .adv_w = 254, .box_w = 14, .box_h = 12, .ofs_x = 1, .ofs_y = 0},
    {.bitmap_index = 6167, .adv_w = 192, .box_w = 13, .box_h = 17, .ofs_x = 0, .ofs_y = 0},
    {.bitmap_index = 6223, .adv_w = 301, .box_w = 19, .box_h = 23, .ofs_x = 0, .ofs_y = -10},
    {.bitmap_index = 6333, .adv_w = 176, .box_w = 11, .box_h = 10, .ofs_x = 0, .ofs_y = 0},
    {.bitmap_index = 6361, .adv_w = 100, .box_w = 8, .box_h = 21, .ofs_x = -1, .ofs_y = 0},
    {.bitmap_index = 6403, .adv_w = 100, .box_w = 6, .box_h = 23, .ofs_x = 0, .ofs_y = 0},
    {.bitmap_index = 6438, .adv_w = 185, .box_w = 11, .box_h = 24, .ofs_x = 0, .ofs_y = -6},
    {.bitmap_index = 6504, .adv_w = 92, .box_w = 6, .box_h = 24, .ofs_x = 0, .ofs_y = -6},
    {.bitmap_index = 6540, .adv_w = 301, .box_w = 19, .box_h = 19, .ofs_x = 0, .ofs_y = -6},
    {.bitmap_index = 6631, .adv_w = 92, .box_w = 4, .box_h = 18, .ofs_x = 1, .ofs_y = 0},
    {.bitmap_index = 6649, .adv_w = 339, .box_w = 21, .box_h = 16, .ofs_x = 0, .ofs_y = -5},
    {.bitmap_index = 6733, .adv_w = 177, .box_w = 11, .box_h = 17, .ofs_x = 0, .ofs_y = 0},
    {.bitmap_index = 6780, .adv_w = 339, .box_w = 21, .box_h = 13, .ofs_x = 0, .ofs_y = 0},
    {.bitmap_index = 6849, .adv_w = 339, .box_w = 21, .box_h = 16, .ofs_x = 0, .ofs_y = 0},
    {.bitmap_index = 6933, .adv_w = 244, .box_w = 16, .box_h = 19, .ofs_x = 0, .ofs_y = -7},
    {.bitmap_index = 7009, .adv_w = 244, .box_w = 16, .box_h = 19, .ofs_x = 0, .ofs_y = -7},
    {.bitmap_index = 7085, .adv_w = 244, .box_w = 16, .box_h = 25, .ofs_x = 0, .ofs_y = -7},
    {.bitmap_index = 7185, .adv_w = 196, .box_w = 12, .box_h = 13, .ofs_x = 0, .ofs_y = 0},
    {.bitmap_index = 7224, .adv_w = 196, .box_w = 12, .box_h = 18, .ofs_x = 0, .ofs_y = 0},
    {.bitmap_index = 7278, .adv_w = 115, .box_w = 9, .box_h = 14, .ofs_x = -2, .ofs_y = -6},
    {.bitmap_index = 7310, .adv_w = 115, .box_w = 9, .box_h = 19, .ofs_x = -2, .ofs_y = -6},
    {.bitmap_index = 7353, .adv_w = 439, .box_w = 27, .box_h = 15, .ofs_x = 0, .ofs_y = -6},
    {.bitmap_index = 7455, .adv_w = 439, .box_w = 27, .box_h = 22, .ofs_x = 0, .ofs_y = -6},
    {.bitmap_index = 7604, .adv_w = 501, .box_w = 31, .box_h = 17, .ofs_x = 0, .ofs_y = -6},
    {.bitmap_index = 7736, .adv_w = 501, .box_w = 31, .box_h = 23, .ofs_x = 0, .ofs_y = -6},
    {.bitmap_index = 7915, .adv_w = 293, .box_w = 18, .box_h = 18, .ofs_x = 0, .ofs_y = 0},
    {.bitmap_index = 7996, .adv_w = 293, .box_w = 18, .box_h = 18, .ofs_x = 0, .ofs_y = 0},
    {.bitmap_index = 8077, .adv_w = 250, .box_w = 17, .box_h = 23, .ofs_x = 0, .ofs_y = -7},
    {.bitmap_index = 8175, .adv_w = 250, .box_w = 17, .box_h = 28, .ofs_x = 0, .ofs_y = -7},
    {.bitmap_index = 8294, .adv_w = 346, .box_w = 25, .box_h = 23, .ofs_x = 0, .ofs_y = 0},
    {.bitmap_index = 8438, .adv_w = 346, .box_w = 25, .box_h = 28, .ofs_x = 0, .ofs_y = -9},
    {.bitmap_index = 8613, .adv_w = 301, .box_w = 20, .box_h = 19, .ofs_x = -1, .ofs_y = -6},
    {.bitmap_index = 8708, .adv_w = 301, .box_w = 20, .box_h = 19, .ofs_x = -1, .ofs_y = -6},
    {.bitmap_index = 8803, .adv_w = 301, .box_w = 20, .box_h = 20, .ofs_x = -1, .ofs_y = -6},
    {.bitmap_index = 8903, .adv_w = 41, .box_w = 4, .box_h = 4, .ofs_x = -1, .ofs_y = 0},
    {.bitmap_index = 8907, .adv_w = 362, .box_w = 22, .box_h = 20, .ofs_x = 0, .ofs_y = 0},
    {.bitmap_index = 9017, .adv_w = 289, .box_w = 18, .box_h = 22, .ofs_x = 0, .ofs_y = -6},
    {.bitmap_index = 9116, .adv_w = 306, .box_w = 18, .box_h = 18, .ofs_x = 0, .ofs_y = 0},
    {.bitmap_index = 9197, .adv_w = 260, .box_w = 15, .box_h = 24, .ofs_x = 0, .ofs_y = -6},
    {.bitmap_index = 9287, .adv_w = 236, .box_w = 14, .box_h = 18, .ofs_x = 0, .ofs_y = -7},
    {.bitmap_index = 9350, .adv_w = 266, .box_w = 16, .box_h = 17, .ofs_x = 0, .ofs_y = -4},
    {.bitmap_index = 9418, .adv_w = 177, .box_w = 11, .box_h = 11, .ofs_x = 0, .ofs_y = 0},
    {.bitmap_index = 9449, .adv_w = 185, .box_w = 11, .box_h = 16, .ofs_x = 0, .ofs_y = -6},
    {.bitmap_index = 9493, .adv_w = 301, .box_w = 19, .box_h = 19, .ofs_x = 0, .ofs_y = -6},
    {.bitmap_index = 9584, .adv_w = 301, .box_w = 19, .box_h = 24, .ofs_x = 0, .ofs_y = -11},
    {.bitmap_index = 9698, .adv_w = 0, .box_w = 7, .box_h = 9, .ofs_x = 0, .ofs_y = 8},
    {.bitmap_index = 9714, .adv_w = 0, .box_w = 9, .box_h = 8, .ofs_x = -1, .ofs_y = 8},
    {.bitmap_index = 9732, .adv_w = 0, .box_w = 7, .box_h = 9, .ofs_x = 0, .ofs_y = 4},
    {.bitmap_index = 9748, .adv_w = 0, .box_w = 7, .box_h = 5, .ofs_x = 0, .ofs_y = 8},
    {.bitmap_index = 9757, .adv_w = 0, .box_w = 7, .box_h = 8, .ofs_x = 0, .ofs_y = 8},
    {.bitmap_index = 9771, .adv_w = 0, .box_w = 7, .box_h = 5, .ofs_x = 0, .ofs_y = 8},
    {.bitmap_index = 9780, .adv_w = 0, .box_w = 8, .box_h = 6, .ofs_x = 0, .ofs_y = 9},
    {.bitmap_index = 9792, .adv_w = 0, .box_w = 6, .box_h = 6, .ofs_x = 0, .ofs_y = 9},
    {.bitmap_index = 9801, .adv_w = 0, .box_w = 8, .box_h = 4, .ofs_x = 0, .ofs_y = 9},
    {.bitmap_index = 9809, .adv_w = 0, .box_w = 6, .box_h = 6, .ofs_x = 0, .ofs_y = 9},
    {.bitmap_index = 9818, .adv_w = 0, .box_w = 6, .box_h = 6, .ofs_x = 0, .ofs_y = 9},
    {.bitmap_index = 9827, .adv_w = 0, .box_w = 3, .box_h = 5, .ofs_x = 0, .ofs_y = 9},
    {.bitmap_index = 9831, .adv_w = 0, .box_w = 7, .box_h = 8, .ofs_x = 0, .ofs_y = 9},
    {.bitmap_index = 9845, .adv_w = 0, .box_w = 7, .box_h = 6, .ofs_x = 0, .ofs_y = 8},
    {.bitmap_index = 9856, .adv_w = 0, .box_w = 6, .box_h = 2, .ofs_x = 0, .ofs_y = 9},
    {.bitmap_index = 9859, .adv_w = 0, .box_w = 7, .box_h = 6, .ofs_x = 0, .ofs_y = 9},
    {.bitmap_index = 9870, .adv_w = 0, .box_w = 7, .box_h = 6, .ofs_x = 0, .ofs_y = 9},
    {.bitmap_index = 9881, .adv_w = 0, .box_w = 4, .box_h = 4, .ofs_x = 0, .ofs_y = 9},
    {.bitmap_index = 9885, .adv_w = 0, .box_w = 8, .box_h = 8, .ofs_x = 0, .ofs_y = 8},
    {.bitmap_index = 9901, .adv_w = 0, .box_w = 7, .box_h = 7, .ofs_x = 0, .ofs_y = 7},
    {.bitmap_index = 9914, .adv_w = 0, .box_w = 8, .box_h = 7, .ofs_x = 0, .ofs_y = 8},
    {.bitmap_index = 9928, .adv_w = 114, .box_w = 5, .box_h = 5, .ofs_x = 1, .ofs_y = 4},
    {.bitmap_index = 9935, .adv_w = 108, .box_w = 5, .box_h = 15, .ofs_x = 1, .ofs_y = 0},
    {.bitmap_index = 9954, .adv_w = 195, .box_w = 11, .box_h = 15, .ofs_x = 1, .ofs_y = 0},
    {.bitmap_index = 9996, .adv_w = 244, .box_w = 14, .box_h = 15, .ofs_x = 1, .ofs_y = 0},
    {.bitmap_index = 10049, .adv_w = 201, .box_w = 13, .box_h = 16, .ofs_x = 0, .ofs_y = 0},
    {.bitmap_index = 10101, .adv_w = 217, .box_w = 13, .box_h = 13, .ofs_x = 0, .ofs_y = 1},
    {.bitmap_index = 10144, .adv_w = 195, .box_w = 11, .box_h = 15, .ofs_x = 0, .ofs_y = 0},
    {.bitmap_index = 10186, .adv_w = 210, .box_w = 14, .box_h = 15, .ofs_x = 0, .ofs_y = 0},
    {.bitmap_index = 10239, .adv_w = 210, .box_w = 14, .box_h = 15, .ofs_x = 0, .ofs_y = 0},
    {.bitmap_index = 10292, .adv_w = 212, .box_w = 12, .box_h = 15, .ofs_x = 0, .ofs_y = 0},
    {.bitmap_index = 10337, .adv_w = 230, .box_w = 14, .box_h = 15, .ofs_x = 0, .ofs_y = 0},
    {.bitmap_index = 10390, .adv_w = 119, .box_w = 6, .box_h = 8, .ofs_x = 0, .ofs_y = -4},
    {.bitmap_index = 10402, .adv_w = 122, .box_w = 8, .box_h = 8, .ofs_x = 0, .ofs_y = -2},
    {.bitmap_index = 10418, .adv_w = 231, .box_w = 14, .box_h = 13, .ofs_x = 0, .ofs_y = 5},
    {.bitmap_index = 10464, .adv_w = 339, .box_w = 21, .box_h = 11, .ofs_x = 0, .ofs_y = 0},
    {.bitmap_index = 10522, .adv_w = 289, .box_w = 18, .box_h = 16, .ofs_x = 0, .ofs_y = -6},
    {.bitmap_index = 10594, .adv_w = 0, .box_w = 3, .box_h = 5, .ofs_x = 0, .ofs_y = 9},
    {.bitmap_index = 10598, .adv_w = 100, .box_w = 9, .box_h = 23, .ofs_x = -1, .ofs_y = 0},
    {.bitmap_index = 10650, .adv_w = 100, .box_w = 9, .box_h = 23, .ofs_x = -2, .ofs_y = 0},
    {.bitmap_index = 10702, .adv_w = 92, .box_w = 8, .box_h = 25, .ofs_x = -1, .ofs_y = -7},
    {.bitmap_index = 10752, .adv_w = 114, .box_w = 7, .box_h = 6, .ofs_x = 0, .ofs_y = 12},
    {.bitmap_index = 10763, .adv_w = 92, .box_w = 11, .box_h = 20, .ofs_x = 1, .ofs_y = 0},
    {.bitmap_index = 10818, .adv_w = 185, .box_w = 12, .box_h = 24, .ofs_x = 0, .ofs_y = -6},
    {.bitmap_index = 10890, .adv_w = 185, .box_w = 14, .box_h = 24, .ofs_x = -2, .ofs_y = -6},
    {.bitmap_index = 10974, .adv_w = 301, .box_w = 19, .box_h = 27, .ofs_x = 0, .ofs_y = -6},
    {.bitmap_index = 11103, .adv_w = 339, .box_w = 21, .box_h = 16, .ofs_x = 0, .ofs_y = 0},
    {.bitmap_index = 11187, .adv_w = 339, .box_w = 21, .box_h = 16, .ofs_x = 0, .ofs_y = 0},
    {.bitmap_index = 11271, .adv_w = 339, .box_w = 21, .box_h = 19, .ofs_x = 0, .ofs_y = -8},
    {.bitmap_index = 11371, .adv_w = 339, .box_w = 21, .box_h = 17, .ofs_x = 0, .ofs_y = -4},
    {.bitmap_index = 11461, .adv_w = 339, .box_w = 21, .box_h = 16, .ofs_x = 0, .ofs_y = 0},
    {.bitmap_index = 11545, .adv_w = 339, .box_w = 21, .box_h = 20, .ofs_x = 0, .ofs_y = -9},
    {.bitmap_index = 11650, .adv_w = 339, .box_w = 21, .box_h = 16, .ofs_x = 0, .ofs_y = 0},
    {.bitmap_index = 11734, .adv_w = 339, .box_w = 21, .box_h = 19, .ofs_x = 0, .ofs_y = -8},
    {.bitmap_index = 11834, .adv_w = 244, .box_w = 16, .box_h = 27, .ofs_x = 0, .ofs_y = -7},
    {.bitmap_index = 11942, .adv_w = 244, .box_w = 16, .box_h = 29, .ofs_x = 0, .ofs_y = -7},
    {.bitmap_index = 12058, .adv_w = 244, .box_w = 16, .box_h = 19, .ofs_x = 0, .ofs_y = -7},
    {.bitmap_index = 12134, .adv_w = 244, .box_w = 16, .box_h = 20, .ofs_x = 0, .ofs_y = -8},
    {.bitmap_index = 12214, .adv_w = 244, .box_w = 16, .box_h = 28, .ofs_x = 0, .ofs_y = -7},
    {.bitmap_index = 12326, .adv_w = 244, .box_w = 16, .box_h = 19, .ofs_x = 0, .ofs_y = -7},
    {.bitmap_index = 12402, .adv_w = 244, .box_w = 16, .box_h = 20, .ofs_x = 0, .ofs_y = -8},
    {.bitmap_index = 12482, .adv_w = 196, .box_w = 12, .box_h = 22, .ofs_x = 0, .ofs_y = 0},
    {.bitmap_index = 12548, .adv_w = 196, .box_w = 12, .box_h = 18, .ofs_x = 0, .ofs_y = -4},
    {.bitmap_index = 12602, .adv_w = 196, .box_w = 12, .box_h = 19, .ofs_x = 0, .ofs_y = -6},
    {.bitmap_index = 12659, .adv_w = 196, .box_w = 12, .box_h = 28, .ofs_x = 0, .ofs_y = -6},
    {.bitmap_index = 12743, .adv_w = 196, .box_w = 12, .box_h = 18, .ofs_x = 0, .ofs_y = 0},
    {.bitmap_index = 12797, .adv_w = 196, .box_w = 12, .box_h = 19, .ofs_x = 0, .ofs_y = -6},
    {.bitmap_index = 12854, .adv_w = 196, .box_w = 12, .box_h = 22, .ofs_x = 0, .ofs_y = 0},
    {.bitmap_index = 12920, .adv_w = 196, .box_w = 12, .box_h = 22, .ofs_x = 0, .ofs_y = 0},
    {.bitmap_index = 12986, .adv_w = 196, .box_w = 12, .box_h = 22, .ofs_x = 0, .ofs_y = 0},
    {.bitmap_index = 13052, .adv_w = 115, .box_w = 10, .box_h = 23, .ofs_x = -2, .ofs_y = -6},
    {.bitmap_index = 13110, .adv_w = 115, .box_w = 10, .box_h = 21, .ofs_x = -2, .ofs_y = -6},
    {.bitmap_index = 13163, .adv_w = 115, .box_w = 9, .box_h = 18, .ofs_x = -2, .ofs_y = -9},
    {.bitmap_index = 13204, .adv_w = 115, .box_w = 9, .box_h = 19, .ofs_x = -2, .ofs_y = -11},
    {.bitmap_index = 13247, .adv_w = 115, .box_w = 10, .box_h = 21, .ofs_x = -3, .ofs_y = -13},
    {.bitmap_index = 13300, .adv_w = 115, .box_w = 9, .box_h = 24, .ofs_x = -2, .ofs_y = -11},
    {.bitmap_index = 13354, .adv_w = 115, .box_w = 10, .box_h = 19, .ofs_x = -2, .ofs_y = -6},
    {.bitmap_index = 13402, .adv_w = 115, .box_w = 10, .box_h = 23, .ofs_x = -2, .ofs_y = -6},
    {.bitmap_index = 13460, .adv_w = 115, .box_w = 10, .box_h = 23, .ofs_x = -2, .ofs_y = -6},
    {.bitmap_index = 13518, .adv_w = 439, .box_w = 27, .box_h = 19, .ofs_x = 0, .ofs_y = -6},
    {.bitmap_index = 13647, .adv_w = 439, .box_w = 27, .box_h = 24, .ofs_x = 0, .ofs_y = -15},
    {.bitmap_index = 13809, .adv_w = 439, .box_w = 27, .box_h = 31, .ofs_x = 0, .ofs_y = -15},
    {.bitmap_index = 14019, .adv_w = 501, .box_w = 31, .box_h = 22, .ofs_x = 0, .ofs_y = -11},
    {.bitmap_index = 14190, .adv_w = 501, .box_w = 31, .box_h = 26, .ofs_x = 0, .ofs_y = -6},
    {.bitmap_index = 14392, .adv_w = 293, .box_w = 18, .box_h = 20, .ofs_x = 0, .ofs_y = 0},
    {.bitmap_index = 14482, .adv_w = 250, .box_w = 17, .box_h = 32, .ofs_x = 0, .ofs_y = -7},
    {.bitmap_index = 14618, .adv_w = 362, .box_w = 22, .box_h = 15, .ofs_x = 0, .ofs_y = 0},
    {.bitmap_index = 14701, .adv_w = 362, .box_w = 22, .box_h = 26, .ofs_x = 0, .ofs_y = -6},
    {.bitmap_index = 14844, .adv_w = 362, .box_w = 22, .box_h = 24, .ofs_x = 0, .ofs_y = 0},
    {.bitmap_index = 14976, .adv_w = 362, .box_w = 22, .box_h = 24, .ofs_x = 0, .ofs_y = -9},
    {.bitmap_index = 15108, .adv_w = 362, .box_w = 22, .box_h = 24, .ofs_x = 0, .ofs_y = 0},
    {.bitmap_index = 15240, .adv_w = 289, .box_w = 18, .box_h = 22, .ofs_x = 0, .ofs_y = -6},
    {.bitmap_index = 15339, .adv_w = 289, .box_w = 18, .box_h = 25, .ofs_x = 0, .ofs_y = -6},
    {.bitmap_index = 15452, .adv_w = 346, .box_w = 25, .box_h = 19, .ofs_x = 0, .ofs_y = 0},
    {.bitmap_index = 15571, .adv_w = 366, .box_w = 23, .box_h = 19, .ofs_x = 0, .ofs_y = 0},
    {.bitmap_index = 15681, .adv_w = 346, .box_w = 25, .box_h = 19, .ofs_x = 0, .ofs_y = 0},
    {.bitmap_index = 15800, .adv_w = 306, .box_w = 18, .box_h = 19, .ofs_x = 0, .ofs_y = 0},
    {.bitmap_index = 15886, .adv_w = 306, .box_w = 18, .box_h = 23, .ofs_x = 0, .ofs_y = 0},
    {.bitmap_index = 15990, .adv_w = 306, .box_w = 18, .box_h = 27, .ofs_x = 0, .ofs_y = -9},
    {.bitmap_index = 16112, .adv_w = 346, .box_w = 25, .box_h = 21, .ofs_x = 0, .ofs_y = 0},
    {.bitmap_index = 16244, .adv_w = 346, .box_w = 25, .box_h = 21, .ofs_x = 0, .ofs_y = 0},
    {.bitmap_index = 16376, .adv_w = 346, .box_w = 25, .box_h = 24, .ofs_x = 0, .ofs_y = 0},
    {.bitmap_index = 16526, .adv_w = 346, .box_w = 25, .box_h = 26, .ofs_x = 0, .ofs_y = -5},
    {.bitmap_index = 16689, .adv_w = 346, .box_w = 25, .box_h = 29, .ofs_x = 0, .ofs_y = -8},
    {.bitmap_index = 16871, .adv_w = 346, .box_w = 25, .box_h = 28, .ofs_x = 0, .ofs_y = 0},
    {.bitmap_index = 17046, .adv_w = 260, .box_w = 15, .box_h = 26, .ofs_x = 0, .ofs_y = -6},
    {.bitmap_index = 17144, .adv_w = 260, .box_w = 15, .box_h = 24, .ofs_x = 0, .ofs_y = -6},
    {.bitmap_index = 17234, .adv_w = 260, .box_w = 15, .box_h = 28, .ofs_x = 0, .ofs_y = -6},
    {.bitmap_index = 17339, .adv_w = 260, .box_w = 15, .box_h = 33, .ofs_x = 0, .ofs_y = -15},
    {.bitmap_index = 17463, .adv_w = 266, .box_w = 16, .box_h = 22, .ofs_x = 0, .ofs_y = -9},
    {.bitmap_index = 17551, .adv_w = 266, .box_w = 16, .box_h = 14, .ofs_x = 0, .ofs_y = -4},
    {.bitmap_index = 17607, .adv_w = 266, .box_w = 16, .box_h = 21, .ofs_x = 0, .ofs_y = -4},
    {.bitmap_index = 17691, .adv_w = 266, .box_w = 16, .box_h = 21, .ofs_x = 0, .ofs_y = -8},
    {.bitmap_index = 17775, .adv_w = 266, .box_w = 16, .box_h = 20, .ofs_x = 0, .ofs_y = -4},
    {.bitmap_index = 17855, .adv_w = 271, .box_w = 17, .box_h = 14, .ofs_x = 0, .ofs_y = 0},
    {.bitmap_index = 17915, .adv_w = 244, .box_w = 16, .box_h = 25, .ofs_x = 0, .ofs_y = -7},
    {.bitmap_index = 18015, .adv_w = 177, .box_w = 11, .box_h = 19, .ofs_x = 0, .ofs_y = 0},
    {.bitmap_index = 18068, .adv_w = 177, .box_w = 11, .box_h = 11, .ofs_x = 0, .ofs_y = 0},
    {.bitmap_index = 18099, .adv_w = 177, .box_w = 11, .box_h = 19, .ofs_x = 0, .ofs_y = 0},
    {.bitmap_index = 18152, .adv_w = 177, .box_w = 11, .box_h = 17, .ofs_x = 0, .ofs_y = 0},
    {.bitmap_index = 18199, .adv_w = 185, .box_w = 11, .box_h = 16, .ofs_x = 0, .ofs_y = -6},
    {.bitmap_index = 18243, .adv_w = 185, .box_w = 11, .box_h = 16, .ofs_x = 0, .ofs_y = -6},
    {.bitmap_index = 18287, .adv_w = 185, .box_w = 11, .box_h = 24, .ofs_x = 0, .ofs_y = -6},
    {.bitmap_index = 18353, .adv_w = 185, .box_w = 11, .box_h = 25, .ofs_x = 0, .ofs_y = -6},
    {.bitmap_index = 18422, .adv_w = 185, .box_w = 11, .box_h = 23, .ofs_x = 0, .ofs_y = -6},
    {.bitmap_index = 18486, .adv_w = 185, .box_w = 11, .box_h = 24, .ofs_x = 0, .ofs_y = -6},
    {.bitmap_index = 18552, .adv_w = 185, .box_w = 11, .box_h = 22, .ofs_x = 0, .ofs_y = -6},
    {.bitmap_index = 18613, .adv_w = 185, .box_w = 11, .box_h = 25, .ofs_x = 0, .ofs_y = -6},
    {.bitmap_index = 18682, .adv_w = 301, .box_w = 19, .box_h = 19, .ofs_x = 0, .ofs_y = -6},
    {.bitmap_index = 18773, .adv_w = 301, .box_w = 21, .box_h = 19, .ofs_x = -2, .ofs_y = -6},
    {.bitmap_index = 18873, .adv_w = 301, .box_w = 20, .box_h = 19, .ofs_x = -1, .ofs_y = -6},
    {.bitmap_index = 18968, .adv_w = 185, .box_w = 11, .box_h = 22, .ofs_x = 0, .ofs_y = -6},
    {.bitmap_index = 19029, .adv_w = 301, .box_w = 19, .box_h = 27, .ofs_x = 0, .ofs_y = -14},
    {.bitmap_index = 19158, .adv_w = 301, .box_w = 19, .box_h = 27, .ofs_x = 0, .ofs_y = -14},
    {.bitmap_index = 19287, .adv_w = 326, .box_w = 20, .box_h = 12, .ofs_x = 0, .ofs_y = 0},
    {.bitmap_index = 19347, .adv_w = 326, .box_w = 20, .box_h = 20, .ofs_x = 0, .ofs_y = 0},
    {.bitmap_index = 19447, .adv_w = 121, .box_w = 8, .box_h = 5, .ofs_x = 0, .ofs_y = 0},
    {.bitmap_index = 19457, .adv_w = 177, .box_w = 11, .box_h = 11, .ofs_x = 0, .ofs_y = 0},
    {.bitmap_index = 19488, .adv_w = 0, .box_w = 15, .box_h = 10, .ofs_x = 0, .ofs_y = 6},
    {.bitmap_index = 19526, .adv_w = 0, .box_w = 11, .box_h = 11, .ofs_x = 0, .ofs_y = 6},
    {.bitmap_index = 19557, .adv_w = 0, .box_w = 8, .box_h = 6, .ofs_x = -1, .ofs_y = 7},
    {.bitmap_index = 19569, .adv_w = 0, .box_w = 7, .box_h = 7, .ofs_x = -1, .ofs_y = 9},
    {.bitmap_index = 19582, .adv_w = 0, .box_w = 7, .box_h = 9, .ofs_x = 0, .ofs_y = 6},
    {.bitmap_index = 19598, .adv_w = 0, .box_w = 8, .box_h = 7, .ofs_x = 0, .ofs_y = 9},
    {.bitmap_index = 19612, .adv_w = 0, .box_w = 12, .box_h = 6, .ofs_x = 0, .ofs_y = 7},
    {.bitmap_index = 19630, .adv_w = 430, .box_w = 25, .box_h = 25, .ofs_x = 1, .ofs_y = -6},
    {.bitmap_index = 19787, .adv_w = 420, .box_w = 25, .box_h = 25, .ofs_x = 1, .ofs_y = -6},
    {.bitmap_index = 19944, .adv_w = 0, .box_w = 6, .box_h = 6, .ofs_x = 0, .ofs_y = 9},
    {.bitmap_index = 19953, .adv_w = 0, .box_w = 6, .box_h = 7, .ofs_x = 0, .ofs_y = 9},
    {.bitmap_index = 19964, .adv_w = 0, .box_w = 7, .box_h = 5, .ofs_x = 0, .ofs_y = 9},
    {.bitmap_index = 19973, .adv_w = 0, .box_w = 7, .box_h = 8, .ofs_x = 0, .ofs_y = 7},
    {.bitmap_index = 19987, .adv_w = 0, .box_w = 12, .box_h = 6, .ofs_x = 0, .ofs_y = 7},
    {.bitmap_index = 20005, .adv_w = 0, .box_w = 9, .box_h = 4, .ofs_x = 0, .ofs_y = 9},
    {.bitmap_index = 20014, .adv_w = 103, .box_w = 6, .box_h = 9, .ofs_x = 0, .ofs_y = 10},
    {.bitmap_index = 20028, .adv_w = 136, .box_w = 9, .box_h = 6, .ofs_x = 0, .ofs_y = 9},
    {.bitmap_index = 20042, .adv_w = 0, .box_w = 9, .box_h = 6, .ofs_x = 0, .ofs_y = 9},
    {.bitmap_index = 20056, .adv_w = 0, .box_w = 7, .box_h = 7, .ofs_x = 0, .ofs_y = 8},
    {.bitmap_index = 20069, .adv_w = 264, .box_w = 14, .box_h = 18, .ofs_x = 1, .ofs_y = 0},
    {.bitmap_index = 20132, .adv_w = 0, .box_w = 7, .box_h = 7, .ofs_x = 0, .ofs_y = 8},
    {.bitmap_index = 20145, .adv_w = 0, .box_w = 7, .box_h = 7, .ofs_x = 0, .ofs_y = 8},
    {.bitmap_index = 20158, .adv_w = 0, .box_w = 6, .box_h = 5, .ofs_x = 1, .ofs_y = 10},
    {.bitmap_index = 20166, .adv_w = 0, .box_w = 7, .box_h = 8, .ofs_x = 0, .ofs_y = 7},
    {.bitmap_index = 20180, .adv_w = 196, .box_w = 12, .box_h = 20, .ofs_x = 0, .ofs_y = 0},
    {.bitmap_index = 20240, .adv_w = 115, .box_w = 10, .box_h = 21, .ofs_x = -2, .ofs_y = -6},
    {.bitmap_index = 20293, .adv_w = 114, .box_w = 5, .box_h = 5, .ofs_x = 1, .ofs_y = 4},
    {.bitmap_index = 20300, .adv_w = 108, .box_w = 5, .box_h = 15, .ofs_x = 1, .ofs_y = 0},
    {.bitmap_index = 20319, .adv_w = 195, .box_w = 11, .box_h = 15, .ofs_x = 1, .ofs_y = 0},
    {.bitmap_index = 20361, .adv_w = 244, .box_w = 14, .box_h = 15, .ofs_x = 1, .ofs_y = 0},
    {.bitmap_index = 20414, .adv_w = 227, .box_w = 13, .box_h = 15, .ofs_x = 1, .ofs_y = 0},
    {.bitmap_index = 20463, .adv_w = 230, .box_w = 14, .box_h = 15, .ofs_x = 0, .ofs_y = 0},
    {.bitmap_index = 20516, .adv_w = 205, .box_w = 13, .box_h = 15, .ofs_x = 0, .ofs_y = 0},
    {.bitmap_index = 20565, .adv_w = 210, .box_w = 14, .box_h = 15, .ofs_x = 0, .ofs_y = 0},
    {.bitmap_index = 20618, .adv_w = 210, .box_w = 14, .box_h = 15, .ofs_x = 0, .ofs_y = 0},
    {.bitmap_index = 20671, .adv_w = 212, .box_w = 12, .box_h = 15, .ofs_x = 0, .ofs_y = 0},
    {.bitmap_index = 20716, .adv_w = 439, .box_w = 27, .box_h = 27, .ofs_x = 0, .ofs_y = -11},
    {.bitmap_index = 20899, .adv_w = 501, .box_w = 31, .box_h = 28, .ofs_x = 0, .ofs_y = -11},
    {.bitmap_index = 21116, .adv_w = 250, .box_w = 17, .box_h = 28, .ofs_x = 0, .ofs_y = -7},
    {.bitmap_index = 21235, .adv_w = 176, .box_w = 11, .box_h = 16, .ofs_x = 0, .ofs_y = -6},
    {.bitmap_index = 21279, .adv_w = 236, .box_w = 14, .box_h = 19, .ofs_x = 0, .ofs_y = -8},
    {.bitmap_index = 21346, .adv_w = 271, .box_w = 17, .box_h = 20, .ofs_x = 0, .ofs_y = 0},
    {.bitmap_index = 21431, .adv_w = 371, .box_w = 24, .box_h = 19, .ofs_x = 0, .ofs_y = -9},
    {.bitmap_index = 21545, .adv_w = 253, .box_w = 16, .box_h = 19, .ofs_x = 0, .ofs_y = -7},
    {.bitmap_index = 21621, .adv_w = 134, .box_w = 11, .box_h = 23, .ofs_x = -2, .ofs_y = -6},
    {.bitmap_index = 21685, .adv_w = 392, .box_w = 25, .box_h = 19, .ofs_x = 0, .ofs_y = 0},
    {.bitmap_index = 21804, .adv_w = 392, .box_w = 25, .box_h = 21, .ofs_x = 0, .ofs_y = 0},
    {.bitmap_index = 21936, .adv_w = 281, .box_w = 18, .box_h = 12, .ofs_x = 0, .ofs_y = -6},
    {.bitmap_index = 21990, .adv_w = 114, .box_w = 7, .box_h = 9, .ofs_x = 0, .ofs_y = 8},
    {.bitmap_index = 22006, .adv_w = 41, .box_w = 8, .box_h = 17, .ofs_x = -3, .ofs_y = 0},
    {.bitmap_index = 22040, .adv_w = 134, .box_w = 9, .box_h = 8, .ofs_x = -1, .ofs_y = 8},
    {.bitmap_index = 22058, .adv_w = 187, .box_w = 12, .box_h = 5, .ofs_x = 0, .ofs_y = 0},
    {.bitmap_index = 22073, .adv_w = 114, .box_w = 7, .box_h = 9, .ofs_x = 0, .ofs_y = 4},
    {.bitmap_index = 22089, .adv_w = 114, .box_w = 7, .box_h = 5, .ofs_x = 0, .ofs_y = 8},
    {.bitmap_index = 22098, .adv_w = 133, .box_w = 10, .box_h = 13, .ofs_x = -1, .ofs_y = 0},
    {.bitmap_index = 22131, .adv_w = 114, .box_w = 7, .box_h = 8, .ofs_x = 0, .ofs_y = 8},
    {.bitmap_index = 22145, .adv_w = 133, .box_w = 10, .box_h = 16, .ofs_x = -1, .ofs_y = 0},
    {.bitmap_index = 22185, .adv_w = 114, .box_w = 7, .box_h = 5, .ofs_x = 0, .ofs_y = 8},
    {.bitmap_index = 22194, .adv_w = 41, .box_w = 7, .box_h = 10, .ofs_x = -2, .ofs_y = -6},
    {.bitmap_index = 22212, .adv_w = 119, .box_w = 8, .box_h = 6, .ofs_x = 0, .ofs_y = 9},
    {.bitmap_index = 22224, .adv_w = 133, .box_w = 10, .box_h = 15, .ofs_x = -1, .ofs_y = 0},
    {.bitmap_index = 22262, .adv_w = 100, .box_w = 6, .box_h = 6, .ofs_x = 0, .ofs_y = 9},
    {.bitmap_index = 22271, .adv_w = 133, .box_w = 10, .box_h = 15, .ofs_x = -1, .ofs_y = 0},
    {.bitmap_index = 22309, .adv_w = 176, .box_w = 11, .box_h = 10, .ofs_x = 0, .ofs_y = 0},
    {.bitmap_index = 22337, .adv_w = 100, .box_w = 8, .box_h = 21, .ofs_x = -1, .ofs_y = 0},
    {.bitmap_index = 22379, .adv_w = 108, .box_w = 8, .box_h = 21, .ofs_x = -1, .ofs_y = 0},
    {.bitmap_index = 22421, .adv_w = 100, .box_w = 6, .box_h = 23, .ofs_x = 0, .ofs_y = 0},
    {.bitmap_index = 22456, .adv_w = 108, .box_w = 7, .box_h = 23, .ofs_x = 0, .ofs_y = 0},
    {.bitmap_index = 22497, .adv_w = 185, .box_w = 11, .box_h = 24, .ofs_x = 0, .ofs_y = -6},
    {.bitmap_index = 22563, .adv_w = 191, .box_w = 12, .box_h = 24, .ofs_x = 0, .ofs_y = -6},
    {.bitmap_index = 22635, .adv_w = 92, .box_w = 6, .box_h = 24, .ofs_x = 0, .ofs_y = -6},
    {.bitmap_index = 22671, .adv_w = 111, .box_w = 7, .box_h = 24, .ofs_x = 0, .ofs_y = -6},
    {.bitmap_index = 22713, .adv_w = 301, .box_w = 19, .box_h = 19, .ofs_x = 0, .ofs_y = -6},
    {.bitmap_index = 22804, .adv_w = 281, .box_w = 18, .box_h = 19, .ofs_x = 0, .ofs_y = -6},
    {.bitmap_index = 22890, .adv_w = 111, .box_w = 8, .box_h = 18, .ofs_x = -1, .ofs_y = 0},
    {.bitmap_index = 22926, .adv_w = 127, .box_w = 9, .box_h = 17, .ofs_x = -1, .ofs_y = 0},
    {.bitmap_index = 22965, .adv_w = 92, .box_w = 4, .box_h = 18, .ofs_x = 1, .ofs_y = 0},
    {.bitmap_index = 22983, .adv_w = 111, .box_w = 6, .box_h = 18, .ofs_x = 1, .ofs_y = 0},
    {.bitmap_index = 23010, .adv_w = 339, .box_w = 21, .box_h = 16, .ofs_x = 0, .ofs_y = -5},
    {.bitmap_index = 23094, .adv_w = 371, .box_w = 24, .box_h = 15, .ofs_x = 0, .ofs_y = -5},
    {.bitmap_index = 23184, .adv_w = 111, .box_w = 8, .box_h = 17, .ofs_x = -1, .ofs_y = -6},
    {.bitmap_index = 23218, .adv_w = 127, .box_w = 9, .box_h = 15, .ofs_x = -1, .ofs_y = -6},
    {.bitmap_index = 23252, .adv_w = 177, .box_w = 11, .box_h = 17, .ofs_x = 0, .ofs_y = 0},
    {.bitmap_index = 23299, .adv_w = 204, .box_w = 13, .box_h = 18, .ofs_x = 0, .ofs_y = 0},
    {.bitmap_index = 23358, .adv_w = 339, .box_w = 21, .box_h = 13, .ofs_x = 0, .ofs_y = 0},
    {.bitmap_index = 23427, .adv_w = 371, .box_w = 24, .box_h = 13, .ofs_x = 0, .ofs_y = 0},
    {.bitmap_index = 23505, .adv_w = 111, .box_w = 9, .box_h = 16, .ofs_x = -1, .ofs_y = 0},
    {.bitmap_index = 23541, .adv_w = 127, .box_w = 9, .box_h = 14, .ofs_x = -1, .ofs_y = 0},
    {.bitmap_index = 23573, .adv_w = 339, .box_w = 21, .box_h = 16, .ofs_x = 0, .ofs_y = 0},
    {.bitmap_index = 23657, .adv_w = 371, .box_w = 24, .box_h = 16, .ofs_x = 0, .ofs_y = 0},
    {.bitmap_index = 23753, .adv_w = 111, .box_w = 9, .box_h = 19, .ofs_x = -1, .ofs_y = 0},
    {.bitmap_index = 23796, .adv_w = 127, .box_w = 9, .box_h = 18, .ofs_x = -1, .ofs_y = 0},
    {.bitmap_index = 23837, .adv_w = 244, .box_w = 16, .box_h = 19, .ofs_x = 0, .ofs_y = -7},
    {.bitmap_index = 23913, .adv_w = 253, .box_w = 16, .box_h = 20, .ofs_x = 0, .ofs_y = -8},
    {.bitmap_index = 23993, .adv_w = 254, .box_w = 17, .box_h = 17, .ofs_x = -1, .ofs_y = -6},
    {.bitmap_index = 24066, .adv_w = 258, .box_w = 18, .box_h = 17, .ofs_x = -1, .ofs_y = -6},
    {.bitmap_index = 24143, .adv_w = 244, .box_w = 16, .box_h = 19, .ofs_x = 0, .ofs_y = -7},
    {.bitmap_index = 24219, .adv_w = 253, .box_w = 16, .box_h = 20, .ofs_x = 0, .ofs_y = -8},
    {.bitmap_index = 24299, .adv_w = 254, .box_w = 17, .box_h = 11, .ofs_x = -1, .ofs_y = 0},
    {.bitmap_index = 24346, .adv_w = 258, .box_w = 18, .box_h = 11, .ofs_x = -1, .ofs_y = 0},
    {.bitmap_index = 24396, .adv_w = 244, .box_w = 16, .box_h = 25, .ofs_x = 0, .ofs_y = -7},
    {.bitmap_index = 24496, .adv_w = 253, .box_w = 16, .box_h = 26, .ofs_x = 0, .ofs_y = -8},
    {.bitmap_index = 24600, .adv_w = 254, .box_w = 17, .box_h = 16, .ofs_x = -1, .ofs_y = 0},
    {.bitmap_index = 24668, .adv_w = 258, .box_w = 18, .box_h = 16, .ofs_x = -1, .ofs_y = 0},
    {.bitmap_index = 24740, .adv_w = 196, .box_w = 12, .box_h = 13, .ofs_x = 0, .ofs_y = 0},
    {.bitmap_index = 24779, .adv_w = 234, .box_w = 15, .box_h = 13, .ofs_x = 0, .ofs_y = 0},
    {.bitmap_index = 24828, .adv_w = 196, .box_w = 12, .box_h = 18, .ofs_x = 0, .ofs_y = 0},
    {.bitmap_index = 24882, .adv_w = 234, .box_w = 15, .box_h = 18, .ofs_x = 0, .ofs_y = 0},
    {.bitmap_index = 24950, .adv_w = 115, .box_w = 9, .box_h = 14, .ofs_x = -2, .ofs_y = -6},
    {.bitmap_index = 24982, .adv_w = 134, .box_w = 11, .box_h = 14, .ofs_x = -2, .ofs_y = -6},
    {.bitmap_index = 25021, .adv_w = 115, .box_w = 9, .box_h = 19, .ofs_x = -2, .ofs_y = -6},
    {.bitmap_index = 25064, .adv_w = 134, .box_w = 11, .box_h = 19, .ofs_x = -2, .ofs_y = -6},
    {.bitmap_index = 25117, .adv_w = 439, .box_w = 27, .box_h = 15, .ofs_x = 0, .ofs_y = -6},
    {.bitmap_index = 25219, .adv_w = 476, .box_w = 30, .box_h = 14, .ofs_x = 0, .ofs_y = -6},
    {.bitmap_index = 25324, .adv_w = 288, .box_w = 19, .box_h = 9, .ofs_x = -1, .ofs_y = 0},
    {.bitmap_index = 25367, .adv_w = 325, .box_w = 22, .box_h = 8, .ofs_x = -1, .ofs_y = 0},
    {.bitmap_index = 25411, .adv_w = 439, .box_w = 27, .box_h = 22, .ofs_x = 0, .ofs_y = -6},
    {.bitmap_index = 25560, .adv_w = 476, .box_w = 30, .box_h = 22, .ofs_x = 0, .ofs_y = -6},
    {.bitmap_index = 25725, .adv_w = 288, .box_w = 19, .box_h = 16, .ofs_x = -1, .ofs_y = 0},
    {.bitmap_index = 25801, .adv_w = 325, .box_w = 22, .box_h = 16, .ofs_x = -1, .ofs_y = 0},
    {.bitmap_index = 25889, .adv_w = 501, .box_w = 31, .box_h = 17, .ofs_x = 0, .ofs_y = -6},
    {.bitmap_index = 26021, .adv_w = 515, .box_w = 33, .box_h = 17, .ofs_x = 0, .ofs_y = -6},
    {.bitmap_index = 26162, .adv_w = 341, .box_w = 22, .box_h = 11, .ofs_x = -1, .ofs_y = 0},
    {.bitmap_index = 26223, .adv_w = 355, .box_w = 24, .box_h = 11, .ofs_x = -1, .ofs_y = 0},
    {.bitmap_index = 26289, .adv_w = 501, .box_w = 31, .box_h = 23, .ofs_x = 0, .ofs_y = -6},
    {.bitmap_index = 26468, .adv_w = 515, .box_w = 33, .box_h = 23, .ofs_x = 0, .ofs_y = -6},
    {.bitmap_index = 26658, .adv_w = 341, .box_w = 22, .box_h = 17, .ofs_x = -1, .ofs_y = 0},
    {.bitmap_index = 26752, .adv_w = 355, .box_w = 24, .box_h = 17, .ofs_x = -1, .ofs_y = 0},
    {.bitmap_index = 26854, .adv_w = 293, .box_w = 18, .box_h = 18, .ofs_x = 0, .ofs_y = 0},
    {.bitmap_index = 26935, .adv_w = 308, .box_w = 20, .box_h = 18, .ofs_x = 0, .ofs_y = 0},
    {.bitmap_index = 27025, .adv_w = 266, .box_w = 17, .box_h = 18, .ofs_x = -1, .ofs_y = 0},
    {.bitmap_index = 27102, .adv_w = 281, .box_w = 19, .box_h = 18, .ofs_x = -1, .ofs_y = 0},
    {.bitmap_index = 27188, .adv_w = 293, .box_w = 18, .box_h = 18, .ofs_x = 0, .ofs_y = 0},
    {.bitmap_index = 27269, .adv_w = 308, .box_w = 20, .box_h = 18, .ofs_x = 0, .ofs_y = 0},
    {.bitmap_index = 27359, .adv_w = 266, .box_w = 17, .box_h = 18, .ofs_x = -1, .ofs_y = 0},
    {.bitmap_index = 27436, .adv_w = 281, .box_w = 19, .box_h = 18, .ofs_x = -1, .ofs_y = 0},
    {.bitmap_index = 27522, .adv_w = 250, .box_w = 17, .box_h = 23, .ofs_x = 0, .ofs_y = -7},
    {.bitmap_index = 27620, .adv_w = 240, .box_w = 16, .box_h = 21, .ofs_x = 0, .ofs_y = -8},
    {.bitmap_index = 27704, .adv_w = 219, .box_w = 15, .box_h = 13, .ofs_x = -1, .ofs_y = 0},
    {.bitmap_index = 27753, .adv_w = 195, .box_w = 14, .box_h = 12, .ofs_x = -1, .ofs_y = 0},
    {.bitmap_index = 27795, .adv_w = 250, .box_w = 17, .box_h = 28, .ofs_x = 0, .ofs_y = -7},
    {.bitmap_index = 27914, .adv_w = 240, .box_w = 16, .box_h = 26, .ofs_x = 0, .ofs_y = -8},
    {.bitmap_index = 28018, .adv_w = 219, .box_w = 15, .box_h = 18, .ofs_x = -1, .ofs_y = 0},
    {.bitmap_index = 28086, .adv_w = 195, .box_w = 14, .box_h = 17, .ofs_x = -1, .ofs_y = 0},
    {.bitmap_index = 28146, .adv_w = 362, .box_w = 22, .box_h = 20, .ofs_x = 0, .ofs_y = 0},
    {.bitmap_index = 28256, .adv_w = 401, .box_w = 26, .box_h = 18, .ofs_x = 0, .ofs_y = 0},
    {.bitmap_index = 28373, .adv_w = 185, .box_w = 12, .box_h = 20, .ofs_x = -1, .ofs_y = 0},
    {.bitmap_index = 28433, .adv_w = 185, .box_w = 13, .box_h = 18, .ofs_x = -1, .ofs_y = 0},
    {.bitmap_index = 28492, .adv_w = 289, .box_w = 18, .box_h = 22, .ofs_x = 0, .ofs_y = -6},
    {.bitmap_index = 28591, .adv_w = 293, .box_w = 19, .box_h = 22, .ofs_x = 0, .ofs_y = -6},
    {.bitmap_index = 28696, .adv_w = 185, .box_w = 12, .box_h = 20, .ofs_x = -1, .ofs_y = 0},
    {.bitmap_index = 28756, .adv_w = 185, .box_w = 13, .box_h = 18, .ofs_x = -1, .ofs_y = 0},
    {.bitmap_index = 28815, .adv_w = 306, .box_w = 18, .box_h = 18, .ofs_x = 0, .ofs_y = 0},
    {.bitmap_index = 28896, .adv_w = 371, .box_w = 24, .box_h = 18, .ofs_x = 0, .ofs_y = 0},
    {.bitmap_index = 29004, .adv_w = 146, .box_w = 13, .box_h = 19, .ofs_x = -1, .ofs_y = 0},
    {.bitmap_index = 29066, .adv_w = 192, .box_w = 13, .box_h = 19, .ofs_x = -1, .ofs_y = 0},
    {.bitmap_index = 29128, .adv_w = 260, .box_w = 15, .box_h = 24, .ofs_x = 0, .ofs_y = -6},
    {.bitmap_index = 29218, .adv_w = 280, .box_w = 18, .box_h = 24, .ofs_x = 0, .ofs_y = -6},
    {.bitmap_index = 29326, .adv_w = 110, .box_w = 7, .box_h = 18, .ofs_x = -1, .ofs_y = 0},
    {.bitmap_index = 29358, .adv_w = 127, .box_w = 9, .box_h = 18, .ofs_x = -1, .ofs_y = 0},
    {.bitmap_index = 29399, .adv_w = 236, .box_w = 14, .box_h = 18, .ofs_x = 0, .ofs_y = -7},
    {.bitmap_index = 29462, .adv_w = 274, .box_w = 18, .box_h = 18, .ofs_x = 0, .ofs_y = -8},
    {.bitmap_index = 29543, .adv_w = 197, .box_w = 13, .box_h = 11, .ofs_x = -1, .ofs_y = -1},
    {.bitmap_index = 29579, .adv_w = 233, .box_w = 16, .box_h = 10, .ofs_x = -1, .ofs_y = 0},
    {.bitmap_index = 29619, .adv_w = 266, .box_w = 16, .box_h = 17, .ofs_x = 0, .ofs_y = -4},
    {.bitmap_index = 29687, .adv_w = 285, .box_w = 18, .box_h = 17, .ofs_x = 0, .ofs_y = -6},
    {.bitmap_index = 29764, .adv_w = 111, .box_w = 8, .box_h = 16, .ofs_x = -1, .ofs_y = 0},
    {.bitmap_index = 29796, .adv_w = 127, .box_w = 9, .box_h = 14, .ofs_x = -1, .ofs_y = 0},
    {.bitmap_index = 29828, .adv_w = 177, .box_w = 11, .box_h = 11, .ofs_x = 0, .ofs_y = 0},
    {.bitmap_index = 29859, .adv_w = 204, .box_w = 13, .box_h = 13, .ofs_x = 0, .ofs_y = 0},
    {.bitmap_index = 29902, .adv_w = 256, .box_w = 17, .box_h = 14, .ofs_x = -1, .ofs_y = 0},
    {.bitmap_index = 29962, .adv_w = 197, .box_w = 14, .box_h = 14, .ofs_x = -1, .ofs_y = -7},
    {.bitmap_index = 30011, .adv_w = 185, .box_w = 11, .box_h = 16, .ofs_x = 0, .ofs_y = -6},
    {.bitmap_index = 30055, .adv_w = 191, .box_w = 12, .box_h = 16, .ofs_x = 0, .ofs_y = -6},
    {.bitmap_index = 30103, .adv_w = 301, .box_w = 19, .box_h = 19, .ofs_x = 0, .ofs_y = -6},
    {.bitmap_index = 30194, .adv_w = 281, .box_w = 18, .box_h = 12, .ofs_x = 0, .ofs_y = -6},
    {.bitmap_index = 30248, .adv_w = 301, .box_w = 19, .box_h = 24, .ofs_x = 0, .ofs_y = -11},
    {.bitmap_index = 30362, .adv_w = 281, .box_w = 18, .box_h = 17, .ofs_x = 0, .ofs_y = -11},
    {.bitmap_index = 30439, .adv_w = 111, .box_w = 9, .box_h = 17, .ofs_x = -1, .ofs_y = -6},
    {.bitmap_index = 30478, .adv_w = 127, .box_w = 9, .box_h = 15, .ofs_x = -1, .ofs_y = -6},
    {.bitmap_index = 30512, .adv_w = 201, .box_w = 13, .box_h = 20, .ofs_x = -1, .ofs_y = 0},
    {.bitmap_index = 30577, .adv_w = 246, .box_w = 17, .box_h = 21, .ofs_x = -1, .ofs_y = -1},
    {.bitmap_index = 30667, .adv_w = 201, .box_w = 13, .box_h = 22, .ofs_x = -1, .ofs_y = 0},
    {.bitmap_index = 30739, .adv_w = 246, .box_w = 16, .box_h = 23, .ofs_x = 0, .ofs_y = -1},
    {.bitmap_index = 30831, .adv_w = 201, .box_w = 13, .box_h = 24, .ofs_x = -1, .ofs_y = -6},
    {.bitmap_index = 30909, .adv_w = 246, .box_w = 16, .box_h = 24, .ofs_x = 0, .ofs_y = -6},
    {.bitmap_index = 31005, .adv_w = 201, .box_w = 13, .box_h = 18, .ofs_x = -1, .ofs_y = 0},
    {.bitmap_index = 31064, .adv_w = 246, .box_w = 16, .box_h = 19, .ofs_x = 0, .ofs_y = -1}
};

/*---------------------
 *  CHARACTER MAPPING
 *--------------------*/

static const uint16_t unicode_list_5[] = {
    0x0, 0x24, 0x34, 0x38, 0x3c, 0xa6, 0x31a, 0x31b,
    0x31c, 0x31d, 0x31e
};

/*Collect the unicode lists and glyph_id offsets*/
static const lv_font_fmt_txt_cmap_t cmaps[] =
{
    {
        .range_start = 32, .range_length = 95, .glyph_id_start = 1,
        .unicode_list = NULL, .glyph_id_ofs_list = NULL, .list_length = 0, .type = LV_FONT_FMT_TXT_CMAP_FORMAT0_TINY
    },
    {
        .range_start = 1536, .range_length = 5, .glyph_id_start = 96,
        .unicode_list = NULL, .glyph_id_ofs_list = NULL, .list_length = 0, .type = LV_FONT_FMT_TXT_CMAP_FORMAT0_TINY
    },
    {
        .range_start = 1542, .range_length = 22, .glyph_id_start = 101,
        .unicode_list = NULL, .glyph_id_ofs_list = NULL, .list_length = 0, .type = LV_FONT_FMT_TXT_CMAP_FORMAT0_TINY
    },
    {
        .range_start = 1566, .range_length = 132, .glyph_id_start = 123,
        .unicode_list = NULL, .glyph_id_ofs_list = NULL, .list_length = 0, .type = LV_FONT_FMT_TXT_CMAP_FORMAT0_TINY
    },
    {
        .range_start = 1699, .range_length = 93, .glyph_id_start = 255,
        .unicode_list = NULL, .glyph_id_ofs_list = NULL, .list_length = 0, .type = LV_FONT_FMT_TXT_CMAP_FORMAT0_TINY
    },
    {
        .range_start = 64342, .range_length = 799, .glyph_id_start = 348,
        .unicode_list = unicode_list_5, .glyph_id_ofs_list = NULL, .list_length = 11, .type = LV_FONT_FMT_TXT_CMAP_SPARSE_TINY
    },
    {
        .range_start = 65142, .range_length = 135, .glyph_id_start = 359,
        .unicode_list = NULL, .glyph_id_ofs_list = NULL, .list_length = 0, .type = LV_FONT_FMT_TXT_CMAP_FORMAT0_TINY
    }
};

/*-----------------
 *    KERNING
 *----------------*/


/*Map glyph_ids to kern left classes*/
static const uint8_t kern_left_class_mapping[] =
{
    0, 0, 0, 1, 0, 0, 2, 3,
    1, 4, 0, 1, 0, 5, 6, 5,
    7, 0, 0, 0, 0, 0, 0, 0,
    0, 0, 0, 8, 8, 0, 0, 0,
    9, 10, 11, 12, 13, 14, 15, 16,
    17, 0, 18, 19, 20, 21, 0, 0,
    22, 23, 22, 24, 25, 26, 27, 28,
    29, 30, 31, 32, 33, 0, 0, 0,
    34, 0, 35, 36, 37, 0, 38, 39,
    40, 41, 42, 0, 43, 44, 41, 41,
    45, 36, 46, 47, 48, 49, 50, 51,
    52, 53, 54, 55, 33, 0, 0, 0,
    0, 0, 0, 0, 0, 0, 0, 0,
    0, 0, 0, 0, 0, 0, 0, 0,
    0, 0, 0, 0, 0, 0, 0, 0,
    0, 0, 0, 0, 0, 0, 0, 56,
    57, 58, 59, 0, 60, 0, 0, 0,
    0, 0, 0, 0, 0, 0, 61, 61,
    0, 0, 0, 0, 0, 0, 0, 0,
    0, 0, 0, 0, 0, 0, 0, 0,
    0, 0, 0, 0, 0, 58, 0, 0,
    0, 0, 0, 0, 0, 0, 0, 0,
    0, 0, 0, 0, 0, 0, 0, 0,
    0, 0, 0, 0, 0, 0, 0, 0,
    0, 0, 0, 0, 62, 63, 0, 0,
    0, 0, 0, 0, 0, 0, 56, 56,
    60, 64, 60, 0, 0, 0, 0, 0,
    0, 0, 0, 0, 0, 0, 0, 0,
    0, 0, 0, 0, 0, 0, 0, 0,
    0, 0, 0, 0, 0, 0, 65, 0,
    0, 0, 0, 0, 0, 66, 0, 0,
    0, 0, 0, 0, 0, 0, 0, 0,
    0, 0, 0, 0, 0, 0, 0, 0,
    0, 0, 0, 0, 0, 0, 0, 0,
    0, 0, 0, 0, 0, 0, 0, 0,
    0, 0, 0, 0, 0, 0, 0, 67,
    0, 0, 0, 0, 0, 0, 0, 0,
    0, 0, 0, 0, 0, 0, 0, 0,
    0, 0, 0, 0, 0, 0, 0, 0,
    0, 0, 0, 0, 0, 0, 0, 0,
    0, 0, 0, 0, 0, 0, 0, 0,
    0, 0, 0, 0, 0, 0, 0, 0,
    0, 0, 0, 0, 0, 0, 0, 0,
    0, 0, 0, 0, 0, 0, 66, 0,
    0, 0, 0, 0, 0, 0, 0, 0,
    0, 0, 0, 0, 0, 0, 0, 0,
    0, 0, 0, 56, 0, 68, 0, 58,
    0, 59, 0, 0, 0, 0, 0, 60,
    0, 0, 0, 0, 0, 0, 0, 0,
    0, 0, 0, 0, 0, 0, 0, 0,
    0, 0, 0, 0, 0, 0, 0, 0,
    0, 0, 0, 0, 0, 0, 0, 61,
    0, 61, 0, 0, 0, 0, 0, 0,
    0, 0, 0, 0, 0, 0, 0, 0,
    0, 0, 0, 0, 0, 0, 0, 0,
    0, 0, 0, 0, 0, 0, 0, 0,
    0, 0, 0, 0, 0, 0, 0, 0,
    0, 0, 0, 0, 0, 0, 0, 0,
    0, 0, 0, 0, 0, 0, 0, 0,
    0, 0, 0, 0, 0, 0, 0, 58,
    0, 0, 0, 0, 0, 0, 69, 69,
    70, 71, 70, 0, 70, 0
};

/*Map glyph_ids to kern right classes*/
static const uint8_t kern_right_class_mapping[] =
{
    0, 0, 1, 2, 0, 0, 0, 3,
    2, 0, 4, 2, 0, 5, 6, 5,
    7, 0, 0, 0, 0, 0, 0, 0,
    0, 0, 0, 8, 8, 0, 0, 0,
    9, 10, 11, 0, 12, 0, 0, 0,
    12, 0, 13, 14, 0, 0, 0, 0,
    12, 0, 12, 0, 15, 16, 17, 18,
    19, 20, 21, 22, 0, 0, 23, 0,
    24, 0, 25, 26, 27, 28, 27, 29,
    30, 26, 31, 32, 26, 33, 34, 34,
    27, 35, 28, 34, 36, 37, 38, 39,
    40, 41, 42, 43, 0, 0, 23, 0,
    0, 0, 0, 0, 0, 0, 0, 0,
    0, 0, 0, 0, 0, 0, 0, 0,
    0, 0, 0, 0, 0, 0, 0, 0,
    0, 0, 0, 0, 0, 0, 0, 0,
    0, 0, 0, 44, 0, 0, 0, 0,
    0, 0, 0, 0, 0, 0, 44, 44,
    0, 0, 0, 0, 0, 0, 0, 0,
    0, 0, 0, 0, 0, 0, 0, 45,
    0, 0, 0, 0, 0, 44, 44, 44,
    0, 0, 0, 0, 0, 0, 0, 0,
    0, 0, 0, 0, 0, 0, 0, 0,
    0, 0, 0, 0, 0, 0, 0, 0,
    0, 0, 0, 0, 46, 47, 0, 0,
    0, 0, 0, 0, 0, 0, 48, 0,
    0, 0, 49, 0, 0, 0, 0, 0,
    0, 0, 0, 0, 0, 0, 0, 0,
    0, 0, 0, 0, 0, 0, 0, 0,
    0, 0, 0, 0, 0, 0, 0, 0,
    0, 0, 0, 0, 0, 0, 0, 0,
    0, 0, 0, 0, 0, 0, 0, 0,
    0, 0, 0, 0, 0, 50, 0, 0,
    0, 0, 0, 0, 0, 0, 0, 0,
    0, 0, 0, 0, 0, 0, 0, 0,
    0, 0, 0, 0, 0, 0, 0, 0,
    0, 0, 0, 0, 0, 0, 0, 0,
    0, 0, 0, 0, 0, 0, 0, 0,
    0, 0, 0, 0, 0, 0, 0, 0,
    0, 0, 0, 0, 0, 0, 0, 0,
    0, 0, 0, 0, 0, 0, 0, 0,
    0, 0, 0, 0, 0, 0, 0, 0,
    0, 0, 0, 0, 0, 0, 0, 0,
    0, 0, 0, 0, 0, 0, 0, 0,
    0, 0, 0, 0, 0, 0, 0, 0,
    0, 0, 0, 0, 0, 0, 0, 0,
    0, 0, 0, 0, 0, 0, 0, 0,
    0, 0, 0, 0, 0, 0, 0, 0,
    0, 0, 44, 0, 0, 0, 0, 0,
    51, 0, 0, 0, 51, 0, 0, 0,
    52, 0, 0, 0, 52, 0, 0, 0,
    52, 0, 0, 0, 0, 0, 0, 0,
    0, 0, 0, 0, 0, 0, 0, 0,
    0, 0, 0, 0, 0, 0, 0, 0,
    0, 0, 0, 0, 0, 0, 0, 0,
    0, 0, 0, 0, 0, 0, 0, 0,
    0, 0, 0, 0, 0, 0, 0, 0,
    0, 0, 0, 0, 53, 0, 0, 0,
    0, 0, 0, 0, 0, 0, 0, 0,
    0, 0, 0, 0, 0, 0, 0, 0,
    0, 0, 0, 0, 54, 0, 0, 0,
    0, 0, 0, 0, 0, 0
};

/*Kern values between classes*/
static const int8_t kern_class_values[] =
{
    0, 0, 0, 0, -35, 0, 0, 0,
    0, 0, -19, -4, 0, -15, 0, 6,
    0, 4, 6, 0, 2, 0, 0, 0,
    0, 0, -8, -8, 0, 0, 0, 0,
    0, 0, 0, 0, 0, 0, 10, 8,
    0, 8, 2, 0, 0, 0, 0, 0,
    0, 0, 0, 0, 0, 0, 0, -23,
    0, 0, 0, 0, 0, 0, 0, 0,
    0, 0, 0, 0, 0, 0, 0, 0,
    0, 0, 0, 0, 0, 0, 0, 0,
    0, 0, 0, 0, 0, 0, 0, 0,
    0, 0, 0, 0, 0, 0, 0, 0,
    0, 0, 0, 0, 0, 0, 0, 0,
    0, 0, 0, 0, 0, 0, 0, 0,
    0, 0, 0, 0, 0, 0, 2, 0,
    0, 0, -2, -15, 0, -13, -8, 0,
    -23, -4, 0, 0, 4, 0, 4, 4,
    0, 0, 0, 0, 0, 0, 0, 0,
    0, 0, -4, -4, 0, -4, 0, 0,
    0, 0, 0, 0, 0, 0, 0, 0,
    0, 0, 0, 0, 0, 0, 0, 0,
    0, 0, 0, 0, 0, 0, 0, 0,
    0, 8, 0, 8, 8, 4, 8, 0,
    0, 0, 0, 0, 0, 0, 0, 4,
    0, 27, 0, 0, 0, 0, 0, 0,
    0, 0, 0, 0, 0, 0, 0, 0,
    0, 0, 0, 0, 0, 0, 0, 0,
    0, -35, 0, 0, 0, 0, 0, 0,
    -31, 0, 8, -15, 0, 0, 0, -27,
    -13, -23, -15, 4, -27, 12, 0, 0,
    2, 0, -6, -6, -6, 0, 0, 0,
    0, 0, 0, 0, -9, -3, -18, -15,
    0, -17, 4, 0, 0, 0, 0, 0,
    0, 0, 0, 0, 0, 0, 0, 0,
    0, 0, 0, 0, 0, 0, 0, 0,
    -6, 6, -12, -10, -8, -17, 0, -10,
    -4, -12, -19, -12, 0, 0, 0, 0,
    4, 4, 0, 0, 0, 0, 0, 0,
    0, 2, 0, 0, -2, -2, -13, -2,
    -6, 0, 0, 0, 0, 0, 0, 0,
    0, 0, 0, 0, 0, 0, 0, 0,
    0, 0, -73, 0, 0, 0, -17, -8,
    0, 0, -8, 8, 0, 4, 2, 0,
    4, 0, 0, 0, -15, 0, -13, -13,
    0, -10, 0, 0, 0, -4, 0, 0,
    0, 0, 0, 0, 0, 0, 0, 0,
    0, 0, 0, 0, 0, 0, 0, 0,
    0, 0, 0, 0, 0, 0, 0, 0,
    0, 0, 0, 0, 0, 0, 0, 0,
    0, -15, 0, -12, 0, -6, -19, 0,
    0, 0, 0, 0, 0, 0, 0, 0,
    0, 0, 0, 0, 0, 0, 0, 0,
    0, 0, 0, 0, 0, 0, 0, 0,
    0, 0, 0, 0, 0, 0, 0, 0,
    0, 0, 0, 0, -46, 0, 0, 0,
    0, 0, -12, 0, 0, 0, 0, 0,
    0, 4, 6, 0, 0, 0, 0, 0,
    0, 0, 0, 0, 0, 0, 0, 0,
    0, 0, 0, 0, 0, 0, 0, 0,
    0, 0, 0, 0, 0, 0, 0, 0,
    0, 0, 0, 0, 0, 0, 0, 0,
    0, 0, 0, 0, 0, 0, 0, 0,
    -8, 0, -8, -12, -4, -12, 0, -12,
    -8, -15, -15, -6, 0, 0, 0, 0,
    0, 0, 0, -2, 0, 0, 0, 0,
    0, 0, 0, 0, 0, -4, -8, -4,
    -4, 0, 0, 0, 0, 0, 0, 0,
    0, 0, 0, 0, 0, -19, -4, 0,
    8, -6, 0, 0, -19, -8, 4, -12,
    0, -5, 0, -25, -9, -21, -10, 2,
    -27, 0, 0, 6, 1, 0, 0, 0,
    0, 0, 0, 0, 0, 0, 0, 0,
    -7, 0, -12, -8, 0, -6, 4, 0,
    0, 0, 0, 0, 0, 0, 0, 0,
    0, 0, 0, 0, 0, 0, -6, 0,
    -10, 0, 0, 0, -6, 0, 0, -4,
    0, -10, 0, -11, -3, -8, -17, 0,
    0, -25, 0, 0, 0, 0, -1, -1,
    0, 0, 0, 0, 0, 0, -2, 0,
    -3, -3, -5, -3, 0, 0, 0, 0,
    0, 0, 0, 0, 0, 0, 0, 0,
    0, 0, -4, 0, 0, -4, -8, 0,
    0, -4, -3, -5, 0, 0, 0, 0,
    0, 0, 0, -8, -4, 0, 0, -17,
    0, 0, 0, 0, 0, 0, 0, 0,
    0, 0, 0, 0, 0, 0, 0, 0,
    0, 0, 0, 0, 0, 0, 0, 0,
    0, 0, 0, 0, 0, 0, 0, -4,
    0, 0, -15, 6, -17, 0, 0, 0,
    -14, 0, 0, -12, 0, -10, 0, -12,
    -9, -12, -18, -10, 0, 0, 0, 0,
    0, 0, 0, 0, 0, 0, 0, 0,
    0, 0, 0, 0, 0, 0, 0, 0,
    0, 0, 0, 0, 0, 0, 0, 0,
    0, 0, 0, 0, 0, 0, -6, 0,
    0, 0, 0, 0, 0, -4, 0, 0,
    0, -8, 0, 0, 0, 0, 0, 0,
    0, 0, 0, 0, 0, 0, -4, -4,
    0, -2, 0, 0, 0, 0, 0, 0,
    0, 0, 0, 0, 0, 0, 0, 0,
    0, 0, 0, 0, 0, 0, 0, 0,
    0, 0, 0, 2, -15, 6, -38, 0,
    -33, 0, 0, -12, -33, -12, 0, -29,
    0, 0, 0, 0, 0, 0, 0, 0,
    0, -54, -15, 0, -12, -13, -3, -17,
    0, -4, 0, -12, -12, -15, -6, -10,
    -8, -6, -15, -8, -10, 0, 0, 0,
    0, 0, 0, 0, 0, 0, 0, 0,
    0, -4, 0, 0, 0, 4, 0, 0,
    0, 0, 0, 0, 0, -5, 0, -15,
    0, -12, -5, -4, -17, 0, 0, 0,
    0, 0, 0, 0, 0, 0, 0, 0,
    0, 0, 0, 0, 0, 0, 0, 0,
    0, 0, 0, 0, 0, 0, 0, 0,
    0, 0, 0, 0, 0, 0, 0, 0,
    0, 0, 0, -12, 0, 0, 0, -8,
    0, 0, 0, 0, 0, -2, 0, 0,
    0, 0, 0, 0, 0, 0, 0, 0,
    -2, -2, 0, 0, 0, 0, 0, 0,
    0, -2, 0, 0, -2, 0, 0, -2,
    0, 0, 0, 0, 0, 0, 0, 0,
    0, 0, 0, 0, 0, 0, 0, 0,
    -10, 0, -13, 0, 0, 0, -8, 0,
    0, -5, 0, 0, 0, 0, 0, -6,
    0, 0, 0, -33, 0, 0, 0, 0,
    0, 0, 0, 0, 0, 0, 0, 0,
    0, 0, 0, 0, 0, 0, 0, 0,
    0, 0, 0, 0, 0, 0, 0, 0,
    0, 0, 0, -4, -12, 4, 4, -17,
    0, 0, 0, -15, 0, -15, 0, -8,
    -4, -10, 0, -10, -4, 0, -8, 0,
    0, 0, -4, 0, -10, -10, -8, -4,
    0, 0, -4, -4, -4, 0, -12, -8,
    -8, -8, -2, -8, 4, 0, 0, 0,
    0, 0, 0, 0, 0, 0, 0, 0,
    0, -35, -2, 0, 8, -13, 4, 0,
    -23, -4, 7, -15, 0, 0, 0, -28,
    -13, -28, -16, 0, -34, 0, 0, 8,
    2, 0, -4, -3, 0, 0, 0, 0,
    0, 0, 0, 0, -8, -2, -19, -12,
    4, -13, 4, 0, 0, 0, 0, 0,
    0, 0, 0, 0, 0, 0, 0, -4,
    -2, 0, -15, 6, -17, 0, 0, 0,
    -12, 0, 0, -12, -2, -10, 0, -12,
    -9, -12, -19, -7, 0, -38, 0, 0,
    0, 0, 0, 0, 0, 0, 0, 0,
    0, 0, 0, 0, 0, 0, 0, 0,
    0, 0, 0, 0, 0, 0, 0, 0,
    0, 0, 0, 0, 0, 2, -12, 0,
    -38, 0, -35, 0, 0, -4, -28, 0,
    0, -27, -4, 0, 0, -2, -4, -13,
    -10, -10, 0, -58, -6, 0, -8, -8,
    0, -12, 0, 0, 0, -4, -6, -6,
    0, 0, 0, 2, -6, 0, 0, 0,
    0, 0, 0, 0, 0, 0, 0, 0,
    0, 0, 0, 0, -10, 0, 0, -6,
    -8, 0, 0, -8, 0, -4, 0, -13,
    0, -9, -5, -12, -5, 0, -15, 0,
    0, 0, -4, 0, -6, -6, 0, -10,
    0, 0, 0, 0, 0, 0, 0, 0,
    0, 0, 0, -2, 0, 0, 0, 0,
    0, 0, 0, 0, 0, 0, 0, 0,
    0, 0, -4, 0, 0, 6, -13, 0,
    0, -4, 0, 0, 0, 0, -5, -9,
    0, -7, -7, 0, -15, 0, 0, -23,
    0, 0, 0, 0, 0, 0, 0, 0,
    0, 0, 0, 0, -2, 0, 0, 0,
    0, 0, 0, 0, 0, 0, 0, 0,
    0, 0, 0, 0, 0, 0, 0, 6,
    -12, 8, -27, -17, -38, -15, 0, -12,
    -25, -10, -2, -21, -5, 6, 0, 1,
    1, 0, 1, 0, 0, -31, -27, 0,
    -25, -25, -6, -31, 0, 0, 0, -17,
    -17, -27, 0, -17, -10, -13, -13, -12,
    -19, 0, 0, 0, 0, 0, 0, 0,
    0, 0, 0, 0, 0, 0, -4, 0,
    -13, 0, -15, 0, 0, 0, -10, 0,
    0, -6, 0, 0, 0, 0, 0, 0,
    0, 0, 0, -27, 0, 0, 0, 0,
    0, -4, 0, 0, 0, 0, 0, 0,
    0, 0, 0, 0, 0, 0, 0, 0,
    0, 0, 0, 0, 0, 0, 0, 0,
    0, 0, 0, 4, -13, 8, -23, -10,
    -25, -12, 6, -12, -21, -12, 0, -21,
    -12, 1, 0, 2, 1, 0, 0, -2,
    0, -31, -15, 0, -13, -13, 0, -15,
    0, -2, 0, -8, -8, -10, 0, -10,
    -4, -4, -4, -2, -6, 0, 0, 0,
    0, 0, 0, 0, 0, 0, 0, 0,
    0, 6, -13, 4, -15, -4, -19, 0,
    0, -8, -11, -9, 0, -19, 0, 1,
    0, 1, 1, 0, 0, -2, 0, -19,
    -12, 0, -10, -10, 0, -8, 0, -2,
    0, -4, -2, -4, 0, -2, 0, -4,
    -4, 0, -4, 0, 0, 0, 0, 0,
    0, 0, 0, 0, 0, 0, 0, 0,
    -10, 0, 4, -12, 0, -6, -4, -12,
    2, -12, 0, -8, 0, 0, 0, 0,
    0, 0, 0, 0, 0, 8, -2, 0,
    -8, -8, 0, 0, 0, 0, 0, 0,
    0, -4, -8, -8, -6, -8, 0, -4,
    4, 0, 0, 0, 0, 0, 0, 0,
    0, 0, 0, 0, 0, 2, -21, 8,
    -27, -19, -35, -19, 0, -15, -27, -19,
    0, -27, -17, 1, 0, 0, 0, 0,
    0, 0, 0, -35, -25, -4, -23, -23,
    -10, -23, -4, -12, 0, -17, -19, -23,
    -10, -15, -13, -15, -15, -13, -19, 0,
    0, 0, 0, 0, 0, 0, 0, 0,
    0, 0, 0, 2, -4, 4, 12, -15,
    0, 0, 0, -6, 0, -7, 0, -3,
    0, 0, 0, -3, -2, 0, -4, 0,
    0, 6, 0, 0, -2, -2, 0, 0,
    0, 0, 0, 0, 0, 0, -4, -2,
    0, 0, 0, -2, 0, 0, 0, 0,
    0, 0, 0, 0, 0, 0, 0, 0,
    0, 0, 0, 0, 0, 0, 0, 0,
    0, 0, 0, 0, 0, 0, 0, 0,
    0, 0, 0, 0, 0, 0, 0, 0,
    0, 0, 0, 0, 0, 0, 0, 4,
    0, 0, 0, 0, 0, 0, 0, 0,
    0, 0, 0, 0, 0, 0, 0, 0,
    0, 0, 0, 0, 0, 0, 0, 0,
    0, 0, 0, 0, 0, 0, 0, 0,
    6, -38, 0, -19, -23, -31, -27, -31,
    -19, 8, -35, 10, 0, 0, -12, 0,
    -23, -19, -10, 10, 0, 21, -21, 0,
    4, -15, -25, -13, -27, -19, 8, -6,
    2, 0, 0, 0, 0, 0, 0, 0,
    0, 0, 0, 0, 0, -6, 0, 0,
    4, -2, 8, 0, 0, 0, 3, 0,
    0, 0, 0, -27, 0, -12, -4, 0,
    -17, 2, 0, 4, 0, 0, 0, 0,
    0, 0, 0, 0, 0, 0, 0, 0,
    -2, 0, -4, -2, 0, -3, 0, 0,
    0, 0, 0, 0, 0, 0, 0, 0,
    0, 0, 0, -8, 0, 0, -6, 4,
    0, 0, 0, 0, 0, 0, -2, 0,
    0, -25, 0, -13, -10, -8, -23, -2,
    0, -19, 0, 0, 0, 0, -2, 0,
    0, 0, 0, 0, 0, 0, -2, 0,
    -3, -4, -6, -4, -3, 0, 0, 0,
    0, 0, 0, 0, 0, 0, 0, 0,
    0, 0, 0, 0, 0, 0, -2, 0,
    0, 0, 3, 0, 0, 2, 0, -18,
    0, -10, -4, 0, -20, 2, 0, -15,
    0, 0, -2, -2, 0, 0, 0, 0,
    0, 0, 0, 0, 0, 0, 0, 0,
    0, 0, 0, 0, 0, 0, 0, 0,
    0, 0, 0, 0, 0, 0, 0, -8,
    0, 0, -6, 4, 0, 0, 0, 0,
    0, 0, -2, 0, -4, -25, 0, -13,
    -8, -8, -23, -2, 0, -23, 0, 0,
    0, 0, 0, 0, 0, 0, 0, 0,
    0, 0, 0, 0, -4, -2, -6, -3,
    -2, 0, 0, 0, 0, 0, 0, 0,
    0, 0, 0, 0, 8, 12, -6, 10,
    -12, 0, -8, 0, 12, 0, -2, 6,
    0, -9, 0, 10, 0, 13, 10, 5,
    12, 1, 6, -24, 0, 0, -2, -2,
    2, -2, 5, 0, 0, 0, 0, 0,
    0, 0, 4, 0, 0, 4, 0, 0,
    0, 0, 0, 0, 0, 0, 0, 0,
    0, 0, 0, 2, -2, 10, 2, 0,
    9, 0, 0, 0, 10, 0, 0, -3,
    0, -3, 0, -3, 0, 4, -3, 4,
    5, 22, -1, 0, -2, -2, 0, 3,
    0, 11, 0, 0, 0, 0, 0, -2,
    0, 0, 0, 2, 0, 0, 0, 0,
    0, 0, 0, 0, 0, 0, 0, 0,
    0, -6, 0, 0, 0, 0, 0, 0,
    0, 0, 0, 0, 0, 0, 0, -21,
    0, -13, -10, 0, -21, 0, 0, 0,
    0, 0, 0, 0, 0, 0, 0, 0,
    0, 0, 0, 0, 0, 0, -3, -2,
    0, -3, 0, 0, 0, 0, 0, 0,
    0, 0, 0, 0, 0, 0, 0, 0,
    0, 0, 0, 0, 0, 0, 0, 0,
    0, 0, 0, -4, 0, 0, 0, 0,
    0, 0, -4, 0, 0, 0, 0, 0,
    0, 0, 0, 0, 0, 0, 0, 0,
    0, 0, 0, 0, 0, 0, 0, 0,
    0, 0, 0, 0, 0, 0, 0, 0,
    0, 0, 0, 0, 0, 0, -4, 0,
    0, -13, 0, 0, 0, -4, 6, -5,
    0, -2, -3, -12, 0, -7, -3, 0,
    -18, 6, 0, 8, 0, 0, -10, -8,
    0, 0, 0, 0, 0, 0, 0, -4,
    -4, -4, -5, -2, 0, -2, 0, 0,
    0, 0, 0, 0, 0, 0, 0, 0,
    0, 0, 0, 0, 0, 0, 4, -4,
    0, 0, 0, 0, 9, 0, 0, 4,
    0, -5, 0, -2, 0, 6, -6, 6,
    0, 10, 0, 0, 0, 0, 0, 0,
    0, 0, -3, 0, 0, 0, -2, 0,
    -2, -2, 0, -2, 2, 0, 0, 0,
    0, 0, 0, 0, 0, 0, 0, 0,
    0, -8, 0, 0, -6, 4, 0, 0,
    0, 0, 0, 0, -2, 0, 0, -25,
    0, -13, -10, -8, -23, -2, 0, -23,
    0, 0, 0, 0, -2, 0, 0, 0,
    0, 0, 0, 0, -2, 0, -3, -4,
    -6, -4, -3, 0, 0, 0, 0, 0,
    0, 0, 0, 0, 0, 0, 0, 0,
    0, 0, 0, 0, 0, 0, 0, 0,
    0, 0, 0, 0, 0, -15, 0, -10,
    -4, 0, -12, 0, 0, 0, 0, 0,
    0, 0, 0, 0, 0, 0, 0, 0,
    0, 0, 0, 0, 0, 0, 0, 0,
    0, 0, 0, 0, 0, 0, 0, 0,
    0, 0, 0, 0, 0, 12, -8, 0,
    -31, 0, -8, 0, 0, 0, -15, 4,
    0, -9, 3, -4, 0, 0, 0, -8,
    -8, -4, 0, -31, -5, 0, -2, -2,
    3, -5, 0, 0, 0, 0, 0, 0,
    2, 0, 3, 2, 0, 3, 0, 0,
    0, 0, 0, 0, 0, 0, 0, 0,
    0, 0, 0, -4, 0, 0, -3, 0,
    0, 0, 0, 0, 1, 0, 0, -1,
    0, -25, 0, -13, 0, -9, -21, 0,
    0, -19, 0, 0, 0, 0, -1, 0,
    0, 0, 0, 0, 0, -3, -3, 0,
    -5, -4, -7, -3, -4, 0, 0, 0,
    0, 0, 0, 0, 0, 0, 0, 0,
    0, 0, -4, 0, 0, -4, 0, 0,
    0, 0, 2, 0, 0, 0, 0, -9,
    0, 0, 0, 0, -8, 0, 0, 8,
    0, 0, -2, -2, 0, 0, 0, 0,
    0, 0, 0, 0, -2, 0, 0, 0,
    0, 0, 0, 0, 0, 0, 0, 0,
    0, 0, 0, 0, 0, 0, 0, 0,
    0, 0, 0, 0, 0, 0, 0, 0,
    0, 0, 0, 0, 0, -17, 0, -10,
    -4, 0, -19, 0, 0, 0, 0, 0,
    0, 0, 0, 0, 0, 0, 0, 0,
    0, 0, 0, 0, 0, 0, 0, 0,
    0, 0, 0, 0, 0, 0, 0, 0,
    0, 0, 0, 0, 0, 10, -8, 0,
    -18, -2, -6, 0, 0, 0, -12, 0,
    -2, -12, 0, -10, 0, -4, 0, 0,
    -13, 0, 0, -27, -3, 0, -3, -3,
    2, -5, 0, 0, 0, 0, 0, -1,
    0, 0, 0, 0, 0, 0, -2, 0,
    0, 0, 0, 0, 0, 0, 0, 0,
    0, 0, 0, 8, -8, 0, -15, -2,
    0, 0, 0, -4, -8, 0, 0, -12,
    0, -13, 0, -4, -4, 0, -15, 0,
    0, -19, -5, 0, -4, -4, 0, -7,
    0, 0, 0, 0, 0, -2, 0, 0,
    0, 0, 0, 0, 0, 0, 0, 0,
    0, 0, 0, 0, 0, 0, 0, 0,
    0, 0, -12, 0, 0, -13, 0, 0,
    0, -8, 0, 0, 0, -6, 0, -13,
    0, -4, -4, 0, -15, 0, 0, 8,
    0, 0, -6, -6, 0, 0, 0, 0,
    0, 0, 0, -2, 0, 0, 0, 0,
    0, 0, 0, 0, 0, 0, 0, 0,
    0, 0, 0, 0, 0, 0, 0, 8,
    -12, 0, -17, -2, -2, 0, 0, -4,
    -6, 0, -2, -12, 0, -12, 0, -4,
    0, 0, -13, 0, 0, -31, -5, 0,
    -3, -3, 3, -8, 0, 0, 0, 0,
    0, -3, 0, 0, 0, 0, 0, 0,
    -2, 0, 0, 0, 0, 0, 0, 0,
    0, 0, 0, 0, 0, 2, -4, 0,
    4, -8, 0, 0, 0, -4, 4, 0,
    0, 0, 0, -13, 0, -4, -2, 4,
    -12, 0, 0, 2, 0, 0, -5, -4,
    0, 0, 0, 0, 0, 0, 0, 0,
    0, 0, 0, 0, 0, 0, 0, 0,
    0, 0, 0, 0, 0, 0, 0, 0,
    0, 0, 0, 0, 0, 0, 0, 0,
    0, 0, 0, 0, 0, 0, 0, 0,
    0, 0, 0, 0, 0, 0, 0, 0,
    0, 0, 0, 0, 0, 0, 0, 0,
    0, 0, 0, 0, 0, 0, 0, 0,
    0, 0, 0, 0, 0, 0, 0, 0,
    0, 0, 0, 65, 0, 0, 65, 0,
    0, 0, 0, 0, 0, 0, 0, 0,
    0, 0, 0, 0, 0, 0, 0, 0,
    0, 0, 0, 0, 0, 0, 0, 0,
    0, 0, 0, 0, 0, 0, 0, 0,
    0, 0, 0, 0, 0, 0, 0, 0,
    0, 0, 0, 0, 0, 0, 0, 0,
    0, 58, 0, 0, 50, 0, 0, 0,
    0, 0, 0, 0, 0, 0, 0, 0,
    0, 0, 0, 0, 0, 0, 0, 0,
    0, 0, 0, 0, 0, 0, 0, 0,
    0, 0, 0, 0, 0, 0, 0, 0,
    0, 0, 0, 0, 0, 0, 0, 0,
    0, 0, 0, 0, 0, 0, 0, 0,
    0, 0, 0, 15, 0, 0, 0, 0,
    0, 0, 0, 0, 0, 0, 0, 0,
    0, 0, 0, 0, 0, 0, 0, 0,
    0, 0, 0, 0, 0, 0, 0, 0,
    0, 0, 0, 0, 0, 0, 0, 0,
    0, 0, 0, 0, 0, 0, 0, 0,
    0, 0, 0, 31, 84, 42, 0, 0,
    42, 0, 0, 0, 0, 0, 0, 0,
    0, 0, 0, 0, 0, 0, 0, 0,
    0, 0, 0, 0, 0, 0, 0, 0,
    0, 0, 0, 0, 0, 0, 0, 0,
    0, 0, 0, 0, 0, 0, 0, 0,
    0, 0, 0, 0, 0, 0, 0, 0,
    0, 31, 84, 46, 0, 0, 46, 0,
    0, 0, 0, 0, 0, 0, 0, 0,
    0, 0, 0, 0, 0, 0, 0, 0,
    0, 0, 0, 0, 0, 0, 0, 0,
    0, 0, 0, 0, 0, 0, 0, 0,
    0, 0, 0, 0, 0, 0, 0, 0,
    0, 0, 0, 15, 12, 0, 0, 0,
    0, 0, 0, -15, 0, 46, 0, 0,
    0, 0, 0, 0, 0, 0, 0, 0,
    0, 0, 0, 0, 0, 0, 0, 0,
    0, 0, 0, 0, 0, 0, 0, 0,
    0, 0, 0, 0, 0, 0, 0, 0,
    0, 0, 0, 0, 0, 0, 0, 0,
    0, 0, 0, 0, -19, 0, 0, 0,
    0, 0, 0, 0, 0, 0, 0, 0,
    0, 0, 0, 0, 0, 0, 0, 0,
    0, 0, 0, 0, 0, 0, 0, 0,
    0, 0, 0, 0, 0, 0, 0, 0,
    0, 0, 0, 0, 0, 0, 0, 0,
    0, 0, 0, 0, 0, 0, 0, 0,
    0, -19, 0, 0, 0, 0, 0, 0,
    0, 0, 0, 0, 0, 0, 0, 0,
    0, 0, 0, 0, 0, 0, 0, 0,
    0, 0, 0, 0, 0, 0, 0, 0,
    0, 0, 0, 0, 0, 0, 0, 0,
    0, 0, 0, 0, 0, 0, 0, 0,
    0, 0, 0, 0, 0, 0, 0, 0,
    0, 0, 0, 0, 12, 0, 0, 0,
    0, 0, 0, 0, 0, 0, 0, 0,
    0, 0, 0, 0, 0, 0, 0, 0,
    0, 0, 0, 0, 0, 0, 0, 0,
    0, 0, 0, 0, 0, 0, 0, 0,
    0, 0, 0, 0, 0, 0, 0, 0,
    0, 0, 0, 0, 0, 0, 0, 0,
    0, 38, 0, 0, 38, 0, 0, 0,
    0, 0, 0, 0, 0, 0, 0, 0,
    0, 0, 0, 0, 0, 0, 0, 0,
    0, 0, 0, 0, 0, 0, 0, 0,
    0, 0, 0, 0, 0, 0, 0, 0,
    0, 0, 0, 0, 0, 0, 0, 0,
    0, 0, 0, 0, 0, 0, 0, 23,
    0, 0, 23, 0, 0, 0, 0, 0,
    0, 0, 0, 0, 0, 0, 0, 0,
    0, 0, 0, 0, 0, 0, 0, 0,
    0, 0, 0, 0, 0, 0, 0, 0,
    0, 0, 0, 0, 0, 0, 0, 0,
    0, 0, 0, 0, 0, 0, 0, 0,
    0, 0, 0, 0, 0, 27, 0, 0,
    27, 0, 0, 0, 0, 0, 0, 0,
    0, 0, 0, 0, 0, 0, 0, 0,
    0, 0, 0, 0, 0, 0, 0, 0,
    0, 0, 0, 0, 0, 0, 0, 0,
    0, 0, 0, 0, 0, 0, 0, 0,
    0, 0, 0, 0, 0, 0, 0, 0,
    0, 0, 0, 50, 0, 0, 50, 0,
    0, 0, 0, 0, 0, 0, 0, 0,
    0, 0, 0, 0, 0, 0, 0, 0,
    0, 0, 0, 0, 0, 0, 0, 0,
    0, 0, 0, 0, 0, 0, 0, 0,
    0, 0, 0, 0, 0, 0, 0, 0,
    0, 0, 0, 0, 0, 0, 0, 0,
    0, 58, 0, 0, 58, 0, 0, 0,
    0, 0, 0, 0, 0, 0, 0, 0,
    0, 0, 0, 0, 0, 0, 0, 0,
    0, 0, 0, 0, 0, 0, 0, 0,
    0, 0, 0, 0, 0, 0, 0, 0,
    0, 0, 0, 0, 0, 0, 0, 0,
    0, 0, 0, 0, 0, 0, 0, 42,
    0, 0, 42, 0, 0, 0, 0, 0,
    0, 0, 0, 0, 0, 0, 0, 0,
    0, 0, 0, 0, 0, 0, 0, 0,
    0, 0, 0, 0, 0, 0, 0, 0,
    0, 0, 0, 0, 0, 0, 0, 0,
    0, 0, 0, 0, 0, 0, 0, 0,
    0, 0, 0, 0, 0, 46, 0, 0,
    46, 0
};


/*Collect the kern class' data in one place*/
static const lv_font_fmt_txt_kern_classes_t kern_classes =
{
    .class_pair_values   = kern_class_values,
    .left_class_mapping  = kern_left_class_mapping,
    .right_class_mapping = kern_right_class_mapping,
    .left_class_cnt      = 71,
    .right_class_cnt     = 54,
};

/*--------------------
 *  ALL CUSTOM DATA
 *--------------------*/

#if LVGL_VERSION_MAJOR == 8
/*Store all the custom data of the font*/
static  lv_font_fmt_txt_glyph_cache_t cache;
#endif

#if LVGL_VERSION_MAJOR >= 8
static const lv_font_fmt_txt_dsc_t font_dsc = {
#else
static lv_font_fmt_txt_dsc_t font_dsc = {
#endif
    .glyph_bitmap = glyph_bitmap,
    .glyph_dsc = glyph_dsc,
    .cmaps = cmaps,
    .kern_dsc = &kern_classes,
    .kern_scale = 16,
    .cmap_num = 7,
    .bpp = 2,
    .kern_classes = 1,
    .bitmap_format = 0,
#if LVGL_VERSION_MAJOR == 8
    .cache = &cache
#endif
};



/*-----------------
 *  PUBLIC FONT
 *----------------*/

/*Initialize a public general font descriptor*/
#if LVGL_VERSION_MAJOR >= 8
const lv_font_t tajawal_bold_24 = {
#else
lv_font_t tajawal_bold_24 = {
#endif
    .get_glyph_dsc = lv_font_get_glyph_dsc_fmt_txt,    /*Function pointer to get glyph's data*/
    .get_glyph_bitmap = lv_font_get_bitmap_fmt_txt,    /*Function pointer to get glyph's bitmap*/
    .line_height = 43,          /*The maximum line height required by the font*/
    .base_line = 15,             /*Baseline measured from the bottom of the line*/
#if !(LVGL_VERSION_MAJOR == 6 && LVGL_VERSION_MINOR == 0)
    .subpx = LV_FONT_SUBPX_NONE,
#endif
#if LV_VERSION_CHECK(7, 4, 0) || LVGL_VERSION_MAJOR >= 8
    .underline_position = -2,
    .underline_thickness = 2,
#endif
    .dsc = &font_dsc,          /*The custom font data. Will be accessed by `get_glyph_bitmap/dsc` */
#if LV_VERSION_CHECK(8, 2, 0) || LVGL_VERSION_MAJOR >= 9
    .fallback = NULL,
#endif
    .user_data = NULL,
};



#endif /*#if TAJAWAL_BOLD_24*/

