#include <lvgl.h>

static const uint8_t emoji_knock_map[] = {
0x00,0x00,0x00,0x00,0x00,0x00,0x00,0x00,0x00,0x00,0x00,0x00,0x00,0x00,0x00,0x00,
0x00,0x00,0x00,0x00,0x00,0x00,0x00,0x00,0x00,0x00,0x00,0x00,0x00,0x00,0x00,0x00,
0x00,0x00,0x00,0x00,0x00,0x00,0x00,0x00,0x00,0x00,0x00,0x00,0x00,0x00,0x00,0x00,
0x00,0x00,0x00,0x00,0x00,0x00,0x00,0x00,0x00,0x00,0x00,0x00,0x00,0x00,0x00,0x00,
0x00,0x00,0x00,0x00,0x00,0x00,0x00,0x00,0x00,0x00,0x00,0x00,0x00,0x00,0x00,0x00,
0x00,0x00,0x00,0x00,0x00,0x00,0x00,0x00,0xff,0xff,0xff,0x01,0x7f,0xff,0xff,0x02,
0x7f,0xff,0xff,0x02,0x7f,0xff,0xff,0x02,0x7f,0x7f,0xff,0x02,0x00,0xff,0xff,0x01,
0x00,0x00,0x00,0x00,0x00,0x00,0x00,0x00,0x00,0x00,0x00,0x00,0x00,0x00,0x00,0x00,
0x00,0x00,0x00,0x00,0x7f,0x7f,0x7f,0x02,0x00,0x00,0x00,0x00,0x00,0x00,0x00,0x00,
0x38,0x55,0xaa,0x09,0x83,0xa3,0xd3,0x46,0x8e,0xb0,0xd9,0x88,0x9c,0xbe,0xe1,0xa6,
0x9a,0xbb,0xe0,0xad,0x97,0xb7,0xde,0xa5,0x94,0xb5,0xdc,0x84,0x97,0xb5,0xdc,0x3b,
0x00,0x55,0xaa,0x03,0x00,0x00,0x00,0x00,0x00,0x00,0x00,0x00,0xff,0xff,0xff,0x01,
0x00,0x00,0x00,0x00,0x00,0x00,0x00,0x00,0x00,0x00,0x00,0x00,0x7f,0xff,0xff,0x02,
0xff,0xff,0xff,0x01,0x00,0x00,0x00,0x00,0x00,0x00,0x00,0x00,0x00,0x00,0x00,0x00,
0x00,0x00,0x00,0x00,0x00,0x00,0x00,0x00,0x00,0x00,0x00,0x00,0x00,0x00,0x00,0x00,
0x00,0x00,0x00,0x00,0xff,0xff,0xff,0x02,0x7f,0x7f,0x7f,0x02,0x00,0x00,0x00,0x00,
0x00,0x00,0x00,0x00,0x00,0x00,0x00,0x00,0x00,0x00,0x00,0x00,0x00,0x00,0x00,0x00,
0x00,0x00,0x00,0x00,0x00,0x00,0x00,0x00,0x00,0x00,0x00,0x00,0x00,0x00,0x00,0x00,
0x00,0x00,0x00,0x00,0x00,0x00,0x00,0x00,0x00,0x00,0x00,0x00,0x00,0x00,0x00,0x00,
0x00,0x00,0x00,0x00,0x00,0x00,0x00,0x00,0x00,0x00,0x00,0x00,0x00,0x00,0x00,0x00,
0x00,0x00,0x00,0x00,0x00,0x00,0x00,0x00,0x00,0x00,0x00,0x00,0x00,0x00,0x00,0x00,
0x00,0x00,0x00,0x00,0x00,0x00,0x00,0x00,0x00,0x00,0x00,0x00,0x00,0x00,0x00,0x00,
0x00,0x00,0x00,0x00,0x00,0x00,0xff,0x01,0x7f,0xff,0xff,0x02,0x7f,0xff,0xff,0x02,
0x00,0x00,0x00,0x00,0x00,0x00,0x00,0x00,0x00,0x00,0x00,0x00,0x00,0x00,0x00,0x00,
0x00,0x00,0x00,0x00,0x00,0x00,0x00,0x00,0xaa,0xaa,0xaa,0x03,0xff,0xff,0xff,0x01,
0x00,0x00,0x00,0x00,0x00,0x00,0x00,0x00,0xff,0xff,0xff,0x01,0x00,0x00,0x00,0x00,
0x48,0x6d,0xb6,0x07,0x91,0xb3,0xda,0x69,0x9f,0xbf,0xe2,0xc6,0xa6,0xc6,0xe6,0xf3,
0xb0,0xd1,0xf1,0xff,0xb3,0xd3,0xf2,0xff,0xb5,0xd4,0xf3,0xff,0xb3,0xd3,0xf3,0xff,
0xb1,0xd0,0xf0,0xff,0xa9,0xc8,0xe9,0xee,0xa4,0xc5,0xe7,0xba,0x97,0xba,0xde,0x56,
0x00,0x00,0x7f,0x02,0x00,0x00,0x00,0x00,0xff,0xff,0xff,0x01,0x00,0x00,0x00,0x00,
0x7f,0xff,0xff,0x02,0x00,0x00,0x00,0x00,0x00,0x00,0x00,0x00,0x89,0xac,0xd5,0x25,
0x93,0xb7,0xde,0x55,0x96,0xb7,0xdd,0x7a,0x96,0xb7,0xdc,0x8e,0x93,0xb6,0xdc,0x8c,
0x8d,0xad,0xd8,0x77,0x81,0xa2,0xd0,0x4d,0x5b,0x7a,0xb7,0x19,0x00,0x00,0x00,0x00,
0x00,0x00,0x00,0x00,0x7f,0x7f,0xff,0x02,0x00,0x00,0x00,0x00,0x00,0x00,0x00,0x00,
0x00,0x00,0x00,0x00,0x00,0x00,0x00,0x00,0x00,0x00,0x00,0x00,0x00,0x00,0x00,0x00,
0x00,0x00,0x00,0x00,0x00,0x00,0x00,0x00,0x00,0x00,0x00,0x00,0x00,0x00,0x00,0x00,
0x00,0x00,0x00,0x00,0x00,0x00,0x00,0x00,0x00,0x00,0x00,0x00,0x00,0x00,0x00,0x00,
0x00,0x00,0x00,0x00,0x00,0x00,0x00,0x00,0x00,0x00,0x00,0x00,0x00,0x00,0x00,0x00,
0x00,0x00,0x00,0x00,0x00,0x00,0x00,0x00,0x00,0x00,0x00,0x00,0x00,0x00,0x00,0x00,
0x00,0x00,0x00,0x00,0x00,0x00,0x00,0x00,0x7f,0x7f,0xff,0x02,0x00,0x00,0x00,0x00,
0x00,0x00,0x00,0x00,0x00,0x00,0x00,0x00,0x71,0x9b,0xc6,0x12,0x97,0xba,0xdc,0x25,
0x9c,0xbf,0xe7,0x2c,0x97,0xb6,0xe0,0x2a,0x8c,0xaf,0xdb,0x1d,0x55,0x55,0xaa,0x03,
0x00,0x00,0x00,0x00,0x00,0x00,0x00,0x00,0x7f,0x7f,0xff,0x02,0xff,0xff,0xff,0x01,
0x00,0x00,0x00,0x00,0x88,0xaa,0xd4,0x1e,0x99,0xb9,0xe1,0xb4,0xaf,0xd1,0xf3,0xff,
0xbb,0xdc,0xf9,0xff,0xbb,0xda,0xf4,0xff,0xbc,0xda,0xf3,0xfe,0xbd,0xdb,0xf4,0xfe,
0xbe,0xdc,0xf4,0xfe,0xbe,0xdc,0xf4,0xfe,0xbd,0xdb,0xf3,0xfe,0xbd,0xdc,0xf6,0xff,
0xbe,0xdd,0xfb,0xff,0xb0,0xd1,0xf1,0xff,0x9a,0xba,0xe0,0xa8,0x78,0x93,0xc9,0x13,
0x00,0x00,0x00,0x00,0x7f,0x7f,0xff,0x02,0x00,0x00,0x00,0x00,0x85,0xa3,0xd1,0x3d,
0x99,0xbb,0xe2,0xa9,0xa1,0xc2,0xe6,0xeb,0xad,0xcf,0xf0,0xff,0xb5,0xd6,0xf6,0xff,
0xb8,0xd9,0xf8,0xff,0xb8,0xd9,0xf9,0xff,0xb6,0xd7,0xf7,0xff,0xab,0xcc,0xed,0xff,
0x9f,0xc0,0xe4,0xde,0x92,0xb3,0xdc,0x92,0x67,0x87,0xbf,0x20,0x00,0x00,0x00,0x00,
0x7f,0x7f,0xff,0x02,0x00,0x00,0x00,0x00,0x00,0x00,0x00,0x00,0x00,0x00,0x00,0x00,
0x00,0x00,0x00,0x00,0x00,0x00,0x00,0x00,0x00,0x00,0x00,0x00,0x00,0x00,0x00,0x00,
0x00,0x00,0x00,0x00,0x00,0x00,0x00,0x00,0x00,0x00,0x00,0x00,0x00,0x00,0x00,0x00,
0x00,0x00,0x00,0x00,0x00,0x00,0x00,0x00,0x00,0x00,0x00,0x00,0x00,0x00,0x00,0x00,
0x00,0x00,0x00,0x00,0x00,0x00,0x00,0x00,0x00,0x00,0x00,0x00,0x00,0x00,0x00,0x00,
0x00,0x00,0x00,0x00,0x00,0x00,0x00,0x00,0x00,0x00,0x00,0x00,0x7f,0x7f,0xff,0x02,
0x00,0x00,0x00,0x00,0x00,0x3f,0x7f,0x04,0x8f,0xae,0xd8,0x49,0x9f,0xc0,0xe3,0x9b,
0xa7,0xc7,0xe7,0xce,0xab,0xcb,0xea,0xe7,0xac,0xcb,0xea,0xf2,0xac,0xcc,0xea,0xee,
0xa9,0xc8,0xe7,0xdd,0xa7,0xc7,0xe7,0xb8,0xa5,0xc5,0xe6,0x6a,0x91,0xb6,0xda,0x0e,
0x00,0x00,0x00,0x00,0x7f,0xff,0xff,0x02,0x4e,0x75,0xb0,0x0d,0x90,0xb1,0xd8,0xc2,
0xb2,0xd4,0xf6,0xff,0xb6,0xd5,0xf0,0xfb,0xbc,0xda,0xf3,0xfd,0xbf,0xdd,0xf5,0xfe,
0xc1,0xdf,0xf6,0xff,0xc2,0xdf,0xf6,0xff,0xc2,0xe0,0xf6,0xff,0xc2,0xe0,0xf6,0xff,
0xc2,0xdf,0xf6,0xff,0xc1,0xde,0xf5,0xfe,0xc0,0xdd,0xf5,0xfc,0xbc,0xda,0xf3,0xfd,
0xb7,0xd8,0xfa,0xff,0x97,0xb7,0xdc,0xac,0x66,0x99,0xcc,0x05,0x00,0x00,0x00,0x00,
0x8b,0xad,0xd6,0x71,0x9d,0xbd,0xe3,0xf2,0xb2,0xd4,0xf6,0xff,0xb6,0xd5,0xf2,0xff,
0xb8,0xd6,0xf1,0xfd,0xbb,0xd9,0xf2,0xfd,0xbd,0xdb,0xf4,0xfc,0xbd,0xda,0xf3,0xfd,
0xbc,0xda,0xf3,0xfd,0xbb,0xd9,0xf3,0xfe,0xbc,0xdb,0xf7,0xff,0xb9,0xd9,0xfa,0xff,
0x9d,0xbd,0xe3,0xdb,0x76,0x99,0xca,0x3a,0x00,0x00,0x00,0x00,0xff,0xff,0xff,0x01,
0x00,0x00,0x00,0x00,0x00,0x00,0x00,0x00,0x00,0x00,0x00,0x00,0x00,0x00,0x00,0x00,
0x00,0x00,0x00,0x00,0x00,0x00,0x00,0x00,0x00,0x00,0x00,0x00,0x00,0x00,0x00,0x00,
0x00,0x00,0x00,0x00,0xff,0xff,0xff,0x01,0xaa,0xaa,0xaa,0x03,0xaa,0xaa,0xff,0x03,
0xaa,0xff,0xff,0x03,0xaa,0xff,0xff,0x03,0xaa,0xaa,0xff,0x03,0x7f,0x7f,0xff,0x02,
0x00,0xff,0xff,0x01,0x00,0x00,0x00,0x00,0x00,0x00,0x00,0x00,0x00,0x00,0x00,0x00,
0x7f,0x7f,0xff,0x02,0x00,0x00,0x00,0x00,0x87,0xa6,0xd0,0x31,0x9c,0xbc,0xe1,0xb7,
0xaa,0xca,0xea,0xff,0xbb,0xdc,0xfa,0xff,0xbe,0xde,0xf9,0xff,0xbe,0xdd,0xf7,0xff,
0xbe,0xdc,0xf6,0xff,0xbf,0xde,0xf7,0xff,0xc0,0xdf,0xf9,0xff,0xbf,0xdf,0xfb,0xff,
0xba,0xdb,0xf9,0xff,0xa5,0xc5,0xe6,0xc8,0x8c,0xaf,0xd7,0x33,0x00,0x00,0x00,0x00,
0x81,0xa3,0xd1,0x80,0xa4,0xc6,0xed,0xff,0xb1,0xd1,0xed,0xfb,0xba,0xd9,0xf2,0xff,
0xc0,0xdd,0xf5,0xff,0xc2,0xdf,0xf6,0xff,0xc4,0xe1,0xf6,0xff,0xc3,0xe1,0xf6,0xff,
0xc4,0xe1,0xf6,0xff,0xc4,0xe1,0xf6,0xff,0xc4,0xe1,0xf6,0xff,0xc3,0xe1,0xf6,0xff,
0xc3,0xe0,0xf6,0xff,0xc0,0xde,0xf5,0xfe,0xba,0xd8,0xf2,0xfc,0xaa,0xcc,0xf0,0xff,
0x85,0xa6,0xd2,0x56,0x85,0xa7,0xd3,0x69,0xa1,0xc4,0xeb,0xff,0xac,0xcc,0xec,0xff,
0xb6,0xd4,0xef,0xfc,0xbb,0xd9,0xf3,0xfe,0xbf,0xdd,0xf5,0xff,0xc1,0xde,0xf6,0xff,
0xc1,0xdf,0xf6,0xff,0xc1,0xdf,0xf6,0xff,0xc1,0xdf,0xf6,0xff,0xc0,0xde,0xf5,0xff,
0xc0,0xdd,0xf5,0xfd,0xbc,0xda,0xf3,0xfb,0xbc,0xdc,0xfa,0xff,0x98,0xb8,0xdf,0xe0,
0x6a,0x8d,0xc6,0x24,0x00,0x00,0x00,0x00,0x7f,0x7f,0x7f,0x02,0x00,0x00,0x00,0x00,
0x00,0x00,0x00,0x00,0x00,0x00,0x00,0x00,0x00,0x00,0x00,0x00,0x00,0x00,0x00,0x00,
0x00,0x00,0x00,0x00,0xff,0xff,0xff,0x01,0x7f,0xff,0xff,0x02,0x00,0x00,0x00,0x00,
0x00,0x00,0x00,0x00,0x00,0x00,0x00,0x00,0x00,0x00,0x00,0x00,0x00,0x00,0x00,0x00,
0x00,0x00,0x00,0x00,0x00,0x00,0x00,0x00,0x00,0x00,0x00,0x00,0xaa,0xaa,0xaa,0x03,
0x00,0x00,0x00,0x01,0x7f,0x7f,0x7f,0x02,0x00,0x00,0x00,0x00,0x85,0xa6,0xd2,0x45,
0x9c,0xbd,0xe3,0xe8,0xb4,0xd5,0xf6,0xff,0xb8,0xd6,0xf1,0xfe,0xbd,0xda,0xf3,0xfc,
0xbf,0xdd,0xf5,0xfd,0xc0,0xde,0xf5,0xfe,0xc1,0xde,0xf5,0xfe,0xc1,0xde,0xf5,0xfe,
0xc2,0xdf,0xf6,0xfd,0xc1,0xdf,0xf5,0xfc,0xbf,0xdc,0xf4,0xfc,0xbd,0xdd,0xfb,0xff,
0x9c,0xbc,0xe0,0xe3,0x5a,0x7f,0xb9,0x3e,0x84,0xa6,0xd3,0xcc,0xa8,0xc9,0xed,0xfe,
0xb3,0xd2,0xed,0xfd,0xbc,0xdb,0xf4,0xff,0xc1,0xdf,0xf6,0xff,0xc3,0xe0,0xf6,0xff,
0xc4,0xe1,0xf6,0xff,0xc5,0xe1,0xf6,0xff,0xc5,0xe1,0xf6,0xff,0xc5,0xe1,0xf6,0xff,
0xc5,0xe1,0xf6,0xff,0xc5,0xe1,0xf6,0xff,0xc4,0xe1,0xf6,0xff,0xc3,0xe0,0xf6,0xff,
0xbd,0xdc,0xf4,0xfe,0xaf,0xcf,0xee,0xfe,0x81,0xa3,0xd0,0xe2,0x85,0xa7,0xd2,0xf2,
0xa6,0xc7,0xe9,0xfe,0xb1,0xd0,0xed,0xfd,0xba,0xd9,0xf3,0xff,0xc0,0xde,0xf6,0xff,
0xc2,0xdf,0xf6,0xff,0xc3,0xe0,0xf6,0xff,0xc4,0xe1,0xf6,0xff,0xc3,0xe1,0xf6,0xff,
0xc4,0xe1,0xf6,0xff,0xc3,0xe1,0xf6,0xff,0xc2,0xe0,0xf6,0xff,0xc1,0xde,0xf6,0xff,
0xbc,0xda,0xf3,0xfb,0xb5,0xd6,0xf7,0xff,0x89,0xab,0xd5,0xa1,0x00,0x00,0x00,0x01,
0x7f,0x7f,0xff,0x02,0x00,0x00,0x00,0x00,0x00,0x00,0x00,0x00,0x00,0x00,0x00,0x00,
0x00,0x00,0x00,0x00,0x00,0x00,0x00,0x00,0xff,0xff,0xff,0x02,0x00,0x00,0x00,0x00,
0x00,0x00,0x00,0x00,0x7a,0xa3,0xcc,0x19,0x92,0xb4,0xdc,0x52,0x9a,0xbc,0xe1,0x70,
0x99,0xbc,0xe0,0x7e,0x9f,0xc0,0xe2,0x76,0x95,0xb8,0xdc,0x61,0x90,0xb2,0xd8,0x35,
0x33,0x33,0x99,0x05,0x00,0x00,0x00,0x00,0xff,0xff,0xff,0x01,0xff,0xff,0xff,0x01,
0x74,0x95,0xc7,0x2e,0x8f,0xb1,0xd9,0xe9,0xaa,0xcb,0xed,0xff,0xb4,0xd3,0xef,0xfb,
0xbc,0xda,0xf3,0xff,0xc0,0xde,0xf6,0xff,0xc2,0xdf,0xf6,0xff,0xc3,0xe0,0xf6,0xff,
0xc3,0xe1,0xf6,0xff,0xc3,0xe1,0xf6,0xff,0xc3,0xe1,0xf6,0xff,0xc2,0xe0,0xf6,0xff,
0xc2,0xdf,0xf6,0xff,0xbd,0xda,0xf3,0xfc,0xb4,0xd4,0xf3,0xff,0x7f,0xa1,0xcf,0xe0,
0x74,0x96,0xc7,0xef,0xa2,0xc3,0xe6,0xff,0xb2,0xd1,0xee,0xfe,0xbe,0xdc,0xf5,0xff,
0xc2,0xe0,0xf6,0xff,0xc4,0xe1,0xf6,0xff,0xc5,0xe1,0xf6,0xff,0xc5,0xe1,0xf6,0xff,
0xc5,0xe1,0xf6,0xff,0xc5,0xe1,0xf6,0xff,0xc5,0xe1,0xf6,0xff,0xc5,0xe1,0xf6,0xff,
0xc4,0xe1,0xf6,0xff,0xc4,0xe1,0xf6,0xff,0xc1,0xde,0xf6,0xff,0xb4,0xd2,0xef,0xff,
0x88,0xaa,0xd7,0xff,0x86,0xa8,0xd4,0xff,0xa8,0xc8,0xe8,0xff,0xb3,0xd2,0xef,0xff,
0xbd,0xdb,0xf4,0xff,0xc1,0xdf,0xf6,0xff,0xc3,0xe0,0xf6,0xff,0xc4,0xe1,0xf6,0xff,
0xc4,0xe1,0xf6,0xff,0xc4,0xe1,0xf6,0xff,0xc4,0xe1,0xf6,0xff,0xc4,0xe1,0xf6,0xff,
0xc4,0xe1,0xf6,0xff,0xc2,0xe0,0xf6,0xff,0xc0,0xde,0xf5,0xfd,0xb6,0xd5,0xf2,0xfe,
0x8e,0xb0,0xd9,0xee,0x69,0x87,0xc3,0x22,0x00,0x00,0x00,0x00,0x7f,0x7f,0x7f,0x02,
0x00,0x00,0x00,0x00,0x00,0x00,0x00,0x00,0x00,0x00,0x00,0x00,0x7f,0x7f,0x7f,0x02,
0x00,0x00,0x00,0x00,0xaa,0xcc,0xe5,0x1e,0xae,0xcd,0xec,0x8c,0xad,0xcc,0xeb,0xe0,
0xb4,0xd2,0xef,0xfd,0xbc,0xdc,0xf8,0xff,0xc1,0xe1,0xfd,0xff,0xc1,0xe0,0xfc,0xff,
0xb9,0xd8,0xf3,0xff,0xb4,0xd2,0xef,0xf3,0xab,0xca,0xeb,0xc3,0x87,0xa9,0xd2,0x62,
0x00,0x00,0x00,0x03,0x00,0x00,0x00,0x00,0x75,0x96,0xc8,0xae,0x99,0xbc,0xe6,0xff,
0xa8,0xc8,0xe8,0xfb,0xb7,0xd6,0xf1,0xff,0xbe,0xdd,0xf5,0xff,0xc2,0xdf,0xf6,0xff,
0xc3,0xe1,0xf6,0xff,0xc4,0xe1,0xf6,0xff,0xc4,0xe1,0xf6,0xff,0xc5,0xe1,0xf6,0xff,
0xc5,0xe1,0xf6,0xff,0xc4,0xe1,0xf6,0xff,0xc3,0xe0,0xf6,0xff,0xbf,0xdd,0xf6,0xff,
0xb6,0xd5,0xf0,0xfe,0x9c,0xbd,0xe3,0xff,0x73,0x96,0xca,0xff,0x96,0xb6,0xdd,0xff,
0xb0,0xd0,0xed,0xff,0xbe,0xdc,0xf5,0xff,0xc3,0xe0,0xf6,0xff,0xc4,0xe1,0xf6,0xff,
0xc5,0xe1,0xf6,0xff,0xc5,0xe1,0xf6,0xff,0xc5,0xe1,0xf6,0xff,0xc5,0xe1,0xf6,0xff,
0xc5,0xe1,0xf6,0xff,0xc5,0xe1,0xf6,0xff,0xc5,0xe1,0xf6,0xff,0xc4,0xe1,0xf6,0xff,
0xc2,0xe0,0xf6,0xff,0xb8,0xd7,0xf2,0xff,0x88,0xa9,0xd4,0xfe,0x7e,0x9f,0xce,0xfe,
0xaa,0xca,0xea,0xff,0xb5,0xd4,0xf0,0xff,0xbf,0xdd,0xf5,0xff,0xc2,0xe0,0xf6,0xff,
0xc4,0xe1,0xf6,0xff,0xc4,0xe1,0xf6,0xff,0xc5,0xe1,0xf6,0xff,0xc5,0xe1,0xf6,0xff,
0xc5,0xe1,0xf6,0xff,0xc5,0xe1,0xf6,0xff,0xc5,0xe1,0xf6,0xff,0xc3,0xe1,0xf6,0xff,
0xc1,0xde,0xf6,0xff,0xb8,0xd6,0xf1,0xff,0x94,0xb6,0xdf,0xff,0x6b,0x8d,0xc1,0x53,
0x00,0x00,0x00,0x00,0x55,0xaa,0xaa,0x03,0x00,0x00,0x00,0x00,0x00,0x00,0x00,0x00,
0x7f,0xff,0xff,0x02,0x00,0x00,0x00,0x00,0xb7,0xd5,0xf2,0x3d,0xb9,0xd9,0xf4,0xda,
0xc2,0xe2,0xfe,0xff,0xc1,0xe1,0xfa,0xff,0xc2,0xdf,0xf6,0xff,0xc4,0xe1,0xf6,0xfd,
0xc4,0xe1,0xf6,0xfc,0xc4,0xe1,0xf6,0xfd,0xc3,0xe0,0xf6,0xfe,0xc3,0xe2,0xf9,0xff,
0xc4,0xe4,0xfd,0xff,0xb7,0xd8,0xf7,0xff,0x9d,0xbe,0xe2,0x9f,0x2a,0x42,0x8b,0x2a,
0x71,0x94,0xc6,0xec,0x94,0xb6,0xdf,0xfe,0xa7,0xc7,0xe7,0xfe,0xb9,0xd8,0xf2,0xff,
0xc1,0xde,0xf6,0xff,0xc3,0xe1,0xf6,0xff,0xc4,0xe1,0xf6,0xff,0xc5,0xe1,0xf6,0xff,
0xc5,0xe1,0xf6,0xff,0xc5,0xe1,0xf6,0xff,0xc5,0xe1,0xf6,0xff,0xc4,0xe1,0xf6,0xff,
0xc4,0xe1,0xf6,0xff,0xc1,0xde,0xf6,0xff,0xb8,0xd7,0xf1,0xff,0xa4,0xc4,0xe5,0xfe,
0x73,0x96,0xc8,0xfe,0x89,0xab,0xd6,0xff,0xae,0xcd,0xec,0xff,0xbe,0xdc,0xf5,0xff,
0xc3,0xe0,0xf6,0xff,0xc5,0xe1,0xf6,0xff,0xc5,0xe1,0xf6,0xff,0xc5,0xe1,0xf6,0xff,
0xc5,0xe1,0xf6,0xff,0xc5,0xe1,0xf6,0xff,0xc5,0xe1,0xf6,0xff,0xc5,0xe1,0xf6,0xff,
0xc5,0xe1,0xf6,0xff,0xc5,0xe1,0xf6,0xff,0xc3,0xe0,0xf6,0xff,0xbc,0xda,0xf3,0xff,
0x8e,0xaf,0xd9,0xff,0x79,0x9b,0xcc,0xff,0xa7,0xc7,0xe7,0xff,0xb5,0xd4,0xf0,0xff,
0xc0,0xde,0xf6,0xff,0xc3,0xe1,0xf6,0xff,0xc4,0xe1,0xf6,0xff,0xc5,0xe1,0xf6,0xff,
0xc5,0xe1,0xf6,0xff,0xc5,0xe1,0xf6,0xff,0xc5,0xe1,0xf6,0xff,0xc5,0xe1,0xf6,0xff,
0xc5,0xe1,0xf6,0xff,0xc4,0xe1,0xf6,0xff,0xc2,0xe0,0xf6,0xff,0xbb,0xd9,0xf3,0xfd,
0x9a,0xbc,0xe4,0xfe,0x6a,0x8b,0xc2,0x71,0x00,0x00,0x00,0x00,0x55,0xaa,0xaa,0x03,
0x00,0x00,0x00,0x00,0x00,0x00,0x00,0x00,0x00,0x00,0x00,0x00,0xae,0xcd,0xec,0x29,
0xb8,0xd7,0xf2,0xe7,0xc3,0xe2,0xfd,0xff,0xbc,0xdb,0xf3,0xfb,0xc1,0xdf,0xf5,0xfd,
0xc3,0xe0,0xf5,0xfe,0xc4,0xe1,0xf6,0xff,0xc5,0xe1,0xf6,0xff,0xc5,0xe1,0xf6,0xff,
0xc4,0xe1,0xf5,0xff,0xc3,0xe0,0xf5,0xfe,0xc1,0xde,0xf4,0xfd,0xbf,0xdd,0xf5,0xfe,
0xb7,0xd8,0xf4,0xff,0x74,0x94,0xc4,0xca,0x57,0x78,0xb3,0xf5,0x8d,0xb0,0xda,0xff,
0xa8,0xc7,0xe7,0xff,0xbc,0xda,0xf3,0xff,0xc2,0xdf,0xf6,0xff,0xc4,0xe1,0xf6,0xff,
0xc5,0xe1,0xf6,0xff,0xc5,0xe1,0xf6,0xff,0xc5,0xe1,0xf6,0xff,0xc5,0xe1,0xf6,0xff,
0xc5,0xe1,0xf6,0xff,0xc5,0xe1,0xf6,0xff,0xc4,0xe1,0xf6,0xff,0xc2,0xdf,0xf6,0xff,
0xb9,0xd7,0xf2,0xff,0xa8,0xc8,0xe8,0xff,0x74,0x97,0xc9,0xff,0x7e,0xa0,0xcf,0xff,
0xab,0xcb,0xea,0xff,0xbd,0xdb,0xf4,0xff,0xc3,0xe0,0xf6,0xff,0xc5,0xe1,0xf6,0xff,
0xc5,0xe1,0xf6,0xff,0xc5,0xe1,0xf6,0xff,0xc5,0xe1,0xf6,0xff,0xc5,0xe1,0xf6,0xff,
0xc5,0xe1,0xf6,0xff,0xc5,0xe1,0xf6,0xff,0xc5,0xe1,0xf6,0xff,0xc5,0xe1,0xf6,0xff,
0xc4,0xe1,0xf6,0xff,0xbf,0xdd,0xf5,0xff,0x94,0xb5,0xdc,0xff,0x75,0x97,0xc9,0xff,
0xa4,0xc4,0xe6,0xff,0xb6,0xd5,0xf1,0xff,0xc1,0xde,0xf6,0xff,0xc4,0xe1,0xf6,0xff,
0xc5,0xe1,0xf6,0xff,0xc5,0xe1,0xf6,0xff,0xc5,0xe1,0xf6,0xff,0xc5,0xe1,0xf6,0xff,
0xc5,0xe1,0xf6,0xff,0xc5,0xe1,0xf6,0xff,0xc5,0xe1,0xf6,0xff,0xc4,0xe1,0xf6,0xff,
0xc3,0xe0,0xf6,0xff,0xbd,0xdb,0xf3,0xfd,0x9f,0xc1,0xe7,0xff,0x6e,0x90,0xc5,0x73,
0x00,0x00,0x00,0x00,0x55,0xaa,0xaa,0x03,0x00,0x00,0x00,0x00,0x00,0x00,0x00,0x00,
0x00,0x00,0x00,0x01,0xb4,0xd3,0xee,0x9e,0xc5,0xe5,0xff,0xff,0xbc,0xda,0xf3,0xfb,
0xc0,0xde,0xf5,0xff,0xc3,0xe1,0xf6,0xff,0xc5,0xe1,0xf6,0xff,0xc5,0xe1,0xf6,0xff,
0xc5,0xe1,0xf6,0xff,0xc5,0xe1,0xf6,0xff,0xc5,0xe1,0xf6,0xff,0xc5,0xe1,0xf6,0xff,
0xc4,0xe1,0xf6,0xff,0xc1,0xde,0xf5,0xff,0xba,0xd8,0xf2,0xfe,0x9a,0xbc,0xe2,0xff,
0x54,0x77,0xb2,0xff,0x82,0xa4,0xd1,0xff,0xa9,0xc9,0xe9,0xff,0xbd,0xdb,0xf4,0xff,
0xc3,0xe0,0xf6,0xff,0xc4,0xe1,0xf6,0xff,0xc5,0xe1,0xf6,0xff,0xc5,0xe1,0xf6,0xff,
0xc5,0xe1,0xf6,0xff,0xc5,0xe1,0xf6,0xff,0xc5,0xe1,0xf6,0xff,0xc5,0xe1,0xf6,0xff,
0xc4,0xe1,0xf6,0xff,0xc2,0xe0,0xf6,0xff,0xba,0xd9,0xf3,0xff,0xa8,0xc8,0xe9,0xff,
0x74,0x96,0xc8,0xff,0x75,0x97,0xc8,0xff,0xa9,0xc9,0xe9,0xff,0xbd,0xdb,0xf4,0xff,
0xc3,0xe1,0xf6,0xff,0xc5,0xe1,0xf6,0xff,0xc5,0xe1,0xf6,0xff,0xc5,0xe1,0xf6,0xff,
0xc5,0xe1,0xf6,0xff,0xc5,0xe1,0xf6,0xff,0xc5,0xe1,0xf6,0xff,0xc5,0xe1,0xf6,0xff,
0xc5,0xe1,0xf6,0xff,0xc5,0xe1,0xf6,0xff,0xc5,0xe1,0xf6,0xff,0xc0,0xdf,0xf6,0xff,
0x99,0xba,0xdf,0xff,0x71,0x94,0xc7,0xff,0xa2,0xc2,0xe4,0xff,0xb7,0xd5,0xf1,0xff,
0xc1,0xdf,0xf6,0xff,0xc4,0xe1,0xf6,0xff,0xc5,0xe1,0xf6,0xff,0xc5,0xe1,0xf6,0xff,
0xc5,0xe1,0xf6,0xff,0xc5,0xe1,0xf6,0xff,0xc5,0xe1,0xf6,0xff,0xc5,0xe1,0xf6,0xff,
0xc5,0xe1,0xf6,0xff,0xc5,0xe1,0xf6,0xff,0xc3,0xe1,0xf6,0xff,0xbf,0xdd,0xf4,0xfd,
0xa1,0xc3,0xe9,0xff,0x70,0x93,0xc5,0x74,0x00,0x00,0x00,0x00,0x55,0xaa,0xaa,0x03,
0x00,0x00,0x00,0x00,0x00,0x00,0x00,0x00,0xb0,0xce,0xec,0x2a,0xb4,0xd3,0xef,0xec,
0xbd,0xdc,0xf6,0xfe,0xbe,0xdc,0xf4,0xfe,0xc2,0xe0,0xf6,0xff,0xc4,0xe1,0xf6,0xff,
0xc5,0xe1,0xf6,0xff,0xc5,0xe1,0xf6,0xff,0xc5,0xe1,0xf6,0xff,0xc5,0xe1,0xf6,0xff,
0xc5,0xe1,0xf6,0xff,0xc5,0xe1,0xf6,0xff,0xc4,0xe1,0xf6,0xff,0xc3,0xe0,0xf6,0xff,
0xbc,0xdb,0xf4,0xff,0xaa,0xc9,0xe9,0xfd,0x68,0x8b,0xc0,0xff,0x78,0x9a,0xca,0xff,
0xab,0xcb,0xea,0xff,0xbd,0xdb,0xf4,0xff,0xc3,0xe0,0xf6,0xff,0xc5,0xe1,0xf6,0xff,
0xc5,0xe1,0xf6,0xff,0xc5,0xe1,0xf6,0xff,0xc5,0xe1,0xf6,0xff,0xc5,0xe1,0xf6,0xff,
0xc5,0xe1,0xf6,0xff,0xc5,0xe1,0xf6,0xff,0xc5,0xe1,0xf6,0xff,0xc3,0xe0,0xf6,0xff,
0xbb,0xd9,0xf3,0xff,0xab,0xca,0xea,0xff,0x75,0x98,0xc9,0xff,0x6f,0x91,0xc5,0xff,
0xa7,0xc7,0xe8,0xff,0xbe,0xdb,0xf4,0xff,0xc4,0xe1,0xf6,0xff,0xc5,0xe1,0xf6,0xff,
0xc5,0xe1,0xf6,0xff,0xc5,0xe1,0xf6,0xff,0xc5,0xe1,0xf6,0xff,0xc5,0xe1,0xf6,0xff,
0xc5,0xe1,0xf6,0xff,0xc5,0xe1,0xf6,0xff,0xc5,0xe1,0xf6,0xff,0xc5,0xe1,0xf6,0xff,
0xc5,0xe1,0xf6,0xff,0xc2,0xe0,0xf6,0xff,0x9f,0xc0,0xe3,0xff,0x6f,0x92,0xc6,0xff,
0x9f,0xbf,0xe2,0xff,0xb8,0xd7,0xf2,0xff,0xc2,0xe0,0xf6,0xff,0xc5,0xe1,0xf6,0xff,
0xc5,0xe1,0xf6,0xff,0xc5,0xe1,0xf6,0xff,0xc5,0xe1,0xf6,0xff,0xc5,0xe1,0xf6,0xff,
0xc5,0xe1,0xf6,0xff,0xc5,0xe1,0xf6,0xff,0xc5,0xe1,0xf6,0xff,0xc5,0xe1,0xf6,0xff,
0xc4,0xe1,0xf6,0xff,0xc0,0xde,0xf5,0xfd,0xa3,0xc5,0xeb,0xff,0x6a,0x8e,0xc2,0x7a,
0x00,0x00,0x00,0x00,0x55,0xaa,0xaa,0x03,0x00,0x00,0x00,0x00,0x00,0x00,0x00,0x00,
0xaa,0xca,0xe8,0x66,0xb9,0xd9,0xf5,0xff,0xbb,0xd9,0xf3,0xff,0xbf,0xdd,0xf5,0xff,
0xc3,0xe1,0xf6,0xff,0xc5,0xe1,0xf6,0xff,0xc5,0xe1,0xf6,0xff,0xc5,0xe1,0xf6,0xff,
0xc5,0xe1,0xf6,0xff,0xc5,0xe1,0xf6,0xff,0xc5,0xe1,0xf6,0xff,0xc5,0xe1,0xf6,0xff,
0xc5,0xe1,0xf6,0xff,0xc3,0xe0,0xf6,0xff,0xbf,0xdd,0xf5,0xff,0xae,0xcd,0xec,0xff,
0x73,0x95,0xc7,0xff,0x70,0x93,0xc6,0xff,0xaa,0xca,0xe9,0xff,0xbe,0xdc,0xf5,0xff,
0xc4,0xe1,0xf6,0xff,0xc5,0xe1,0xf6,0xff,0xc5,0xe1,0xf6,0xff,0xc5,0xe1,0xf6,0xff,
0xc5,0xe1,0xf6,0xff,0xc5,0xe1,0xf6,0xff,0xc5,0xe1,0xf6,0xff,0xc5,0xe1,0xf6,0xff,
0xc5,0xe1,0xf6,0xff,0xc3,0xe0,0xf6,0xff,0xbd,0xdb,0xf4,0xff,0xae,0xcd,0xec,0xff,
0x7a,0x9c,0xcc,0xff,0x6b,0x8d,0xc1,0xff,0xa6,0xc6,0xe7,0xff,0xbe,0xdc,0xf4,0xff,
0xc4,0xe1,0xf6,0xff,0xc5,0xe1,0xf6,0xff,0xc5,0xe1,0xf6,0xff,0xc5,0xe1,0xf6,0xff,
0xc5,0xe1,0xf6,0xff,0xc5,0xe1,0xf6,0xff,0xc5,0xe1,0xf6,0xff,0xc5,0xe1,0xf6,0xff,
0xc5,0xe1,0xf6,0xff,0xc5,0xe1,0xf6,0xff,0xc5,0xe1,0xf6,0xff,0xc4,0xe1,0xf7,0xff,
0xa4,0xc5,0xe6,0xff,0x6f,0x92,0xc5,0xff,0x9d,0xbd,0xe2,0xff,0xb9,0xd8,0xf2,0xff,
0xc3,0xe0,0xf6,0xff,0xc5,0xe1,0xf6,0xff,0xc5,0xe1,0xf6,0xff,0xc5,0xe1,0xf6,0xff,
0xc5,0xe1,0xf6,0xff,0xc5,0xe1,0xf6,0xff,0xc5,0xe1,0xf6,0xff,0xc5,0xe1,0xf6,0xff,
0xc5,0xe1,0xf6,0xff,0xc5,0xe1,0xf6,0xff,0xc5,0xe1,0xf6,0xff,0xc2,0xdf,0xf5,0xfd,
0xa5,0xc6,0xec,0xff,0x69,0x8d,0xc1,0x80,0x00,0x00,0x00,0x00,0x55,0xaa,0xaa,0x03,
0x00,0x00,0x00,0x00,0x00,0x00,0x00,0x00,0xaa,0xc9,0xea,0x8b,0xb9,0xd8,0xf5,0xfe,
0xba,0xd8,0xf2,0xfe,0xc0,0xde,0xf5,0xff,0xc5,0xe1,0xf6,0xff,0xc5,0xe1,0xf6,0xff,
0xc5,0xe1,0xf6,0xff,0xc5,0xe1,0xf6,0xff,0xc5,0xe1,0xf6,0xff,0xc5,0xe1,0xf6,0xff,
0xc5,0xe1,0xf6,0xff,0xc5,0xe1,0xf6,0xff,0xc5,0xe1,0xf6,0xff,0xc4,0xe1,0xf6,0xff,
0xc0,0xde,0xf5,0xff,0xb2,0xd1,0xee,0xff,0x74,0x96,0xc8,0xff,0x68,0x8b,0xc0,0xff,
0xa9,0xc9,0xe9,0xff,0xbf,0xdd,0xf5,0xff,0xc4,0xe1,0xf6,0xff,0xc5,0xe1,0xf6,0xff,
0xc5,0xe1,0xf6,0xff,0xc5,0xe1,0xf6,0xff,0xc5,0xe1,0xf6,0xff,0xc5,0xe1,0xf6,0xff,
0xc5,0xe1,0xf6,0xff,0xc5,0xe1,0xf6,0xff,0xc5,0xe1,0xf6,0xff,0xc4,0xe1,0xf6,0xff,
0xbe,0xdd,0xf5,0xff,0xb0,0xd0,0xed,0xff,0x81,0xa4,0xd0,0xff,0x69,0x8c,0xc1,0xff,
0xa4,0xc4,0xe6,0xff,0xbe,0xdc,0xf5,0xff,0xc4,0xe1,0xf6,0xff,0xc5,0xe1,0xf6,0xff,
0xc5,0xe1,0xf6,0xff,0xc5,0xe1,0xf6,0xff,0xc5,0xe1,0xf6,0xff,0xc5,0xe1,0xf6,0xff,
0xc5,0xe1,0xf6,0xff,0xc5,0xe1,0xf6,0xff,0xc5,0xe1,0xf6,0xff,0xc5,0xe1,0xf6,0xff,
0xc5,0xe1,0xf6,0xff,0xc5,0xe2,0xf7,0xff,0xaa,0xca,0xe9,0xff,0x70,0x93,0xc6,0xff,
0x9c,0xbd,0xe1,0xff,0xbb,0xda,0xf3,0xff,0xc3,0xe0,0xf6,0xff,0xc5,0xe1,0xf6,0xff,
0xc5,0xe1,0xf6,0xff,0xc5,0xe1,0xf6,0xff,0xc5,0xe1,0xf6,0xff,0xc5,0xe1,0xf6,0xff,
0xc5,0xe1,0xf6,0xff,0xc5,0xe1,0xf6,0xff,0xc5,0xe1,0xf6,0xff,0xc5,0xe1,0xf6,0xff,
0xc5,0xe1,0xf6,0xff,0xc4,0xe2,0xf7,0xfc,0xa8,0xc9,0xee,0xff,0x6b,0x8d,0xc3,0x85,
0x00,0x00,0x00,0x00,0x55,0xaa,0xaa,0x03,0x00,0x00,0x00,0x00,0x00,0x00,0x00,0x00,
0xa8,0xc8,0xe7,0x9a,0xb9,0xd8,0xf5,0xff,0xba,0xd9,0xf2,0xfe,0xc2,0xe0,0xf6,0xff,
0xc5,0xe1,0xf6,0xff,0xc5,0xe1,0xf6,0xff,0xc5,0xe1,0xf6,0xff,0xc5,0xe1,0xf6,0xff,
0xc5,0xe1,0xf6,0xff,0xc5,0xe1,0xf6,0xff,0xc5,0xe1,0xf6,0xff,0xc5,0xe1,0xf6,0xff,
0xc5,0xe1,0xf6,0xff,0xc4,0xe1,0xf6,0xff,0xc2,0xdf,0xf6,0xff,0xb7,0xd6,0xf2,0xff,
0x76,0x98,0xc9,0xff,0x60,0x83,0xba,0xff,0xa8,0xc8,0xe9,0xff,0xbf,0xdd,0xf5,0xff,
0xc4,0xe1,0xf6,0xff,0xc5,0xe1,0xf6,0xff,0xc5,0xe1,0xf6,0xff,0xc5,0xe1,0xf6,0xff,
0xc5,0xe1,0xf6,0xff,0xc5,0xe1,0xf6,0xff,0xc5,0xe1,0xf6,0xff,0xc5,0xe1,0xf6,0xff,
0xc5,0xe1,0xf6,0xff,0xc4,0xe1,0xf6,0xff,0xc0,0xde,0xf5,0xff,0xb3,0xd2,0xef,0xff,
0x8a,0xab,0xd5,0xff,0x69,0x8c,0xc1,0xff,0xa2,0xc2,0xe5,0xff,0xbf,0xdd,0xf5,0xff,
0xc4,0xe1,0xf6,0xff,0xc5,0xe1,0xf6,0xff,0xc5,0xe1,0xf6,0xff,0xc5,0xe1,0xf6,0xff,
0xc5,0xe1,0xf6,0xff,0xc5,0xe1,0xf6,0xff,0xc5,0xe1,0xf6,0xff,0xc5,0xe1,0xf6,0xff,
0xc5,0xe1,0xf6,0xff,0xc5,0xe1,0xf6,0xff,0xc5,0xe1,0xf6,0xff,0xc6,0xe2,0xf7,0xff,
0xb1,0xcf,0xed,0xff,0x72,0x95,0xc8,0xff,0x9c,0xbc,0xe1,0xff,0xbd,0xdb,0xf4,0xff,
0xc3,0xe1,0xf6,0xff,0xc5,0xe1,0xf6,0xff,0xc5,0xe1,0xf6,0xff,0xc5,0xe1,0xf6,0xff,
0xc5,0xe1,0xf6,0xff,0xc5,0xe1,0xf6,0xff,0xc5,0xe1,0xf6,0xff,0xc5,0xe1,0xf6,0xff,
0xc5,0xe1,0xf6,0xff,0xc5,0xe1,0xf6,0xff,0xc5,0xe1,0xf6,0xff,0xc5,0xe2,0xf7,0xfc,
0xac,0xcd,0xf1,0xff,0x6f,0x91,0xc6,0x8c,0x00,0x00,0x00,0x00,0xaa,0xaa,0xaa,0x03,
0x00,0x00,0x00,0x00,0x00,0x00,0x00,0x00,0xa7,0xc7,0xe7,0x97,0xb7,0xd7,0xf4,0xff,
0xbc,0xda,0xf3,0xfe,0xc3,0xe1,0xf6,0xff,0xc5,0xe1,0xf6,0xff,0xc5,0xe1,0xf6,0xff,
0xc5,0xe1,0xf6,0xff,0xc5,0xe1,0xf6,0xff,0xc5,0xe1,0xf6,0xff,0xc5,0xe1,0xf6,0xff,
0xc5,0xe1,0xf6,0xff,0xc5,0xe1,0xf6,0xff,0xc5,0xe1,0xf6,0xff,0xc5,0xe1,0xf6,0xff,
0xc3,0xe0,0xf6,0xff,0xbd,0xdc,0xf5,0xff,0x81,0xa2,0xcf,0xff,0x5a,0x7c,0xb4,0xff,
0xa6,0xc6,0xe7,0xff,0xc0,0xdd,0xf5,0xff,0xc5,0xe1,0xf6,0xff,0xc5,0xe1,0xf6,0xff,
0xc5,0xe1,0xf6,0xff,0xc5,0xe1,0xf6,0xff,0xc5,0xe1,0xf6,0xff,0xc5,0xe1,0xf6,0xff,
0xc5,0xe1,0xf6,0xff,0xc5,0xe1,0xf6,0xff,0xc5,0xe1,0xf6,0xff,0xc5,0xe1,0xf6,0xff,
0xc2,0xe0,0xf6,0xff,0xb7,0xd6,0xf1,0xff,0x93,0xb4,0xdc,0xff,0x6a,0x8d,0xc2,0xff,
0x9f,0xbe,0xe3,0xff,0xbf,0xdd,0xf5,0xff,0xc4,0xe1,0xf6,0xff,0xc5,0xe1,0xf6,0xff,
0xc5,0xe1,0xf6,0xff,0xc5,0xe1,0xf6,0xff,0xc5,0xe1,0xf6,0xff,0xc5,0xe1,0xf6,0xff,
0xc5,0xe1,0xf6,0xff,0xc5,0xe1,0xf6,0xff,0xc5,0xe1,0xf6,0xff,0xc5,0xe1,0xf6,0xff,
0xc5,0xe1,0xf6,0xff,0xc6,0xe2,0xf7,0xff,0xb4,0xd4,0xf0,0xff,0x76,0x99,0xca,0xff,
0x9c,0xbc,0xe0,0xff,0xbf,0xdd,0xf5,0xff,0xc4,0xe1,0xf6,0xff,0xc5,0xe1,0xf6,0xff,
0xc5,0xe1,0xf6,0xff,0xc5,0xe1,0xf6,0xff,0xc5,0xe1,0xf6,0xff,0xc5,0xe1,0xf6,0xff,
0xc5,0xe1,0xf6,0xff,0xc5,0xe1,0xf6,0xff,0xc5,0xe1,0xf6,0xff,0xc5,0xe1,0xf6,0xff,
0xc5,0xe1,0xf6,0xff,0xc6,0xe2,0xf7,0xfc,0xb0,0xd1,0xf3,0xff,0x72,0x96,0xc8,0x97,
0x00,0x00,0x00,0x00,0x55,0xaa,0xaa,0x03,0x00,0x00,0x00,0x00,0x00,0x00,0x00,0x00,
0xa1,0xc1,0xe3,0x89,0xb5,0xd5,0xf3,0xff,0xbe,0xdc,0xf4,0xfe,0xc4,0xe1,0xf6,0xff,
0xc5,0xe1,0xf6,0xff,0xc5,0xe1,0xf6,0xff,0xc5,0xe1,0xf6,0xff,0xc5,0xe1,0xf6,0xff,
0xc5,0xe1,0xf6,0xff,0xc5,0xe1,0xf6,0xff,0xc5,0xe1,0xf6,0xff,0xc5,0xe1,0xf6,0xff,
0xc5,0xe1,0xf6,0xff,0xc5,0xe1,0xf6,0xff,0xc3,0xe0,0xf6,0xff,0xc1,0xdf,0xf6,0xff,
0x90,0xb0,0xd9,0xff,0x57,0x79,0xb1,0xff,0xa2,0xc2,0xe5,0xff,0xc1,0xdf,0xf6,0xff,
0xc5,0xe1,0xf6,0xff,0xc5,0xe1,0xf6,0xff,0xc5,0xe1,0xf6,0xff,0xc5,0xe1,0xf6,0xff,
0xc5,0xe1,0xf6,0xff,0xc5,0xe1,0xf6,0xff,0xc5,0xe1,0xf6,0xff,0xc5,0xe1,0xf6,0xff,
0xc5,0xe1,0xf6,0xff,0xc5,0xe1,0xf6,0xff,0xc3,0xe0,0xf6,0xff,0xbb,0xd9,0xf3,0xff,
0x9b,0xbc,0xe0,0xff,0x6e,0x91,0xc5,0xff,0x9a,0xbb,0xe0,0xff,0xbd,0xdb,0xf4,0xff,
0xc3,0xe1,0xf6,0xff,0xc5,0xe1,0xf6,0xff,0xc5,0xe1,0xf6,0xff,0xc5,0xe1,0xf6,0xff,
0xc5,0xe1,0xf6,0xff,0xc5,0xe1,0xf6,0xff,0xc5,0xe1,0xf6,0xff,0xc5,0xe1,0xf6,0xff,
0xc5,0xe1,0xf6,0xff,0xc5,0xe1,0xf6,0xff,0xc5,0xe1,0xf6,0xff,0xc5,0xe2,0xf7,0xff,
0xb6,0xd4,0xf0,0xff,0x79,0x9b,0xcc,0xff,0x9a,0xbb,0xe0,0xff,0xbf,0xdd,0xf5,0xff,
0xc4,0xe1,0xf6,0xff,0xc5,0xe1,0xf6,0xff,0xc5,0xe1,0xf6,0xff,0xc5,0xe1,0xf6,0xff,
0xc5,0xe1,0xf6,0xff,0xc5,0xe1,0xf6,0xff,0xc5,0xe1,0xf6,0xff,0xc5,0xe1,0xf6,0xff,
0xc5,0xe1,0xf6,0xff,0xc5,0xe1,0xf6,0xff,0xc5,0xe1,0xf6,0xff,0xc6,0xe2,0xf7,0xfc,
0xb3,0xd4,0xf6,0xff,0x74,0x96,0xc8,0xa4,0x00,0x00,0x00,0x00,0x7f,0xff,0xff,0x02,
0x00,0x00,0x00,0x00,0x00,0x00,0x00,0x00,0x9c,0xbe,0xe1,0x72,0xb2,0xd2,0xf1,0xff,
0xc0,0xde,0xf5,0xfe,0xc5,0xe1,0xf6,0xff,0xc5,0xe1,0xf6,0xff,0xc5,0xe1,0xf6,0xff,
0xc5,0xe1,0xf6,0xff,0xc5,0xe1,0xf6,0xff,0xc5,0xe1,0xf6,0xff,0xc5,0xe1,0xf6,0xff,
0xc5,0xe1,0xf6,0xff,0xc5,0xe1,0xf6,0xff,0xc5,0xe1,0xf6,0xff,0xc5,0xe1,0xf6,0xff,
0xc4,0xe1,0xf6,0xff,0xc2,0xe0,0xf7,0xff,0xa0,0xc0,0xe3,0xff,0x58,0x79,0xb2,0xff,
0x9b,0xbb,0xe1,0xff,0xc2,0xe0,0xf6,0xff,0xc5,0xe1,0xf6,0xff,0xc5,0xe1,0xf6,0xff,
0xc5,0xe1,0xf6,0xff,0xc5,0xe1,0xf6,0xff,0xc5,0xe1,0xf6,0xff,0xc5,0xe1,0xf6,0xff,
0xc5,0xe1,0xf6,0xff,0xc5,0xe1,0xf6,0xff,0xc5,0xe1,0xf6,0xff,0xc5,0xe1,0xf6,0xff,
0xc3,0xe0,0xf6,0xff,0xbc,0xda,0xf4,0xff,0xa3,0xc3,0xe5,0xff,0x74,0x97,0xc9,0xff,
0x94,0xb5,0xdc,0xff,0xb7,0xd6,0xf1,0xff,0xbf,0xdd,0xf5,0xff,0xc2,0xe0,0xf6,0xff,
0xc5,0xe1,0xf6,0xff,0xc5,0xe1,0xf6,0xff,0xc5,0xe1,0xf6,0xff,0xc5,0xe1,0xf6,0xff,
0xc5,0xe1,0xf6,0xff,0xc5,0xe1,0xf6,0xff,0xc5,0xe1,0xf6,0xff,0xc4,0xe1,0xf6,0xff,
0xc1,0xdf,0xf6,0xff,0xc0,0xdd,0xf5,0xff,0xb2,0xd1,0xee,0xff,0x79,0x9c,0xcc,0xff,
0x99,0xb9,0xdf,0xff,0xbd,0xda,0xf4,0xff,0xc2,0xe0,0xf6,0xff,0xc4,0xe1,0xf6,0xff,
0xc5,0xe1,0xf6,0xff,0xc5,0xe1,0xf6,0xff,0xc5,0xe1,0xf6,0xff,0xc5,0xe1,0xf6,0xff,
0xc5,0xe1,0xf6,0xff,0xc5,0xe1,0xf6,0xff,0xc5,0xe1,0xf6,0xff,0xc5,0xe1,0xf6,0xff,
0xc5,0xe1,0xf6,0xff,0xc6,0xe2,0xf7,0xfc,0xb4,0xd5,0xf6,0xff,0x76,0x99,0xca,0xaf,
0x00,0x00,0x00,0x00,0xff,0xff,0xff,0x01,0x00,0x00,0x00,0x00,0x00,0x00,0x00,0x00,
0x9b,0xbe,0xe1,0x5f,0xb1,0xd0,0xef,0xff,0xc2,0xdf,0xf5,0xff,0xc5,0xe1,0xf6,0xff,
0xc5,0xe1,0xf6,0xff,0xc5,0xe1,0xf6,0xff,0xc5,0xe1,0xf6,0xff,0xc5,0xe1,0xf6,0xff,
0xc5,0xe1,0xf6,0xff,0xc5,0xe1,0xf6,0xff,0xc5,0xe1,0xf6,0xff,0xc5,0xe1,0xf6,0xff,
0xc5,0xe1,0xf6,0xff,0xc5,0xe1,0xf6,0xff,0xc4,0xe1,0xf6,0xff,0xc2,0xe0,0xf7,0xff,
0xad,0xcd,0xeb,0xff,0x5b,0x7d,0xb6,0xff,0x93,0xb4,0xdc,0xff,0xc2,0xe0,0xf7,0xff,
0xc3,0xe1,0xf6,0xff,0xc5,0xe1,0xf6,0xff,0xc5,0xe1,0xf6,0xff,0xc5,0xe1,0xf6,0xff,
0xc5,0xe1,0xf6,0xff,0xc5,0xe1,0xf6,0xff,0xc5,0xe1,0xf6,0xff,0xc5,0xe1,0xf6,0xff,
0xc5,0xe1,0xf6,0xff,0xc4,0xe1,0xf6,0xff,0xbf,0xde,0xf5,0xff,0xba,0xd8,0xf3,0xff,
0xa9,0xc8,0xe9,0xff,0x7c,0xa0,0xce,0xff,0x8c,0xae,0xd8,0xff,0xac,0xcc,0xeb,0xff,
0xb5,0xd4,0xf0,0xff,0xb9,0xd8,0xf2,0xff,0xbc,0xdb,0xf4,0xff,0xc0,0xdd,0xf5,0xff,
0xc1,0xdf,0xf5,0xff,0xc1,0xdf,0xf6,0xff,0xc1,0xdf,0xf6,0xff,0xc1,0xde,0xf5,0xff,
0xbf,0xdd,0xf5,0xff,0xbc,0xdb,0xf4,0xff,0xb7,0xd6,0xf1,0xff,0xb3,0xd2,0xee,0xff,
0xa5,0xc5,0xe6,0xff,0x76,0x99,0xca,0xff,0x94,0xb5,0xdc,0xff,0xb7,0xd5,0xf1,0xff,
0xbc,0xdb,0xf4,0xff,0xc0,0xde,0xf5,0xff,0xc3,0xe0,0xf6,0xff,0xc4,0xe1,0xf6,0xff,
0xc5,0xe1,0xf6,0xff,0xc5,0xe1,0xf6,0xff,0xc5,0xe1,0xf6,0xff,0xc5,0xe1,0xf6,0xff,
0xc4,0xe1,0xf6,0xff,0xc3,0xe0,0xf6,0xff,0xc0,0xde,0xf5,0xff,0xc0,0xde,0xf5,0xfc,
0xb1,0xd2,0xf4,0xff,0x74,0x97,0xc9,0xb6,0x00,0x00,0x00,0x00,0x01,0x01,0x01,0x00,
0x00,0x00,0x00,0x01,0x00,0x00,0x00,0x00,0x8d,0xb0,0xd9,0x51,0xae,0xce,0xed,0xff,
0xc2,0xe0,0xf6,0xff,0xc4,0xe1,0xf6,0xff,0xc5,0xe1,0xf6,0xff,0xc5,0xe1,0xf6,0xff,
0xc5,0xe1,0xf6,0xff,0xc5,0xe1,0xf6,0xff,0xc5,0xe1,0xf6,0xff,0xc5,0xe1,0xf6,0xff,
0xc5,0xe1,0xf6,0xff,0xc5,0xe1,0xf6,0xff,0xc5,0xe1,0xf6,0xff,0xc3,0xe1,0xf6,0xff,
0xc1,0xdf,0xf5,0xff,0xbf,0xdd,0xf5,0xff,0xb1,0xd0,0xed,0xff,0x5d,0x80,0xb7,0xff,
0x8d,0xae,0xd7,0xff,0xbe,0xdc,0xf5,0xff,0xbf,0xdd,0xf6,0xff,0xc2,0xe0,0xf6,0xff,
0xc4,0xe0,0xf6,0xff,0xc4,0xe1,0xf6,0xff,0xc5,0xe1,0xf6,0xff,0xc5,0xe2,0xf6,0xff,
0xc5,0xe2,0xf6,0xff,0xc5,0xe1,0xf6,0xff,0xc3,0xe0,0xf6,0xff,0xbe,0xdc,0xf4,0xff,
0xb8,0xd7,0xf1,0xff,0xb3,0xd2,0xef,0xff,0xa8,0xc8,0xe8,0xff,0x86,0xa7,0xd4,0xff,
0x84,0xa6,0xd3,0xff,0xa1,0xc1,0xe4,0xff,0xac,0xcc,0xeb,0xff,0xaf,0xce,0xed,0xff,
0xb2,0xd1,0xed,0xff,0xb4,0xd3,0xef,0xff,0xb5,0xd5,0xf1,0xff,0xb6,0xd5,0xf1,0xff,
0xb6,0xd5,0xf1,0xff,0xb5,0xd4,0xf0,0xff,0xb3,0xd2,0xee,0xff,0xb0,0xcf,0xed,0xff,
0xac,0xcc,0xeb,0xff,0xa5,0xc5,0xe6,0xff,0x94,0xb5,0xdc,0xff,0x6f,0x92,0xc5,0xff,
0x8f,0xb0,0xd9,0xff,0xae,0xce,0xec,0xff,0xb4,0xd3,0xef,0xff,0xb5,0xd4,0xf0,0xff,
0xb9,0xd7,0xf2,0xff,0xbc,0xda,0xf3,0xff,0xbe,0xdc,0xf5,0xff,0xbf,0xdd,0xf5,0xff,
0xbf,0xdd,0xf5,0xff,0xbf,0xdd,0xf5,0xff,0xbd,0xdb,0xf4,0xff,0xba,0xd9,0xf3,0xff,
0xb7,0xd6,0xf1,0xff,0xb5,0xd4,0xef,0xfc,0xa9,0xca,0xef,0xff,0x71,0x94,0xc6,0xba,
0x00,0x00,0x00,0x01,0x00,0x00,0x00,0x00,0x00,0x00,0x00,0x01,0x00,0x00,0x00,0x00,
0x79,0x9b,0xcb,0x45,0xa7,0xc7,0xe7,0xfd,0xbf,0xdd,0xf5,0xff,0xbe,0xdc,0xf4,0xff,
0xc1,0xdf,0xf6,0xff,0xc4,0xe1,0xf6,0xff,0xc5,0xe1,0xf6,0xff,0xc5,0xe1,0xf6,0xff,
0xc5,0xe1,0xf6,0xff,0xc5,0xe1,0xf6,0xff,0xc5,0xe1,0xf6,0xff,0xc4,0xe1,0xf6,0xff,
0xc2,0xe0,0xf6,0xff,0xbe,0xdc,0xf5,0xff,0xb9,0xd7,0xf2,0xff,0xb8,0xd7,0xf2,0xff,
0xae,0xcd,0xec,0xff,0x5d,0x7f,0xb8,0xff,0x88,0xa9,0xd3,0xff,0xb8,0xd7,0xf2,0xff,
0xb9,0xd7,0xf2,0xff,0xba,0xd9,0xf3,0xff,0xbb,0xda,0xf4,0xff,0xbe,0xdc,0xf5,0xff,
0xc0,0xde,0xf5,0xff,0xbf,0xdd,0xf5,0xff,0xbe,0xdc,0xf4,0xff,0xbc,0xda,0xf4,0xff,
0xb9,0xd8,0xf2,0xff,0xb5,0xd4,0xf0,0xff,0xaf,0xcd,0xec,0xff,0xa7,0xc7,0xe8,0xff,
0x9a,0xba,0xdf,0xff,0x82,0xa4,0xd2,0xff,0x75,0x98,0xca,0xff,0x8f,0xb0,0xd9,0xff,
0x9b,0xbc,0xe0,0xff,0xa1,0xc2,0xe4,0xff,0xa3,0xc3,0xe5,0xff,0xa4,0xc4,0xe5,0xff,
0xa4,0xc4,0xe6,0xff,0xa4,0xc4,0xe6,0xff,0xa1,0xc1,0xe4,0xff,0x9f,0xbf,0xe3,0xff,
0x9d,0xbe,0xe2,0xff,0x9a,0xbb,0xe0,0xff,0x96,0xb7,0xde,0xff,0x91,0xb2,0xda,0xff,
0x85,0xa7,0xd3,0xff,0x60,0x83,0xbb,0xff,0x87,0xa9,0xd4,0xff,0xa5,0xc5,0xe7,0xff,
0xae,0xce,0xec,0xff,0xad,0xcd,0xeb,0xff,0xae,0xcd,0xeb,0xff,0xb1,0xd0,0xed,0xff,
0xb3,0xd2,0xef,0xff,0xb5,0xd3,0xef,0xff,0xb5,0xd4,0xf0,0xff,0xb5,0xd3,0xf0,0xff,
0xb3,0xd2,0xee,0xff,0xb1,0xd0,0xed,0xff,0xad,0xcd,0xeb,0xff,0xad,0xcc,0xea,0xfc,
0xa0,0xc2,0xe9,0xff,0x6d,0x91,0xc4,0xbc,0x00,0x00,0x55,0x03,0x00,0x00,0x00,0x00,
0x00,0x00,0xff,0x01,0x00,0x00,0x00,0x00,0x7f,0xa0,0xcf,0x36,0xa1,0xc2,0xe4,0xf6,
0xb6,0xd5,0xf1,0xff,0xb4,0xd3,0xef,0xfe,0xb9,0xd7,0xf2,0xff,0xbd,0xdb,0xf4,0xff,
0xbf,0xdd,0xf5,0xff,0xc0,0xde,0xf5,0xff,0xc1,0xdf,0xf6,0xff,0xc1,0xdf,0xf6,0xff,
0xc0,0xde,0xf5,0xff,0xbd,0xdb,0xf4,0xff,0xb8,0xd7,0xf2,0xff,0xb4,0xd3,0xf0,0xff,
0xb0,0xcf,0xec,0xff,0xae,0xcd,0xec,0xff,0xa5,0xc6,0xe7,0xff,0x5d,0x7f,0xb8,0xff,
0x82,0xa3,0xd0,0xff,0xb3,0xd3,0xef,0xff,0xb1,0xd0,0xed,0xff,0xaf,0xce,0xec,0xff,
0xb1,0xd0,0xee,0xff,0xb0,0xcf,0xed,0xff,0xaa,0xca,0xe9,0xff,0xac,0xcc,0xeb,0xff,
0xab,0xca,0xea,0xff,0xa8,0xc8,0xe9,0xff,0xa9,0xc9,0xe9,0xff,0xa6,0xc5,0xe6,0xff,
0x9b,0xbc,0xe1,0xff,0x91,0xb3,0xdb,0xff,0x8b,0xad,0xd7,0xff,0x87,0xa9,0xd4,0xff,
0x7c,0x9e,0xcd,0xff,0x87,0xa9,0xd4,0xff,0x8e,0xb0,0xd9,0xff,0x93,0xb4,0xdc,0xff,
0x96,0xb7,0xdd,0xff,0x97,0xb8,0xde,0xff,0x98,0xb9,0xde,0xff,0x99,0xb9,0xdf,0xff,
0x99,0xb9,0xdf,0xff,0x9a,0xbb,0xe0,0xff,0x9a,0xbb,0xe0,0xff,0x99,0xba,0xdf,0xff,
0x93,0xb5,0xdc,0xff,0x8d,0xaf,0xd8,0xff,0x88,0xaa,0xd5,0xff,0x6b,0x8e,0xc1,0xff,
0x7b,0x9d,0xcd,0xff,0x90,0xb2,0xda,0xff,0x9f,0xc0,0xe3,0xff,0xa9,0xc9,0xe9,0xff,
0xa9,0xc9,0xe9,0xff,0xa8,0xc8,0xe8,0xff,0xaa,0xca,0xe9,0xff,0xab,0xcb,0xea,0xff,
0xac,0xcb,0xea,0xff,0xab,0xca,0xea,0xff,0xa8,0xc8,0xe8,0xff,0xa6,0xc6,0xe7,0xff,
0xa5,0xc5,0xe7,0xff,0xa2,0xc3,0xe5,0xfc,0x98,0xbb,0xe5,0xff,0x6c,0x91,0xc4,0xbc,
0x00,0x00,0x7f,0x02,0x00,0x00,0x00,0x00,0x00,0x00,0xff,0x01,0x00,0x00,0x00,0x00,
0x82,0xa5,0xd2,0x33,0x96,0xb6,0xdd,0xf4,0xac,0xcc,0xec,0xff,0xae,0xcd,0xeb,0xfe,
0xb1,0xd1,0xee,0xff,0xb2,0xd1,0xee,0xff,0xb4,0xd2,0xef,0xff,0xb5,0xd4,0xf0,0xff,
0xb7,0xd6,0xf1,0xff,0xb8,0xd6,0xf1,0xff,0xb6,0xd5,0xf1,0xff,0xb3,0xd2,0xee,0xff,
0xaf,0xcf,0xec,0xff,0xab,0xca,0xea,0xff,0xa6,0xc6,0xe7,0xff,0xa2,0xc2,0xe5,0xff,
0x9c,0xbd,0xe2,0xff,0x5c,0x7e,0xb7,0xff,0x7a,0x9b,0xca,0xff,0xac,0xcc,0xeb,0xff,
0xa8,0xc8,0xe8,0xff,0xa5,0xc5,0xe7,0xff,0xa5,0xc5,0xe7,0xff,0x99,0xba,0xe0,0xff,
0xaa,0xca,0xe9,0xff,0xb7,0xd5,0xf1,0xff,0xb7,0xd6,0xf1,0xff,0xb6,0xd4,0xf0,0xff,
0xb5,0xd3,0xf0,0xff,0xb2,0xd1,0xee,0xff,0xae,0xce,0xec,0xff,0xaa,0xca,0xe9,0xff,
0xa8,0xc8,0xe8,0xff,0xab,0xcb,0xea,0xff,0xb0,0xcf,0xed,0xff,0xaf,0xce,0xec,0xff,
0xae,0xcd,0xec,0xff,0xac,0xcc,0xeb,0xff,0xac,0xcb,0xea,0xff,0xab,0xca,0xea,0xff,
0xaa,0xca,0xea,0xff,0xab,0xca,0xea,0xff,0xac,0xcb,0xea,0xff,0xad,0xcc,0xeb,0xff,
0xae,0xcd,0xeb,0xff,0xae,0xce,0xec,0xff,0xac,0xcb,0xea,0xff,0xa6,0xc6,0xe7,0xff,
0xa4,0xc4,0xe6,0xff,0xa4,0xc4,0xe6,0xff,0x9d,0xbd,0xe1,0xff,0x92,0xb3,0xdb,0xff,
0x8c,0xae,0xd8,0xff,0x92,0xb3,0xdb,0xff,0x9b,0xbb,0xe0,0xff,0xa1,0xc1,0xe4,0xff,
0xa3,0xc3,0xe5,0xff,0xa2,0xc2,0xe5,0xff,0xa2,0xc3,0xe5,0xff,0xa3,0xc3,0xe5,0xff,
0xa0,0xc0,0xe4,0xff,0x9a,0xbb,0xe0,0xff,0x9a,0xbb,0xe0,0xff,0x98,0xb9,0xdf,0xfc,
0x91,0xb4,0xe1,0xff,0x6b,0x8e,0xc3,0xb7,0x00,0x00,0x00,0x00,0x00,0x00,0x00,0x00,
0x00,0x00,0x00,0x01,0x00,0x00,0x00,0x00,0x81,0xa1,0xcd,0x39,0x92,0xb3,0xda,0xf7,
0xa3,0xc4,0xe7,0xff,0xa9,0xc8,0xe8,0xfe,0xaa,0xca,0xea,0xff,0xaa,0xca,0xe9,0xff,
0xac,0xcb,0xea,0xff,0xad,0xcc,0xeb,0xff,0xaf,0xce,0xec,0xff,0xb0,0xcf,0xed,0xff,
0xb0,0xcf,0xed,0xff,0xad,0xcc,0xeb,0xff,0xa8,0xc8,0xe8,0xff,0xa4,0xc4,0xe6,0xff,
0x9d,0xbe,0xe2,0xff,0x9b,0xbc,0xe0,0xff,0x99,0xba,0xe0,0xff,0x58,0x7a,0xb3,0xff,
0x6e,0x8f,0xc1,0xff,0xa7,0xc7,0xe8,0xff,0xa0,0xc0,0xe3,0xff,0x9e,0xbf,0xe2,0xff,
0x93,0xb4,0xdc,0xff,0x9c,0xbd,0xe1,0xff,0xb4,0xd2,0xef,0xff,0xb8,0xd6,0xf1,0xff,
0xbd,0xdc,0xf4,0xff,0xc1,0xde,0xf5,0xff,0xc1,0xdf,0xf5,0xff,0xc1,0xdf,0xf6,0xff,
0xc1,0xdf,0xf6,0xff,0xc1,0xdf,0xf6,0xff,0xbc,0xda,0xf3,0xff,0xb9,0xd8,0xf2,0xff,
0xba,0xd9,0xf3,0xff,0xbc,0xda,0xf4,0xff,0xbd,0xdb,0xf4,0xff,0xbc,0xda,0xf4,0xff,
0xbc,0xda,0xf3,0xff,0xba,0xd9,0xf2,0xff,0xba,0xd8,0xf2,0xff,0xba,0xd9,0xf2,0xff,
0xbc,0xda,0xf3,0xff,0xbd,0xdb,0xf4,0xff,0xbe,0xdc,0xf4,0xff,0xbf,0xdd,0xf4,0xff,
0xbe,0xdc,0xf5,0xff,0xbb,0xda,0xf3,0xff,0xb7,0xd6,0xf1,0xff,0xb3,0xd2,0xef,0xff,
0xb1,0xd1,0xee,0xff,0xae,0xcd,0xec,0xff,0xa5,0xc5,0xe7,0xff,0x97,0xb8,0xde,0xff,
0x8c,0xae,0xd8,0xff,0x88,0xaa,0xd5,0xff,0x8e,0xb0,0xd9,0xff,0x94,0xb5,0xdc,0xff,
0x97,0xb8,0xde,0xff,0x96,0xb7,0xdd,0xff,0x94,0xb5,0xdc,0xff,0x92,0xb3,0xdb,0xff,
0x8e,0xaf,0xd8,0xff,0x8e,0xb0,0xd8,0xfc,0x8a,0xae,0xdd,0xff,0x67,0x8b,0xc1,0xaa,
0x00,0x00,0x00,0x00,0x7f,0x7f,0x7f,0x02,0x00,0x00,0x00,0x00,0x00,0x00,0x00,0x00,
0x7f,0x9f,0xcd,0x48,0x90,0xb1,0xd9,0xfe,0x9a,0xba,0xe0,0xff,0xa1,0xc1,0xe4,0xff,
0xa3,0xc3,0xe5,0xff,0xa4,0xc4,0xe6,0xff,0xa5,0xc5,0xe6,0xff,0xa5,0xc6,0xe7,0xff,
0xa6,0xc6,0xe7,0xff,0xa5,0xc5,0xe7,0xff,0xa5,0xc6,0xe7,0xff,0xa4,0xc4,0xe6,0xff,
0xa1,0xc1,0xe4,0xff,0x9d,0xbd,0xe1,0xff,0x96,0xb7,0xdd,0xff,0x95,0xb6,0xdd,0xff,
0x92,0xb4,0xdc,0xff,0x4f,0x71,0xac,0xff,0x61,0x82,0xb8,0xff,0x9f,0xc0,0xe4,0xff,
0x9d,0xbd,0xe1,0xff,0x98,0xb9,0xdf,0xff,0x88,0xaa,0xd5,0xff,0xa1,0xc1,0xe4,0xff,
0xb3,0xd2,0xef,0xff,0xbd,0xdb,0xf4,0xff,0xc4,0xe1,0xf6,0xff,0xc5,0xe1,0xf6,0xff,
0xc5,0xe1,0xf6,0xff,0xc5,0xe1,0xf6,0xff,0xc5,0xe1,0xf6,0xff,0xc4,0xe1,0xf6,0xff,
0xc4,0xe1,0xf6,0xff,0xc4,0xe0,0xf6,0xff,0xc4,0xe1,0xf6,0xff,0xc4,0xe1,0xf6,0xff,
0xc4,0xe1,0xf6,0xff,0xc4,0xe1,0xf6,0xff,0xc5,0xe1,0xf6,0xff,0xc4,0xe1,0xf6,0xff,
0xc5,0xe1,0xf6,0xff,0xc5,0xe1,0xf6,0xff,0xc5,0xe1,0xf6,0xff,0xc5,0xe1,0xf6,0xff,
0xc6,0xe2,0xf6,0xff,0xc6,0xe1,0xf6,0xff,0xc5,0xe1,0xf6,0xff,0xc5,0xe1,0xf6,0xff,
0xc4,0xe1,0xf6,0xff,0xc3,0xe0,0xf6,0xff,0xc0,0xde,0xf5,0xff,0xbc,0xda,0xf4,0xff,
0xb8,0xd6,0xf2,0xff,0xb2,0xd1,0xee,0xff,0xaa,0xca,0xea,0xff,0x9c,0xbd,0xe1,0xff,
0x8b,0xad,0xd7,0xff,0x7f,0xa1,0xd0,0xff,0x80,0xa2,0xd0,0xff,0x87,0xa9,0xd5,0xff,
0x87,0xaa,0xd5,0xff,0x86,0xa8,0xd4,0xff,0x84,0xa6,0xd3,0xff,0x82,0xa4,0xd1,0xfc,
0x7d,0xa1,0xd5,0xff,0x64,0x88,0xbf,0x90,0x00,0x00,0x00,0x00,0x55,0xaa,0xaa,0x03,
0x00,0x00,0x00,0x00,0x00,0x00,0x00,0x00,0x87,0xa8,0xd3,0x53,0x91,0xb2,0xdb,0xff,
0x8f,0xb0,0xd9,0xff,0x99,0xba,0xdf,0xff,0x9d,0xbe,0xe1,0xff,0x9e,0xbf,0xe2,0xff,
0xa0,0xc0,0xe3,0xff,0xa2,0xc2,0xe5,0xff,0xa0,0xc1,0xe4,0xff,0xa0,0xc0,0xe4,0xff,
0x9f,0xbf,0xe3,0xff,0x9b,0xbc,0xe1,0xff,0x98,0xb9,0xdf,0xff,0x95,0xb6,0xde,0xff,
0x90,0xb1,0xda,0xff,0x91,0xb2,0xda,0xff,0x82,0xa5,0xd1,0xff,0x48,0x6a,0xa7,0xff,
0x5e,0x80,0xb9,0xff,0x8e,0xaf,0xd9,0xff,0x97,0xb8,0xde,0xff,0x91,0xb2,0xda,0xff,
0x82,0xa4,0xd2,0xff,0x9f,0xc0,0xe3,0xff,0xb7,0xd6,0xf1,0xff,0xc2,0xe0,0xf6,0xff,
0xc4,0xe1,0xf6,0xff,0xc5,0xe1,0xf6,0xff,0xc5,0xe1,0xf6,0xff,0xc5,0xe1,0xf6,0xff,
0xc5,0xe1,0xf6,0xff,0xc5,0xe1,0xf6,0xff,0xc5,0xe1,0xf6,0xff,0xc5,0xe1,0xf6,0xff,
0xc5,0xe1,0xf6,0xff,0xc5,0xe1,0xf6,0xff,0xc5,0xe1,0xf6,0xff,0xc5,0xe1,0xf6,0xff,
0xc5,0xe1,0xf6,0xff,0xc5,0xe1,0xf6,0xff,0xc5,0xe1,0xf6,0xff,0xc5,0xe1,0xf6,0xff,
0xc5,0xe1,0xf6,0xff,0xc5,0xe1,0xf6,0xff,0xc5,0xe1,0xf6,0xff,0xc5,0xe1,0xf6,0xff,
0xc5,0xe1,0xf6,0xff,0xc5,0xe1,0xf6,0xff,0xc5,0xe1,0xf6,0xff,0xc5,0xe1,0xf6,0xff,
0xc5,0xe1,0xf6,0xff,0xc5,0xe1,0xf6,0xff,0xc3,0xe0,0xf6,0xff,0xbf,0xdd,0xf5,0xff,
0xbb,0xd9,0xf3,0xff,0xb6,0xd5,0xf1,0xff,0xaf,0xcf,0xec,0xff,0xa0,0xc0,0xe3,0xff,
0x86,0xa7,0xd4,0xff,0x71,0x94,0xc7,0xff,0x70,0x93,0xc7,0xff,0x75,0x98,0xc9,0xff,
0x76,0x98,0xca,0xff,0x70,0x93,0xc6,0xfd,0x6d,0x92,0xc9,0xff,0x66,0x89,0xbe,0x73,
0x00,0x00,0x00,0x00,0x55,0x55,0xaa,0x03,0x00,0x00,0x00,0x00,0x00,0x00,0x00,0x00,
0x8a,0xac,0xd7,0x60,0x92,0xb4,0xdc,0xff,0x87,0xa9,0xd4,0xff,0x8d,0xaf,0xd8,0xff,
0x98,0xba,0xdf,0xff,0x9a,0xba,0xe0,0xff,0x99,0xbb,0xdf,0xff,0x9a,0xbb,0xe0,0xff,
0x9a,0xbb,0xe0,0xff,0x9a,0xbb,0xe0,0xff,0x9a,0xbb,0xe0,0xff,0x97,0xb8,0xde,0xff,
0x95,0xb6,0xdd,0xff,0x91,0xb3,0xdb,0xff,0x8d,0xae,0xd7,0xff,0x90,0xb1,0xda,0xff,
0x65,0x87,0xbd,0xff,0x53,0x76,0xb0,0xff,0x73,0x96,0xc8,0xff,0x7a,0x9c,0xcc,0xff,
0x8d,0xae,0xd8,0xff,0x88,0xaa,0xd5,0xff,0x7d,0x9f,0xce,0xff,0x9e,0xbe,0xe2,0xff,
0xb9,0xd7,0xf2,0xff,0xc1,0xdf,0xf6,0xff,0xc2,0xe0,0xf6,0xff,0xc4,0xe1,0xf6,0xff,
0xc5,0xe1,0xf6,0xff,0xc5,0xe1,0xf6,0xff,0xc5,0xe1,0xf6,0xff,0xc5,0xe1,0xf6,0xff,
0xc5,0xe1,0xf6,0xff,0xc5,0xe1,0xf6,0xff,0xc5,0xe1,0xf6,0xff,0xc5,0xe1,0xf6,0xff,
0xc5,0xe1,0xf6,0xff,0xc5,0xe1,0xf6,0xff,0xc5,0xe1,0xf6,0xff,0xc5,0xe1,0xf6,0xff,
0xc5,0xe1,0xf6,0xff,0xc5,0xe1,0xf6,0xff,0xc5,0xe1,0xf6,0xff,0xc5,0xe1,0xf6,0xff,
0xc5,0xe1,0xf6,0xff,0xc5,0xe1,0xf6,0xff,0xc5,0xe1,0xf6,0xff,0xc5,0xe1,0xf6,0xff,
0xc5,0xe1,0xf6,0xff,0xc5,0xe1,0xf6,0xff,0xc5,0xe1,0xf6,0xff,0xc5,0xe1,0xf6,0xff,
0xc5,0xe1,0xf6,0xff,0xc5,0xe1,0xf6,0xff,0xc3,0xe0,0xf6,0xff,0xc0,0xde,0xf5,0xff,
0xbc,0xda,0xf4,0xff,0xb7,0xd6,0xf1,0xff,0xaf,0xce,0xec,0xff,0x99,0xba,0xdf,0xff,
0x7a,0x9c,0xcc,0xff,0x64,0x87,0xbe,0xff,0x64,0x88,0xbe,0xff,0x67,0x8a,0xc0,0xff,
0x68,0x8c,0xc3,0xff,0x63,0x89,0xc0,0x4a,0x00,0x00,0x00,0x00,0x7f,0x7f,0xff,0x02,
0x00,0x00,0x00,0x00,0x00,0x00,0x00,0x00,0x8e,0xb0,0xd8,0x6b,0x93,0xb5,0xdd,0xff,
0x87,0xa9,0xd5,0xfe,0x7b,0x9d,0xcd,0xff,0x8a,0xac,0xd6,0xff,0x92,0xb3,0xdb,0xff,
0x93,0xb4,0xdc,0xff,0x92,0xb4,0xdb,0xff,0x95,0xb6,0xdd,0xff,0x97,0xb8,0xde,0xff,
0x98,0xb8,0xdf,0xff,0x96,0xb7,0xdd,0xff,0x92,0xb4,0xdb,0xff,0x8d,0xaf,0xd8,0xff,
0x8c,0xae,0xd8,0xff,0x77,0x9a,0xca,0xff,0x53,0x75,0xb1,0xff,0x7b,0x9e,0xcd,0xff,
0x8c,0xae,0xd8,0xff,0x6e,0x91,0xc5,0xff,0x80,0xa2,0xd0,0xff,0x7c,0x9f,0xce,0xff,
0x74,0x96,0xc9,0xff,0x9a,0xba,0xe0,0xff,0xb6,0xd4,0xf0,0xff,0xbf,0xdd,0xf5,0xff,
0xc2,0xdf,0xf6,0xff,0xc4,0xe1,0xf6,0xff,0xc5,0xe1,0xf6,0xff,0xc5,0xe1,0xf6,0xff,
0xc5,0xe1,0xf6,0xff,0xc5,0xe1,0xf6,0xff,0xc5,0xe1,0xf6,0xff,0xc5,0xe1,0xf6,0xff,
0xc5,0xe1,0xf6,0xff,0xc5,0xe1,0xf6,0xff,0xc5,0xe1,0xf6,0xff,0xc5,0xe1,0xf6,0xff,
0xc5,0xe1,0xf6,0xff,0xc5,0xe1,0xf6,0xff,0xc5,0xe1,0xf6,0xff,0xc5,0xe1,0xf6,0xff,
0xc5,0xe1,0xf6,0xff,0xc5,0xe1,0xf6,0xff,0xc5,0xe1,0xf6,0xff,0xc5,0xe1,0xf6,0xff,
0xc5,0xe1,0xf6,0xff,0xc5,0xe1,0xf6,0xff,0xc5,0xe1,0xf6,0xff,0xc5,0xe1,0xf6,0xff,
0xc5,0xe1,0xf6,0xff,0xc5,0xe1,0xf6,0xff,0xc5,0xe1,0xf6,0xff,0xc5,0xe1,0xf6,0xff,
0xc5,0xe1,0xf6,0xff,0xc5,0xe1,0xf6,0xff,0xc4,0xe1,0xf6,0xff,0xc0,0xde,0xf5,0xff,
0xb9,0xd7,0xf2,0xff,0xb3,0xd2,0xef,0xff,0xa8,0xc8,0xe8,0xff,0x8d,0xae,0xd8,0xff,
0x69,0x8c,0xc1,0xfe,0x5f,0x84,0xbd,0xff,0x62,0x86,0xbd,0xea,0x62,0x83,0xbd,0x1f,
0x00,0x00,0x00,0x00,0x7f,0x7f,0x7f,0x02,0x00,0x00,0x00,0x00,0x00,0x00,0x00,0x00,
0x8d,0xae,0xd7,0x75,0x96,0xb8,0xe0,0xff,0x8d,0xaf,0xd8,0xfe,0x79,0x9c,0xcc,0xff,
0x74,0x97,0xc9,0xff,0x83,0xa6,0xd2,0xff,0x89,0xab,0xd6,0xff,0x89,0xab,0xd6,0xff,
0x8b,0xad,0xd7,0xff,0x8e,0xaf,0xd9,0xff,0x8f,0xb0,0xda,0xff,0x8e,0xaf,0xd8,0xff,
0x8c,0xae,0xd7,0xff,0x89,0xab,0xd6,0xff,0x74,0x97,0xc8,0xff,0x59,0x7c,0xb6,0xff,
0x7d,0x9f,0xce,0xff,0x9f,0xbf,0xe3,0xff,0x9e,0xbf,0xe3,0xff,0x73,0x95,0xc8,0xff,
0x6e,0x91,0xc5,0xff,0x6d,0x91,0xc5,0xff,0x67,0x8b,0xc1,0xff,0x89,0xab,0xd6,0xff,
0xab,0xca,0xea,0xff,0xba,0xd9,0xf3,0xff,0xc0,0xde,0xf6,0xff,0xc2,0xe0,0xf6,0xff,
0xc3,0xe0,0xf6,0xff,0xc3,0xe1,0xf6,0xff,0xc4,0xe1,0xf6,0xff,0xc5,0xe1,0xf6,0xff,
0xc5,0xe1,0xf6,0xff,0xc5,0xe1,0xf6,0xff,0xc5,0xe1,0xf6,0xff,0xc5,0xe1,0xf6,0xff,
0xc5,0xe1,0xf6,0xff,0xc5,0xe1,0xf6,0xff,0xc5,0xe1,0xf6,0xff,0xc5,0xe1,0xf6,0xff,
0xc5,0xe1,0xf6,0xff,0xc5,0xe1,0xf6,0xff,0xc5,0xe1,0xf6,0xff,0xc5,0xe1,0xf6,0xff,
0xc5,0xe1,0xf6,0xff,0xc5,0xe1,0xf6,0xff,0xc5,0xe1,0xf6,0xff,0xc5,0xe1,0xf6,0xff,
0xc5,0xe1,0xf6,0xff,0xc5,0xe1,0xf6,0xff,0xc5,0xe1,0xf6,0xff,0xc5,0xe1,0xf6,0xff,
0xc5,0xe1,0xf6,0xff,0xc5,0xe1,0xf6,0xff,0xc5,0xe1,0xf6,0xff,0xc5,0xe1,0xf6,0xff,
0xc5,0xe1,0xf6,0xff,0xc5,0xe1,0xf6,0xff,0xc3,0xe0,0xf6,0xff,0xbe,0xdc,0xf4,0xff,
0xb5,0xd4,0xf0,0xff,0xae,0xce,0xec,0xff,0x9b,0xbd,0xe1,0xfc,0x7f,0xa4,0xd6,0xff,
0x5e,0x82,0xba,0xa4,0x00,0x00,0x00,0x00,0x55,0xaa,0xaa,0x03,0x00,0x00,0x00,0x00,
0x00,0x00,0x00,0x00,0x00,0x00,0x00,0x00,0x8d,0xaf,0xd7,0x80,0x9a,0xbc,0xe3,0xff,
0x94,0xb4,0xdc,0xfe,0x89,0xaa,0xd6,0xff,0x74,0x96,0xc9,0xff,0x6d,0x90,0xc4,0xff,
0x73,0x97,0xc9,0xff,0x7a,0x9d,0xcd,0xff,0x7f,0xa2,0xcf,0xff,0x81,0xa3,0xd1,0xff,
0x84,0xa6,0xd2,0xff,0x83,0xa5,0xd2,0xff,0x78,0x9b,0xcb,0xff,0x65,0x88,0xbe,0xff,
0x60,0x83,0xbc,0xff,0x83,0xa5,0xd2,0xff,0xa5,0xc5,0xe7,0xff,0xad,0xcc,0xeb,0xff,
0xa9,0xc8,0xe9,0xff,0x87,0xa9,0xd4,0xff,0x61,0x84,0xbc,0xff,0x67,0x8b,0xc0,0xff,
0x5e,0x81,0xba,0xff,0x77,0x9a,0xcb,0xff,0x9a,0xbb,0xe0,0xff,0xb1,0xd0,0xed,0xff,
0xbb,0xda,0xf3,0xff,0xbf,0xdd,0xf5,0xff,0xbf,0xdd,0xf5,0xff,0xbf,0xdd,0xf5,0xff,
0xbf,0xdd,0xf5,0xff,0xbf,0xdd,0xf5,0xff,0xbf,0xdd,0xf5,0xff,0xbf,0xdd,0xf5,0xff,
0xc1,0xde,0xf5,0xff,0xc2,0xe0,0xf6,0xff,0xc3,0xe0,0xf6,0xff,0xc3,0xe0,0xf6,0xff,
0xc3,0xe0,0xf6,0xff,0xc3,0xe0,0xf6,0xff,0xc2,0xe0,0xf6,0xff,0xc2,0xe0,0xf6,0xff,
0xc2,0xdf,0xf6,0xff,0xc2,0xe0,0xf6,0xff,0xc2,0xe0,0xf6,0xff,0xc3,0xe0,0xf6,0xff,
0xc4,0xe1,0xf6,0xff,0xc5,0xe1,0xf6,0xff,0xc5,0xe1,0xf6,0xff,0xc5,0xe1,0xf6,0xff,
0xc5,0xe1,0xf6,0xff,0xc5,0xe1,0xf6,0xff,0xc5,0xe1,0xf6,0xff,0xc5,0xe1,0xf6,0xff,
0xc5,0xe1,0xf6,0xff,0xc5,0xe1,0xf6,0xff,0xc5,0xe1,0xf6,0xff,0xc5,0xe1,0xf6,0xff,
0xc5,0xe1,0xf6,0xff,0xc5,0xe1,0xf6,0xff,0xc1,0xdf,0xf6,0xff,0xbb,0xd9,0xf3,0xff,
0xb0,0xcf,0xed,0xfe,0xa5,0xc7,0xea,0xfe,0x8f,0xb1,0xda,0xd2,0x71,0x97,0xc8,0x2f,
0x00,0x00,0x00,0x00,0x7f,0x7f,0xff,0x02,0x00,0x00,0x00,0x00,0x00,0x00,0x00,0x00,
0x89,0xaa,0xd5,0x82,0x9e,0xbf,0xe5,0xff,0x9b,0xbc,0xe0,0xfe,0x95,0xb6,0xdd,0xff,
0x89,0xab,0xd6,0xff,0x77,0x99,0xcb,0xff,0x69,0x8c,0xc1,0xff,0x65,0x89,0xbf,0xff,
0x64,0x87,0xbe,0xff,0x65,0x88,0xbf,0xff,0x64,0x88,0xbe,0xff,0x60,0x84,0xbc,0xff,
0x5d,0x80,0xb9,0xff,0x6d,0x90,0xc3,0xff,0x8f,0xb0,0xd9,0xff,0xa6,0xc6,0xe7,0xff,
0xb1,0xd0,0xee,0xff,0xb3,0xd2,0xef,0xff,0xac,0xcb,0xea,0xff,0x9b,0xbc,0xe0,0xff,
0x6c,0x8f,0xc3,0xff,0x5c,0x7f,0xb9,0xff,0x60,0x84,0xbc,0xff,0x67,0x8a,0xc0,0xff,
0x88,0xaa,0xd5,0xff,0xa2,0xc2,0xe5,0xff,0xb3,0xd2,0xef,0xff,0xb8,0xd6,0xf1,0xff,
0xba,0xd8,0xf2,0xff,0xb8,0xd6,0xf1,0xff,0xb6,0xd5,0xf0,0xff,0xb6,0xd5,0xf0,0xff,
0xb6,0xd5,0xf0,0xff,0xb5,0xd4,0xf0,0xff,0xb7,0xd6,0xf1,0xff,0xb9,0xd8,0xf2,0xff,
0xbb,0xd9,0xf3,0xff,0xbc,0xda,0xf3,0xff,0xbc,0xda,0xf4,0xff,0xba,0xd9,0xf3,0xff,
0xba,0xd8,0xf2,0xff,0xb9,0xd8,0xf2,0xff,0xb9,0xd7,0xf2,0xff,0xb9,0xd8,0xf2,0xff,
0xbb,0xd9,0xf3,0xff,0xbd,0xdb,0xf4,0xff,0xc1,0xdf,0xf6,0xff,0xc4,0xe1,0xf6,0xff,
0xc5,0xe1,0xf6,0xff,0xc5,0xe1,0xf6,0xff,0xc5,0xe1,0xf6,0xff,0xc5,0xe1,0xf6,0xff,
0xc5,0xe1,0xf6,0xff,0xc5,0xe1,0xf6,0xff,0xc5,0xe1,0xf6,0xff,0xc5,0xe1,0xf6,0xff,
0xc5,0xe1,0xf6,0xff,0xc5,0xe1,0xf6,0xff,0xc5,0xe1,0xf6,0xff,0xc5,0xe1,0xf6,0xff,
0xc5,0xe1,0xf6,0xff,0xc3,0xe1,0xf6,0xff,0xc0,0xde,0xf5,0xff,0xb5,0xd3,0xef,0xfe,
0xab,0xcd,0xf1,0xff,0x8c,0xae,0xd8,0xda,0x69,0x8f,0xc0,0x29,0x00,0x00,0x00,0x00,
0x7f,0x7f,0x7f,0x02,0x00,0x00,0x00,0x00,0x88,0xaa,0xd4,0x7f,0xa3,0xc4,0xe8,0xff,
0xa1,0xc1,0xe4,0xfe,0x9f,0xc0,0xe3,0xff,0x9a,0xbb,0xe0,0xff,0x93,0xb4,0xdc,0xff,
0x8b,0xad,0xd7,0xff,0x82,0xa5,0xd2,0xff,0x7a,0x9d,0xcc,0xff,0x73,0x96,0xc8,0xff,
0x73,0x96,0xc8,0xff,0x79,0x9c,0xcc,0xff,0x8b,0xac,0xd7,0xff,0x9f,0xbf,0xe3,0xff,
0xaa,0xca,0xea,0xff,0xb0,0xcf,0xed,0xff,0xb3,0xd2,0xef,0xff,0xb2,0xd1,0xee,0xff,
0xad,0xcc,0xeb,0xff,0xa3,0xc3,0xe5,0xff,0x8e,0xaf,0xd8,0xff,0x68,0x8b,0xc1,0xff,
0x58,0x7b,0xb6,0xff,0x59,0x7c,0xb6,0xff,0x77,0x9a,0xcb,0xff,0x97,0xb8,0xde,0xff,
0xa3,0xc3,0xe5,0xff,0xac,0xcc,0xeb,0xff,0xaf,0xcf,0xed,0xff,0xaf,0xce,0xec,0xff,
0xae,0xcd,0xec,0xff,0xaf,0xce,0xec,0xff,0xae,0xcd,0xec,0xff,0xae,0xcd,0xec,0xff,
0xaf,0xce,0xec,0xff,0xb0,0xcf,0xed,0xff,0xb1,0xd0,0xed,0xff,0xb2,0xd1,0xee,0xff,
0xb2,0xd1,0xee,0xff,0xb1,0xd0,0xee,0xff,0xaf,0xce,0xec,0xff,0xaf,0xce,0xec,0xff,
0xaf,0xce,0xec,0xff,0xb0,0xcf,0xec,0xff,0xb2,0xd1,0xee,0xff,0xb5,0xd3,0xf0,0xff,
0xba,0xd8,0xf3,0xff,0xc0,0xde,0xf6,0xff,0xc4,0xe1,0xf6,0xff,0xc5,0xe1,0xf6,0xff,
0xc5,0xe1,0xf6,0xff,0xc5,0xe1,0xf6,0xff,0xc5,0xe1,0xf6,0xff,0xc5,0xe1,0xf6,0xff,
0xc5,0xe1,0xf6,0xff,0xc5,0xe1,0xf6,0xff,0xc5,0xe1,0xf6,0xff,0xc5,0xe1,0xf6,0xff,
0xc5,0xe1,0xf6,0xff,0xc5,0xe1,0xf6,0xff,0xc5,0xe1,0xf6,0xff,0xc4,0xe1,0xf6,0xff,
0xc3,0xe0,0xf6,0xff,0xc1,0xdf,0xf6,0xff,0xb7,0xd5,0xf0,0xfc,0xa6,0xc7,0xec,0xff,
0x81,0xa3,0xd1,0xcf,0x61,0x85,0xc2,0x15,0x00,0x00,0x00,0x00,0x7f,0x7f,0x7f,0x02,
0x91,0xb4,0xda,0x77,0xa8,0xc9,0xeb,0xff,0xa7,0xc7,0xe7,0xfe,0xa9,0xc9,0xe9,0xff,
0xa7,0xc7,0xe8,0xff,0xa5,0xc5,0xe6,0xff,0xa1,0xc1,0xe4,0xff,0xa0,0xc1,0xe3,0xff,
0xa0,0xc0,0xe3,0xff,0x9e,0xbf,0xe3,0xff,0xa0,0xc0,0xe4,0xff,0xa5,0xc5,0xe6,0xff,
0xaa,0xca,0xe9,0xff,0xaf,0xcf,0xec,0xff,0xb4,0xd3,0xef,0xff,0xb4,0xd3,0xef,0xff,
0xb2,0xd2,0xee,0xff,0xb0,0xd0,0xed,0xff,0xac,0xcc,0xeb,0xff,0xa6,0xc6,0xe7,0xff,
0x9a,0xbb,0xe0,0xff,0x8c,0xad,0xd8,0xff,0x6f,0x92,0xc5,0xff,0x5d,0x80,0xb9,0xff,
0x60,0x83,0xbb,0xff,0x85,0xa7,0xd3,0xff,0x98,0xb9,0xde,0xff,0x9e,0xbf,0xe2,0xff,
0xa2,0xc3,0xe5,0xff,0xa5,0xc5,0xe6,0xff,0xa6,0xc6,0xe7,0xff,0xa7,0xc7,0xe8,0xff,
0xa9,0xc8,0xe9,0xff,0xa8,0xc8,0xe8,0xff,0xa9,0xc9,0xe9,0xff,0xab,0xcb,0xea,0xff,
0xac,0xcb,0xea,0xff,0xac,0xcb,0xea,0xff,0xab,0xca,0xe9,0xff,0xa8,0xc8,0xe9,0xff,
0xa6,0xc6,0xe7,0xff,0xa5,0xc5,0xe6,0xff,0xa6,0xc6,0xe6,0xff,0xa7,0xc7,0xe8,0xff,
0xac,0xcc,0xeb,0xff,0xb0,0xd0,0xed,0xff,0xb5,0xd3,0xf0,0xff,0xbd,0xdb,0xf4,0xff,
0xc2,0xdf,0xf6,0xff,0xc3,0xe1,0xf6,0xff,0xc5,0xe1,0xf6,0xff,0xc5,0xe1,0xf6,0xff,
0xc5,0xe1,0xf6,0xff,0xc5,0xe1,0xf6,0xff,0xc5,0xe1,0xf6,0xff,0xc5,0xe1,0xf6,0xff,
0xc5,0xe1,0xf6,0xff,0xc5,0xe1,0xf6,0xff,0xc5,0xe1,0xf6,0xff,0xc5,0xe1,0xf6,0xff,
0xc5,0xe1,0xf6,0xff,0xc5,0xe1,0xf6,0xff,0xc4,0xe1,0xf6,0xff,0xc3,0xe0,0xf6,0xff,
0xbf,0xdd,0xf5,0xff,0xae,0xcd,0xeb,0xfc,0x97,0xba,0xe5,0xff,0x75,0x98,0xc8,0x9f,
0x7f,0x7f,0x7f,0x02,0xff,0xff,0xff,0x01,0xa3,0xc0,0xe5,0x6f,0xaa,0xcb,0xec,0xff,
0xae,0xce,0xeb,0xfe,0xb1,0xd0,0xed,0xff,0xb1,0xd0,0xed,0xff,0xb1,0xd0,0xed,0xff,
0xb0,0xcf,0xed,0xff,0xae,0xcd,0xeb,0xff,0xae,0xcd,0xec,0xff,0xae,0xcd,0xec,0xff,
0xaf,0xcf,0xed,0xff,0xb1,0xd0,0xed,0xff,0xb3,0xd2,0xef,0xff,0xb5,0xd4,0xf0,0xff,
0xb7,0xd5,0xf1,0xff,0xb5,0xd4,0xf0,0xff,0xb4,0xd3,0xef,0xff,0xb1,0xd0,0xed,0xff,
0xab,0xcb,0xea,0xff,0xa8,0xc8,0xe8,0xff,0xa1,0xc1,0xe4,0xff,0x96,0xb7,0xde,0xff,
0x8b,0xad,0xd7,0xff,0x7d,0xa0,0xcf,0xff,0x6b,0x8e,0xc3,0xff,0x67,0x8a,0xc0,0xff,
0x83,0xa5,0xd2,0xff,0x94,0xb6,0xdc,0xff,0x97,0xb8,0xde,0xff,0x99,0xba,0xe0,0xff,
0x9b,0xbc,0xe1,0xff,0x9e,0xbe,0xe2,0xff,0xa0,0xc0,0xe3,0xff,0xa1,0xc1,0xe4,0xff,
0xa3,0xc3,0xe5,0xff,0xa4,0xc5,0xe6,0xff,0xa5,0xc5,0xe6,0xff,0xa4,0xc4,0xe6,0xff,
0xa0,0xc1,0xe4,0xff,0x9e,0xbe,0xe2,0xff,0x9c,0xbd,0xe1,0xff,0x9b,0xbc,0xe0,0xff,
0x9d,0xbd,0xe1,0xff,0xa0,0xc0,0xe3,0xff,0xa6,0xc6,0xe7,0xff,0xac,0xcb,0xea,0xff,
0xb1,0xd1,0xee,0xff,0xb9,0xd7,0xf2,0xff,0xbe,0xdc,0xf5,0xff,0xc2,0xdf,0xf6,0xff,
0xc4,0xe1,0xf6,0xff,0xc5,0xe1,0xf6,0xff,0xc5,0xe1,0xf6,0xff,0xc5,0xe1,0xf6,0xff,
0xc5,0xe1,0xf6,0xff,0xc5,0xe1,0xf6,0xff,0xc5,0xe1,0xf6,0xff,0xc5,0xe1,0xf6,0xff,
0xc5,0xe1,0xf6,0xff,0xc5,0xe1,0xf6,0xff,0xc5,0xe1,0xf6,0xff,0xc5,0xe1,0xf6,0xff,
0xc4,0xe1,0xf6,0xff,0xc3,0xe1,0xf6,0xff,0xc1,0xdf,0xf6,0xff,0xb4,0xd2,0xee,0xfe,
0x9f,0xbf,0xe3,0xfd,0x82,0xa5,0xd3,0xfd,0x69,0x8d,0xc2,0x3f,0x00,0x00,0x00,0x00,
0xa6,0xc6,0xe6,0x68,0xae,0xce,0xee,0xff,0xb3,0xd2,0xee,0xff,0xb6,0xd5,0xf1,0xff,
0xb8,0xd6,0xf2,0xff,0xb8,0xd7,0xf2,0xff,0xb8,0xd6,0xf1,0xff,0xb7,0xd5,0xf1,0xff,
0xb7,0xd5,0xf1,0xff,0xb7,0xd5,0xf1,0xff,0xb7,0xd5,0xf1,0xff,0xb7,0xd5,0xf1,0xff,
0xb7,0xd6,0xf1,0xff,0xb9,0xd7,0xf2,0xff,0xb8,0xd7,0xf1,0xff,0xb5,0xd4,0xf0,0xff,
0xb3,0xd2,0xef,0xff,0xb2,0xd1,0xee,0xff,0xad,0xcd,0xeb,0xff,0xa8,0xc8,0xe9,0xff,
0xa4,0xc5,0xe6,0xff,0x9d,0xbe,0xe2,0xff,0x93,0xb4,0xdc,0xff,0x8a,0xac,0xd6,0xff,
0x80,0xa3,0xd0,0xff,0x6e,0x92,0xc5,0xff,0x65,0x88,0xbf,0xff,0x75,0x98,0xc9,0xff,
0x8a,0xac,0xd7,0xff,0x93,0xb5,0xdc,0xff,0x94,0xb6,0xdd,0xff,0x95,0xb7,0xdd,0xff,
0x97,0xb7,0xde,0xff,0x98,0xba,0xdf,0xff,0x99,0xba,0xdf,0xff,0x9a,0xbb,0xe0,0xff,
0x9a,0xbb,0xe0,0xff,0x99,0xb9,0xdf,0xff,0x96,0xb7,0xde,0xff,0x95,0xb6,0xdd,0xff,
0x95,0xb5,0xdd,0xff,0x95,0xb5,0xdd,0xff,0x97,0xb8,0xde,0xff,0x9c,0xbd,0xe1,0xff,
0xa1,0xc1,0xe4,0xff,0xa8,0xc8,0xe9,0xff,0xb0,0xcf,0xed,0xff,0xb6,0xd4,0xf0,0xff,
0xbb,0xd9,0xf3,0xff,0xc0,0xde,0xf6,0xff,0xc3,0xe0,0xf6,0xff,0xc5,0xe1,0xf6,0xff,
0xc5,0xe1,0xf6,0xff,0xc5,0xe1,0xf6,0xff,0xc5,0xe1,0xf6,0xff,0xc5,0xe1,0xf6,0xff,
0xc5,0xe1,0xf6,0xff,0xc5,0xe1,0xf6,0xff,0xc5,0xe1,0xf6,0xff,0xc5,0xe1,0xf6,0xff,
0xc5,0xe1,0xf6,0xff,0xc5,0xe1,0xf6,0xff,0xc5,0xe1,0xf6,0xff,0xc4,0xe1,0xf6,0xff,
0xc3,0xe0,0xf6,0xff,0xb8,0xd6,0xf2,0xff,0xa4,0xc4,0xe5,0xfd,0x94,0xb7,0xe2,0xff,
0x73,0x96,0xc8,0xa4,0x00,0x00,0x00,0x00,0xaa,0xc9,0xe8,0x5b,0xb1,0xd1,0xef,0xff,
0xb6,0xd5,0xf0,0xff,0xbb,0xd9,0xf3,0xff,0xbd,0xdb,0xf4,0xff,0xbd,0xdb,0xf4,0xff,
0xbc,0xdb,0xf4,0xff,0xbc,0xda,0xf4,0xff,0xbb,0xd9,0xf3,0xff,0xba,0xd9,0xf3,0xff,
0xb9,0xd8,0xf2,0xff,0xba,0xd8,0xf2,0xff,0xb9,0xd7,0xf2,0xff,0xb9,0xd7,0xf2,0xff,
0xb8,0xd6,0xf2,0xff,0xb6,0xd5,0xf0,0xff,0xb3,0xd2,0xef,0xff,0xb0,0xcf,0xed,0xff,
0xae,0xcd,0xec,0xff,0xaa,0xc9,0xe9,0xff,0xa4,0xc4,0xe6,0xff,0x9f,0xbf,0xe3,0xff,
0x98,0xb9,0xdf,0xff,0x91,0xb3,0xdb,0xff,0x87,0xa9,0xd5,0xff,0x7c,0x9e,0xce,0xff,
0x6d,0x90,0xc4,0xff,0x60,0x83,0xbb,0xff,0x61,0x84,0xbc,0xff,0x70,0x93,0xc6,0xff,
0x80,0xa2,0xd0,0xff,0x8a,0xac,0xd7,0xff,0x8f,0xb1,0xda,0xff,0x91,0xb3,0xda,0xff,
0x91,0xb3,0xdb,0xff,0x93,0xb4,0xdc,0xff,0x93,0xb4,0xdb,0xff,0x92,0xb3,0xdb,0xff,
0x91,0xb2,0xdb,0xff,0x91,0xb2,0xdb,0xff,0x91,0xb2,0xdb,0xff,0x91,0xb3,0xdb,0xff,
0x92,0xb3,0xdb,0xff,0x96,0xb7,0xdd,0xff,0x9d,0xbe,0xe2,0xff,0xa6,0xc6,0xe7,0xff,
0xae,0xcd,0xeb,0xff,0xb2,0xd1,0xee,0xff,0xb7,0xd6,0xf1,0xff,0xbe,0xdc,0xf5,0xff,
0xc1,0xdf,0xf6,0xff,0xc4,0xe1,0xf6,0xff,0xc5,0xe1,0xf6,0xff,0xc5,0xe1,0xf6,0xff,
0xc5,0xe1,0xf6,0xff,0xc5,0xe1,0xf6,0xff,0xc5,0xe1,0xf6,0xff,0xc5,0xe1,0xf6,0xff,
0xc5,0xe1,0xf6,0xff,0xc5,0xe1,0xf6,0xff,0xc5,0xe1,0xf6,0xff,0xc5,0xe1,0xf6,0xff,
0xc5,0xe1,0xf6,0xff,0xc4,0xe1,0xf6,0xff,0xc3,0xe0,0xf6,0xff,0xb9,0xd8,0xf2,0xff,
0xa6,0xc6,0xe7,0xfe,0x99,0xbb,0xe2,0xff,0x7d,0x9f,0xce,0xe6,0x63,0x86,0xbf,0x24,
0xae,0xce,0xe8,0x4f,0xb3,0xd2,0xef,0xff,0xb8,0xd7,0xf2,0xff,0xbd,0xdb,0xf4,0xff,
0xc0,0xde,0xf6,0xff,0xc0,0xde,0xf5,0xff,0xbf,0xdd,0xf5,0xff,0xbe,0xdc,0xf5,0xff,
0xbe,0xdc,0xf5,0xff,0xbb,0xda,0xf4,0xff,0xbb,0xda,0xf4,0xff,0xbc,0xda,0xf4,0xff,
0xba,0xd8,0xf3,0xff,0xba,0xd9,0xf3,0xff,0xba,0xd8,0xf3,0xff,0xb7,0xd6,0xf1,0xff,
0xb4,0xd3,0xef,0xff,0xb1,0xd0,0xed,0xff,0xae,0xcd,0xeb,0xff,0xaa,0xc9,0xe9,0xff,
0xa4,0xc4,0xe6,0xff,0x9f,0xbf,0xe3,0xff,0x9b,0xbc,0xe0,0xff,0x96,0xb7,0xde,0xff,
0x8e,0xb0,0xd9,0xff,0x84,0xa6,0xd3,0xff,0x77,0x9a,0xcb,0xff,0x6a,0x8d,0xc2,0xff,
0x5c,0x80,0xb9,0xff,0x51,0x75,0xb1,0xff,0x52,0x76,0xb1,0xff,0x5a,0x7d,0xb6,0xff,
0x64,0x87,0xbd,0xff,0x6b,0x8e,0xc2,0xff,0x72,0x94,0xc7,0xff,0x75,0x98,0xc9,0xff,
0x77,0x99,0xca,0xff,0x77,0x99,0xca,0xff,0x73,0x96,0xc8,0xff,0x70,0x92,0xc6,0xff,
0x6f,0x91,0xc4,0xff,0x74,0x97,0xc8,0xff,0x85,0xa7,0xd3,0xff,0x92,0xb4,0xdc,0xff,
0x98,0xb8,0xde,0xff,0xa2,0xc2,0xe5,0xff,0xac,0xcc,0xeb,0xff,0xb0,0xd0,0xed,0xff,
0xb4,0xd2,0xef,0xff,0xba,0xd9,0xf3,0xff,0xc0,0xde,0xf6,0xff,0xc3,0xe0,0xf6,0xff,
0xc4,0xe1,0xf6,0xff,0xc5,0xe1,0xf6,0xff,0xc5,0xe1,0xf6,0xff,0xc5,0xe1,0xf6,0xff,
0xc5,0xe1,0xf6,0xff,0xc5,0xe1,0xf6,0xff,0xc5,0xe1,0xf6,0xff,0xc5,0xe1,0xf6,0xff,
0xc5,0xe1,0xf6,0xff,0xc5,0xe1,0xf6,0xff,0xc5,0xe1,0xf6,0xff,0xc4,0xe1,0xf6,0xff,
0xc3,0xe1,0xf6,0xff,0xbb,0xd9,0xf3,0xff,0xa9,0xc9,0xe9,0xff,0x9a,0xbb,0xe0,0xfe,
0x85,0xa8,0xd5,0xfe,0x6e,0x90,0xc4,0x5c,0xb1,0xd1,0xec,0x38,0xb3,0xd2,0xee,0xf7,
0xbc,0xdb,0xf5,0xff,0xbf,0xdd,0xf5,0xfe,0xc0,0xde,0xf6,0xff,0xc0,0xde,0xf6,0xff,
0xc0,0xde,0xf6,0xff,0xc0,0xdd,0xf5,0xff,0xbf,0xdd,0xf5,0xff,0xbd,0xdb,0xf4,0xff,
0xbd,0xdb,0xf4,0xff,0xbe,0xdb,0xf4,0xff,0xbc,0xdb,0xf4,0xff,0xbc,0xda,0xf4,0xff,
0xbb,0xd9,0xf3,0xff,0xba,0xd8,0xf3,0xff,0xb7,0xd5,0xf1,0xff,0xb2,0xd1,0xee,0xff,
0xae,0xce,0xec,0xff,0xab,0xcb,0xea,0xff,0xa7,0xc7,0xe7,0xff,0xa2,0xc2,0xe4,0xff,
0x9c,0xbd,0xe1,0xff,0x99,0xb9,0xdf,0xff,0x93,0xb4,0xdc,0xff,0x8b,0xac,0xd7,0xff,
0x7f,0xa1,0xd0,0xff,0x72,0x95,0xc8,0xff,0x65,0x88,0xbf,0xff,0x5b,0x7e,0xb8,0xff,
0x55,0x79,0xb4,0xff,0x50,0x73,0xaf,0xff,0x4c,0x6f,0xac,0xff,0x4b,0x6e,0xac,0xff,
0x4b,0x6d,0xab,0xff,0x4b,0x6d,0xaa,0xff,0x4a,0x6c,0xa9,0xff,0x48,0x6a,0xa8,0xff,
0x45,0x67,0xa5,0xff,0x42,0x64,0xa2,0xff,0x41,0x62,0xa1,0xff,0x42,0x63,0xa2,0xff,
0x4a,0x6b,0xa7,0xff,0x68,0x89,0xbe,0xff,0x8c,0xae,0xd8,0xff,0x9a,0xbb,0xe0,0xff,
0xa5,0xc5,0xe7,0xff,0xae,0xce,0xec,0xff,0xb2,0xd1,0xee,0xff,0xb6,0xd5,0xf0,0xff,
0xbd,0xdb,0xf4,0xff,0xc2,0xe0,0xf6,0xff,0xc4,0xe1,0xf6,0xff,0xc5,0xe1,0xf6,0xff,
0xc5,0xe1,0xf6,0xff,0xc5,0xe1,0xf6,0xff,0xc5,0xe1,0xf6,0xff,0xc5,0xe1,0xf6,0xff,
0xc5,0xe1,0xf6,0xff,0xc5,0xe1,0xf6,0xff,0xc5,0xe1,0xf6,0xff,0xc5,0xe1,0xf6,0xff,
0xc5,0xe1,0xf6,0xff,0xc4,0xe1,0xf6,0xff,0xc3,0xe1,0xf6,0xff,0xbb,0xd9,0xf3,0xff,
0xab,0xca,0xe9,0xff,0x9b,0xbb,0xdf,0xfe,0x8c,0xaf,0xdc,0xff,0x70,0x93,0xc6,0x8c,
0xb0,0xce,0xec,0x2a,0xb6,0xd4,0xf0,0xeb,0xbf,0xde,0xf8,0xff,0xbf,0xdd,0xf5,0xfe,
0xc1,0xdf,0xf6,0xff,0xc1,0xdf,0xf6,0xff,0xc0,0xde,0xf6,0xff,0xc0,0xde,0xf6,0xff,
0xc0,0xde,0xf6,0xff,0xc0,0xde,0xf6,0xff,0xbf,0xdc,0xf5,0xff,0xbf,0xdc,0xf5,0xff,
0xbf,0xdd,0xf5,0xff,0xbe,0xdc,0xf5,0xff,0xbd,0xdb,0xf4,0xff,0xbb,0xda,0xf3,0xff,
0xb8,0xd6,0xf2,0xff,0xb5,0xd4,0xf0,0xff,0xb2,0xd0,0xee,0xff,0xad,0xcd,0xeb,0xff,
0xa8,0xc8,0xe8,0xff,0xa4,0xc4,0xe6,0xff,0x9f,0xbf,0xe3,0xff,0x9c,0xbd,0xe1,0xff,
0x9a,0xba,0xdf,0xff,0x92,0xb3,0xdb,0xff,0x88,0xa9,0xd5,0xff,0x7c,0x9f,0xce,0xff,
0x6d,0x90,0xc5,0xff,0x60,0x84,0xbc,0xff,0x5a,0x7d,0xb7,0xff,0x56,0x79,0xb4,0xff,
0x52,0x75,0xb1,0xff,0x4e,0x70,0xad,0xff,0x4b,0x6d,0xab,0xff,0x49,0x6b,0xa8,0xff,
0x46,0x68,0xa7,0xff,0x45,0x66,0xa4,0xff,0x43,0x64,0xa3,0xff,0x42,0x63,0xa2,0xff,
0x43,0x64,0xa2,0xff,0x41,0x61,0xa0,0xff,0x3d,0x5d,0x9d,0xff,0x37,0x56,0x96,0xff,
0x4a,0x6a,0xa5,0xff,0x82,0xa4,0xd1,0xff,0x9d,0xbe,0xe2,0xff,0xa9,0xc9,0xe9,0xff,
0xb2,0xd1,0xee,0xff,0xb5,0xd4,0xf0,0xff,0xba,0xd9,0xf3,0xff,0xc1,0xdf,0xf6,0xff,
0xc3,0xe1,0xf6,0xff,0xc5,0xe1,0xf6,0xff,0xc5,0xe1,0xf6,0xff,0xc5,0xe1,0xf6,0xff,
0xc5,0xe1,0xf6,0xff,0xc5,0xe1,0xf6,0xff,0xc5,0xe1,0xf6,0xff,0xc5,0xe1,0xf6,0xff,
0xc5,0xe1,0xf6,0xff,0xc5,0xe1,0xf6,0xff,0xc5,0xe1,0xf6,0xff,0xc4,0xe1,0xf6,0xff,
0xc3,0xe0,0xf6,0xff,0xba,0xd8,0xf2,0xff,0xa9,0xc9,0xe9,0xff,0x9b,0xbb,0xdf,0xfe,
0x8e,0xb0,0xdc,0xff,0x72,0x94,0xc7,0xae,0xaa,0xc8,0xef,0x21,0xb8,0xd5,0xf1,0xdf,
0xc2,0xe1,0xfa,0xff,0xbf,0xdd,0xf5,0xfe,0xc2,0xdf,0xf6,0xff,0xc2,0xdf,0xf6,0xff,
0xc2,0xdf,0xf6,0xff,0xc1,0xdf,0xf6,0xff,0xc1,0xde,0xf6,0xff,0xc0,0xde,0xf6,0xff,
0xc0,0xde,0xf6,0xff,0xc0,0xde,0xf6,0xff,0xc1,0xdf,0xf6,0xff,0xc1,0xdf,0xf6,0xff,
0xc0,0xde,0xf6,0xff,0xbe,0xdc,0xf5,0xff,0xba,0xd9,0xf3,0xff,0xb7,0xd6,0xf1,0xff,
0xb4,0xd3,0xef,0xff,0xb0,0xcf,0xec,0xff,0xab,0xcb,0xea,0xff,0xa7,0xc7,0xe7,0xff,
0xa3,0xc4,0xe6,0xff,0xa2,0xc2,0xe5,0xff,0xa0,0xc1,0xe4,0xff,0x99,0xba,0xe0,0xff,
0x91,0xb2,0xda,0xff,0x87,0xa9,0xd4,0xff,0x7c,0x9e,0xcd,0xff,0x6d,0x91,0xc5,0xff,
0x66,0x89,0xc0,0xff,0x60,0x84,0xbc,0xff,0x5b,0x7f,0xb8,0xff,0x57,0x7a,0xb5,0xff,
0x53,0x76,0xb2,0xff,0x51,0x74,0xb0,0xff,0x4f,0x72,0xaf,0xff,0x4d,0x70,0xac,0xff,
0x4b,0x6d,0xab,0xff,0x4a,0x6c,0xaa,0xff,0x49,0x6c,0xa9,0xff,0x47,0x69,0xa7,0xff,
0x45,0x66,0xa5,0xff,0x42,0x63,0xa2,0xff,0x38,0x58,0x97,0xff,0x45,0x65,0xa1,0xff,
0x8a,0xac,0xd6,0xff,0xa5,0xc6,0xe7,0xff,0xb2,0xd1,0xee,0xff,0xb7,0xd6,0xf1,0xff,
0xbb,0xda,0xf3,0xff,0xc1,0xdf,0xf6,0xff,0xc4,0xe1,0xf6,0xff,0xc5,0xe1,0xf6,0xff,
0xc5,0xe1,0xf6,0xff,0xc5,0xe1,0xf6,0xff,0xc5,0xe1,0xf6,0xff,0xc5,0xe1,0xf6,0xff,
0xc5,0xe1,0xf6,0xff,0xc5,0xe1,0xf6,0xff,0xc5,0xe1,0xf6,0xff,0xc5,0xe1,0xf6,0xff,
0xc5,0xe1,0xf6,0xff,0xc4,0xe1,0xf6,0xff,0xc2,0xe0,0xf6,0xff,0xb8,0xd7,0xf2,0xff,
0xa8,0xc8,0xe8,0xff,0x9a,0xbb,0xdf,0xfe,0x8e,0xb0,0xdc,0xff,0x73,0x97,0xc8,0xc0,
0xa5,0xcc,0xe5,0x14,0xba,0xd8,0xf2,0xcf,0xc5,0xe4,0xfe,0xff,0xc0,0xde,0xf5,0xfd,
0xc2,0xdf,0xf6,0xff,0xc2,0xdf,0xf6,0xff,0xc2,0xdf,0xf6,0xff,0xc2,0xdf,0xf6,0xff,
0xc2,0xdf,0xf6,0xff,0xc2,0xdf,0xf6,0xff,0xc2,0xdf,0xf6,0xff,0xc2,0xe0,0xf6,0xff,
0xc3,0xe1,0xf6,0xff,0xc3,0xe0,0xf6,0xff,0xc3,0xe1,0xf6,0xff,0xc3,0xe0,0xf6,0xff,
0xc0,0xde,0xf5,0xff,0xbb,0xda,0xf4,0xff,0xb7,0xd5,0xf1,0xff,0xb3,0xd1,0xee,0xff,
0xaf,0xce,0xec,0xff,0xaa,0xca,0xe9,0xff,0xa7,0xc7,0xe7,0xff,0xa6,0xc6,0xe7,0xff,
0xa4,0xc4,0xe6,0xff,0x9f,0xbf,0xe3,0xff,0x98,0xb9,0xdf,0xff,0x91,0xb2,0xdb,0xff,
0x89,0xab,0xd5,0xff,0x7e,0xa0,0xcf,0xff,0x77,0x9a,0xcb,0xff,0x72,0x94,0xc7,0xff,
0x6c,0x90,0xc4,0xff,0x67,0x8b,0xc1,0xff,0x64,0x87,0xbe,0xff,0x61,0x85,0xbd,0xff,
0x5f,0x83,0xbb,0xff,0x5e,0x81,0xba,0xff,0x5e,0x81,0xba,0xff,0x5d,0x80,0xb9,0xff,
0x5a,0x7d,0xb7,0xff,0x57,0x7a,0xb5,0xff,0x52,0x75,0xb1,0xff,0x4c,0x6f,0xac,0xff,
0x4b,0x6e,0xab,0xff,0x3b,0x5b,0x9b,0xff,0x63,0x85,0xba,0xff,0xa0,0xc1,0xe4,0xff,
0xaf,0xcf,0xec,0xff,0xbb,0xda,0xf3,0xff,0xbf,0xdd,0xf6,0xff,0xc2,0xe0,0xf6,0xff,
0xc4,0xe1,0xf6,0xff,0xc5,0xe1,0xf6,0xff,0xc5,0xe1,0xf6,0xff,0xc5,0xe1,0xf6,0xff,
0xc5,0xe1,0xf6,0xff,0xc5,0xe1,0xf6,0xff,0xc5,0xe1,0xf6,0xff,0xc5,0xe1,0xf6,0xff,
0xc5,0xe1,0xf6,0xff,0xc5,0xe1,0xf6,0xff,0xc5,0xe1,0xf6,0xff,0xc4,0xe1,0xf6,0xff,
0xc2,0xe0,0xf6,0xff,0xb7,0xd6,0xf1,0xff,0xa6,0xc6,0xe7,0xff,0x98,0xb9,0xde,0xfe,
0x8d,0xb0,0xdc,0xff,0x75,0x98,0xc9,0xca,0x91,0xb6,0xda,0x07,0xba,0xd8,0xf3,0xc1,
0xc7,0xe7,0xff,0xff,0xc1,0xdf,0xf6,0xfc,0xc2,0xdf,0xf6,0xff,0xc2,0xe0,0xf6,0xff,
0xc2,0xe0,0xf6,0xff,0xc2,0xe0,0xf6,0xff,0xc3,0xe0,0xf6,0xff,0xc3,0xe0,0xf6,0xff,
0xc3,0xe0,0xf6,0xff,0xc4,0xe1,0xf6,0xff,0xc4,0xe1,0xf6,0xff,0xc5,0xe1,0xf6,0xff,
0xc5,0xe1,0xf6,0xff,0xc4,0xe1,0xf6,0xff,0xc4,0xe1,0xf6,0xff,0xc2,0xdf,0xf6,0xff,
0xbe,0xdc,0xf5,0xff,0xb9,0xd7,0xf2,0xff,0xb3,0xd2,0xee,0xff,0xaf,0xce,0xec,0xff,
0xac,0xcb,0xea,0xff,0xa9,0xc9,0xe9,0xff,0xa7,0xc7,0xe8,0xff,0xa4,0xc4,0xe6,0xff,
0x9f,0xbf,0xe3,0xff,0x9a,0xba,0xdf,0xff,0x92,0xb4,0xdb,0xff,0x8b,0xad,0xd7,0xff,
0x85,0xa8,0xd4,0xff,0x81,0xa3,0xd1,0xff,0x7c,0x9f,0xce,0xff,0x79,0x9b,0xcc,0xff,
0x75,0x98,0xca,0xff,0x71,0x94,0xc7,0xff,0x70,0x93,0xc6,0xff,0x70,0x93,0xc7,0xff,
0x70,0x93,0xc6,0xff,0x6e,0x91,0xc5,0xff,0x6c,0x90,0xc4,0xff,0x67,0x8b,0xc1,0xff,
0x61,0x84,0xbc,0xff,0x5b,0x7e,0xb8,0xff,0x56,0x7a,0xb5,0xff,0x4e,0x71,0xae,0xff,
0x53,0x75,0xb0,0xff,0x92,0xb4,0xdb,0xff,0xb0,0xcf,0xed,0xff,0xbd,0xdb,0xf4,0xff,
0xc1,0xdf,0xf6,0xff,0xc3,0xe1,0xf6,0xff,0xc5,0xe1,0xf6,0xff,0xc5,0xe1,0xf6,0xff,
0xc5,0xe1,0xf6,0xff,0xc5,0xe1,0xf6,0xff,0xc5,0xe1,0xf6,0xff,0xc5,0xe1,0xf6,0xff,
0xc5,0xe1,0xf6,0xff,0xc5,0xe1,0xf6,0xff,0xc5,0xe1,0xf6,0xff,0xc5,0xe1,0xf6,0xff,
0xc5,0xe1,0xf6,0xff,0xc4,0xe1,0xf6,0xff,0xc1,0xde,0xf6,0xff,0xb4,0xd3,0xef,0xff,
0xa3,0xc3,0xe5,0xff,0x95,0xb6,0xdc,0xfe,0x8c,0xaf,0xdb,0xff,0x7b,0x9d,0xcd,0xc7,
0x00,0x00,0x00,0x00,0xba,0xd9,0xf3,0xac,0xc9,0xe9,0xff,0xff,0xc1,0xde,0xf5,0xfc,
0xc2,0xdf,0xf6,0xff,0xc2,0xe0,0xf6,0xff,0xc3,0xe0,0xf6,0xff,0xc3,0xe0,0xf6,0xff,
0xc3,0xe0,0xf6,0xff,0xc4,0xe1,0xf6,0xff,0xc4,0xe1,0xf6,0xff,0xc5,0xe1,0xf6,0xff,
0xc5,0xe1,0xf6,0xff,0xc5,0xe1,0xf6,0xff,0xc5,0xe1,0xf6,0xff,0xc5,0xe1,0xf6,0xff,
0xc5,0xe1,0xf6,0xff,0xc4,0xe1,0xf6,0xff,0xc3,0xe0,0xf6,0xff,0xc0,0xde,0xf5,0xff,
0xbb,0xda,0xf3,0xff,0xb7,0xd5,0xf1,0xff,0xb3,0xd2,0xee,0xff,0xb0,0xcf,0xed,0xff,
0xad,0xcc,0xeb,0xff,0xaa,0xca,0xea,0xff,0xa6,0xc6,0xe7,0xff,0xa1,0xc1,0xe4,0xff,
0x9c,0xbd,0xe1,0xff,0x96,0xb7,0xdd,0xff,0x90,0xb2,0xda,0xff,0x8d,0xae,0xd8,0xff,
0x89,0xac,0xd6,0xff,0x86,0xa8,0xd4,0xff,0x84,0xa7,0xd3,0xff,0x82,0xa5,0xd2,0xff,
0x81,0xa3,0xd1,0xff,0x82,0xa4,0xd1,0xff,0x81,0xa4,0xd1,0xff,0x80,0xa2,0xd0,0xff,
0x7e,0xa0,0xcf,0xff,0x7a,0x9d,0xcd,0xff,0x73,0x96,0xc8,0xff,0x6b,0x8e,0xc3,0xff,
0x67,0x8a,0xc1,0xff,0x63,0x86,0xbd,0xff,0x5d,0x80,0xba,0xff,0x8b,0xac,0xd6,0xff,
0xb0,0xcf,0xed,0xff,0xbe,0xdc,0xf4,0xff,0xc3,0xe0,0xf6,0xff,0xc4,0xe1,0xf6,0xff,
0xc5,0xe1,0xf6,0xff,0xc5,0xe1,0xf6,0xff,0xc5,0xe1,0xf6,0xff,0xc5,0xe1,0xf6,0xff,
0xc5,0xe1,0xf6,0xff,0xc5,0xe1,0xf6,0xff,0xc5,0xe1,0xf6,0xff,0xc5,0xe1,0xf6,0xff,
0xc5,0xe1,0xf6,0xff,0xc5,0xe1,0xf6,0xff,0xc5,0xe1,0xf6,0xff,0xc4,0xe1,0xf6,0xff,
0xbf,0xdd,0xf5,0xff,0xb0,0xcf,0xed,0xff,0x9f,0xc0,0xe3,0xff,0x92,0xb3,0xda,0xfe,
0x8b,0xae,0xdb,0xff,0x7c,0x9f,0xce,0xbd,0x00,0x00,0x00,0x00,0xbb,0xd9,0xf2,0x8f,
0xc8,0xe8,0xff,0xff,0xc1,0xde,0xf5,0xfc,0xc2,0xdf,0xf6,0xff,0xc2,0xe0,0xf6,0xff,
0xc3,0xe0,0xf6,0xff,0xc3,0xe0,0xf6,0xff,0xc4,0xe1,0xf6,0xff,0xc4,0xe1,0xf6,0xff,
0xc4,0xe1,0xf6,0xff,0xc5,0xe1,0xf6,0xff,0xc5,0xe1,0xf6,0xff,0xc5,0xe1,0xf6,0xff,
0xc5,0xe1,0xf6,0xff,0xc5,0xe1,0xf6,0xff,0xc5,0xe1,0xf6,0xff,0xc5,0xe1,0xf6,0xff,
0xc4,0xe1,0xf6,0xff,0xc3,0xe0,0xf6,0xff,0xc1,0xdf,0xf6,0xff,0xbf,0xdd,0xf5,0xff,
0xbc,0xda,0xf4,0xff,0xb9,0xd7,0xf2,0xff,0xb5,0xd3,0xef,0xff,0xb2,0xd1,0xee,0xff,
0xae,0xcd,0xec,0xff,0xa9,0xc9,0xe9,0xff,0xa4,0xc4,0xe6,0xff,0x9e,0xbf,0xe2,0xff,
0x9b,0xbb,0xe0,0xff,0x97,0xb7,0xde,0xff,0x93,0xb5,0xdc,0xff,0x92,0xb3,0xdb,0xff,
0x8f,0xb1,0xda,0xff,0x8e,0xb0,0xd9,0xff,0x8d,0xaf,0xd9,0xff,0x8d,0xaf,0xd8,0xff,
0x8d,0xaf,0xd8,0xff,0x8d,0xae,0xd8,0xff,0x8a,0xac,0xd6,0xff,0x87,0xa9,0xd5,0xff,
0x82,0xa5,0xd2,0xff,0x7e,0xa1,0xcf,0xff,0x7d,0x9f,0xcf,0xff,0x7b,0x9e,0xcd,0xff,
0x75,0x98,0xca,0xff,0x90,0xb1,0xda,0xff,0xb1,0xd0,0xed,0xff,0xc0,0xde,0xf6,0xff,
0xc4,0xe1,0xf6,0xff,0xc5,0xe1,0xf6,0xff,0xc5,0xe1,0xf6,0xff,0xc5,0xe1,0xf6,0xff,
0xc5,0xe1,0xf6,0xff,0xc5,0xe1,0xf6,0xff,0xc5,0xe1,0xf6,0xff,0xc5,0xe1,0xf6,0xff,
0xc5,0xe1,0xf6,0xff,0xc5,0xe1,0xf6,0xff,0xc5,0xe1,0xf6,0xff,0xc5,0xe1,0xf6,0xff,
0xc5,0xe1,0xf6,0xff,0xc3,0xe0,0xf6,0xff,0xbc,0xdb,0xf4,0xff,0xac,0xcb,0xeb,0xff,
0x9b,0xbc,0xe0,0xff,0x90,0xb1,0xd9,0xfe,0x8a,0xad,0xda,0xff,0x7a,0x9d,0xcc,0xb1,
0x00,0x00,0x00,0x00,0xbc,0xda,0xf4,0x76,0xc6,0xe5,0xfe,0xff,0xc0,0xde,0xf5,0xfd,
0xc2,0xdf,0xf6,0xff,0xc2,0xe0,0xf6,0xff,0xc3,0xe0,0xf6,0xff,0xc3,0xe0,0xf6,0xff,
0xc4,0xe1,0xf6,0xff,0xc4,0xe1,0xf6,0xff,0xc5,0xe1,0xf6,0xff,0xc5,0xe1,0xf6,0xff,
0xc5,0xe1,0xf6,0xff,0xc5,0xe1,0xf6,0xff,0xc5,0xe1,0xf6,0xff,0xc5,0xe1,0xf6,0xff,
0xc5,0xe1,0xf6,0xff,0xc5,0xe1,0xf6,0xff,0xc5,0xe1,0xf6,0xff,0xc5,0xe1,0xf6,0xff,
0xc4,0xe1,0xf6,0xff,0xc2,0xe0,0xf6,0xff,0xc1,0xde,0xf6,0xff,0xbe,0xdd,0xf5,0xff,
0xbb,0xd9,0xf3,0xff,0xb8,0xd7,0xf1,0xff,0xb4,0xd3,0xef,0xff,0xb0,0xcf,0xed,0xff,
0xab,0xcb,0xea,0xff,0xa6,0xc6,0xe7,0xff,0xa3,0xc3,0xe5,0xff,0x9f,0xc0,0xe3,0xff,
0x9d,0xbe,0xe1,0xff,0x9b,0xbb,0xe0,0xff,0x99,0xba,0xdf,0xff,0x99,0xb9,0xde,0xff,
0x99,0xba,0xdf,0xff,0x99,0xba,0xdf,0xff,0x98,0xb9,0xde,0xff,0x97,0xb8,0xde,0xff,
0x94,0xb6,0xdc,0xff,0x91,0xb3,0xdb,0xff,0x8e,0xb0,0xd9,0xff,0x8d,0xae,0xd8,0xff,
0x8d,0xaf,0xd8,0xff,0x8d,0xaf,0xd8,0xff,0x8d,0xae,0xd8,0xff,0x9b,0xbc,0xe1,0xff,
0xb4,0xd3,0xef,0xff,0xc2,0xdf,0xf6,0xff,0xc5,0xe1,0xf6,0xff,0xc5,0xe1,0xf6,0xff,
0xc5,0xe1,0xf6,0xff,0xc5,0xe1,0xf6,0xff,0xc5,0xe1,0xf6,0xff,0xc5,0xe1,0xf6,0xff,
0xc5,0xe1,0xf6,0xff,0xc5,0xe1,0xf6,0xff,0xc5,0xe1,0xf6,0xff,0xc5,0xe1,0xf6,0xff,
0xc5,0xe1,0xf6,0xff,0xc5,0xe1,0xf6,0xff,0xc4,0xe1,0xf6,0xff,0xc2,0xdf,0xf6,0xff,
0xba,0xd8,0xf2,0xff,0xa8,0xc7,0xe8,0xff,0x98,0xb9,0xdf,0xff,0x8e,0xaf,0xd8,0xfe,
0x88,0xab,0xd9,0xff,0x79,0x9b,0xcc,0x97,0x00,0x00,0x00,0x00,0xb9,0xd6,0xf3,0x58,
0xc3,0xe2,0xfc,0xff,0xc0,0xdd,0xf5,0xfe,0xc1,0xdf,0xf6,0xff,0xc2,0xe0,0xf6,0xff,
0xc3,0xe0,0xf6,0xff,0xc4,0xe1,0xf6,0xff,0xc4,0xe1,0xf6,0xff,0xc4,0xe1,0xf6,0xff,
0xc5,0xe1,0xf6,0xff,0xc5,0xe1,0xf6,0xff,0xc5,0xe1,0xf6,0xff,0xc5,0xe1,0xf6,0xff,
0xc5,0xe1,0xf6,0xff,0xc5,0xe1,0xf6,0xff,0xc5,0xe1,0xf6,0xff,0xc5,0xe1,0xf6,0xff,
0xc5,0xe1,0xf6,0xff,0xc5,0xe1,0xf6,0xff,0xc4,0xe1,0xf6,0xff,0xc4,0xe1,0xf6,0xff,
0xc3,0xe1,0xf6,0xff,0xc2,0xdf,0xf6,0xff,0xc0,0xde,0xf6,0xff,0xbe,0xdc,0xf5,0xff,
0xba,0xd9,0xf3,0xff,0xb6,0xd5,0xf0,0xff,0xb2,0xd1,0xee,0xff,0xae,0xce,0xec,0xff,
0xab,0xca,0xea,0xff,0xa8,0xc8,0xe8,0xff,0xa5,0xc6,0xe7,0xff,0xa4,0xc4,0xe6,0xff,
0xa3,0xc3,0xe5,0xff,0xa3,0xc3,0xe5,0xff,0xa2,0xc2,0xe5,0xff,0xa3,0xc3,0xe5,0xff,
0xa3,0xc3,0xe5,0xff,0xa2,0xc2,0xe4,0xff,0x9f,0xc0,0xe3,0xff,0x9b,0xbc,0xe1,0xff,
0x9a,0xbb,0xe0,0xff,0x9a,0xbb,0xe0,0xff,0x9c,0xbd,0xe1,0xff,0x9e,0xbf,0xe3,0xff,
0x9f,0xbf,0xe3,0xff,0xaa,0xca,0xea,0xff,0xba,0xd9,0xf3,0xff,0xc3,0xe0,0xf6,0xff,
0xc5,0xe1,0xf6,0xff,0xc5,0xe1,0xf6,0xff,0xc5,0xe1,0xf6,0xff,0xc5,0xe1,0xf6,0xff,
0xc5,0xe1,0xf6,0xff,0xc5,0xe1,0xf6,0xff,0xc5,0xe1,0xf6,0xff,0xc5,0xe1,0xf6,0xff,
0xc5,0xe1,0xf6,0xff,0xc5,0xe1,0xf6,0xff,0xc5,0xe1,0xf6,0xff,0xc5,0xe1,0xf6,0xff,
0xc4,0xe1,0xf6,0xff,0xc1,0xde,0xf6,0xff,0xb5,0xd4,0xf0,0xff,0xa3,0xc4,0xe6,0xff,
0x95,0xb6,0xdd,0xff,0x8b,0xad,0xd6,0xfe,0x85,0xa8,0xd7,0xff,0x76,0x99,0xca,0x74,
0x00,0x00,0x00,0x00,0xb9,0xd9,0xf1,0x37,0xbe,0xdc,0xf5,0xfc,0xc1,0xdf,0xf6,0xff,
0xc1,0xdf,0xf5,0xfe,0xc2,0xe0,0xf6,0xff,0xc3,0xe0,0xf6,0xff,0xc4,0xe1,0xf6,0xff,
0xc4,0xe1,0xf6,0xff,0xc4,0xe1,0xf6,0xff,0xc5,0xe1,0xf6,0xff,0xc5,0xe1,0xf6,0xff,
0xc5,0xe1,0xf6,0xff,0xc5,0xe1,0xf6,0xff,0xc5,0xe1,0xf6,0xff,0xc5,0xe1,0xf6,0xff,
0xc5,0xe1,0xf6,0xff,0xc5,0xe1,0xf6,0xff,0xc5,0xe1,0xf6,0xff,0xc5,0xe1,0xf6,0xff,
0xc5,0xe1,0xf6,0xff,0xc4,0xe1,0xf6,0xff,0xc4,0xe1,0xf6,0xff,0xc3,0xe1,0xf6,0xff,
0xc2,0xe0,0xf6,0xff,0xc1,0xdf,0xf6,0xff,0xbf,0xdd,0xf6,0xff,0xbc,0xda,0xf4,0xff,
0xb8,0xd7,0xf1,0xff,0xb5,0xd3,0xef,0xff,0xb2,0xd1,0xee,0xff,0xb0,0xcf,0xed,0xff,
0xae,0xcd,0xeb,0xff,0xac,0xcc,0xea,0xff,0xac,0xcb,0xea,0xff,0xac,0xcc,0xeb,0xff,
0xab,0xcb,0xea,0xff,0xac,0xcc,0xeb,0xff,0xab,0xcb,0xea,0xff,0xab,0xcb,0xea,0xff,
0xa8,0xc8,0xe8,0xff,0xa6,0xc6,0xe7,0xff,0xa6,0xc6,0xe7,0xff,0xa8,0xc8,0xe8,0xff,
0xab,0xca,0xe9,0xff,0xad,0xcd,0xeb,0xff,0xaf,0xce,0xec,0xff,0xb6,0xd5,0xf0,0xff,
0xc0,0xde,0xf6,0xff,0xc4,0xe1,0xf6,0xff,0xc5,0xe1,0xf6,0xff,0xc5,0xe1,0xf6,0xff,
0xc5,0xe1,0xf6,0xff,0xc5,0xe1,0xf6,0xff,0xc5,0xe1,0xf6,0xff,0xc5,0xe1,0xf6,0xff,
0xc5,0xe1,0xf6,0xff,0xc5,0xe1,0xf6,0xff,0xc5,0xe1,0xf6,0xff,0xc5,0xe1,0xf6,0xff,
0xc5,0xe1,0xf6,0xff,0xc5,0xe1,0xf6,0xff,0xc3,0xe1,0xf6,0xff,0xbe,0xdc,0xf5,0xff,
0xb0,0xd0,0xed,0xff,0x9f,0xbf,0xe3,0xff,0x92,0xb4,0xdb,0xfe,0x8a,0xac,0xd7,0xff,
0x80,0xa2,0xd1,0xfb,0x77,0x98,0xca,0x4d,0x00,0x00,0x00,0x00,0xb2,0xd4,0xee,0x1e,
0xbc,0xda,0xf3,0xe7,0xc3,0xe2,0xfa,0xff,0xc2,0xdf,0xf6,0xfd,0xc2,0xe0,0xf6,0xff,
0xc3,0xe0,0xf6,0xff,0xc4,0xe1,0xf6,0xff,0xc4,0xe1,0xf6,0xff,0xc4,0xe1,0xf6,0xff,
0xc5,0xe1,0xf6,0xff,0xc5,0xe1,0xf6,0xff,0xc5,0xe1,0xf6,0xff,0xc5,0xe1,0xf6,0xff,
0xc5,0xe1,0xf6,0xff,0xc5,0xe1,0xf6,0xff,0xc5,0xe1,0xf6,0xff,0xc5,0xe1,0xf6,0xff,
0xc5,0xe1,0xf6,0xff,0xc5,0xe1,0xf6,0xff,0xc5,0xe1,0xf6,0xff,0xc5,0xe1,0xf6,0xff,
0xc4,0xe1,0xf6,0xff,0xc4,0xe1,0xf6,0xff,0xc4,0xe1,0xf6,0xff,0xc3,0xe0,0xf6,0xff,
0xc2,0xdf,0xf6,0xff,0xc0,0xde,0xf6,0xff,0xbd,0xdb,0xf4,0xff,0xba,0xd9,0xf3,0xff,
0xb8,0xd6,0xf1,0xff,0xb6,0xd4,0xf0,0xff,0xb5,0xd3,0xef,0xff,0xb2,0xd2,0xef,0xff,
0xb2,0xd2,0xee,0xff,0xb2,0xd1,0xee,0xff,0xb2,0xd1,0xee,0xff,0xb3,0xd2,0xef,0xff,
0xb2,0xd1,0xee,0xff,0xb2,0xd1,0xef,0xff,0xb0,0xcf,0xed,0xff,0xb0,0xcf,0xed,0xff,
0xb0,0xcf,0xed,0xff,0xb2,0xd1,0xee,0xff,0xb5,0xd4,0xf0,0xff,0xb8,0xd6,0xf1,0xff,
0xba,0xd9,0xf2,0xff,0xbe,0xdd,0xf5,0xff,0xc4,0xe1,0xf6,0xff,0xc5,0xe1,0xf6,0xff,
0xc5,0xe1,0xf6,0xff,0xc5,0xe1,0xf6,0xff,0xc5,0xe1,0xf6,0xff,0xc5,0xe1,0xf6,0xff,
0xc5,0xe1,0xf6,0xff,0xc5,0xe1,0xf6,0xff,0xc5,0xe1,0xf6,0xff,0xc5,0xe1,0xf6,0xff,
0xc5,0xe1,0xf6,0xff,0xc5,0xe1,0xf6,0xff,0xc5,0xe1,0xf6,0xff,0xc4,0xe1,0xf6,0xff,
0xc3,0xe0,0xf6,0xff,0xba,0xd9,0xf3,0xff,0xab,0xcb,0xea,0xff,0x9a,0xbb,0xe0,0xff,
0x8f,0xb0,0xd8,0xfe,0x89,0xad,0xd9,0xff,0x7d,0xa0,0xcf,0xe9,0x74,0x9b,0xcd,0x2e,
0x00,0x00,0x00,0x00,0xb2,0xcc,0xff,0x0a,0xbc,0xda,0xf3,0xcb,0xc7,0xe6,0xfe,0xff,
0xc0,0xde,0xf5,0xfd,0xc2,0xe0,0xf6,0xff,0xc3,0xe0,0xf6,0xff,0xc4,0xe1,0xf6,0xff,
0xc4,0xe1,0xf6,0xff,0xc4,0xe1,0xf6,0xff,0xc5,0xe1,0xf6,0xff,0xc5,0xe1,0xf6,0xff,
0xc5,0xe1,0xf6,0xff,0xc5,0xe1,0xf6,0xff,0xc5,0xe1,0xf6,0xff,0xc5,0xe1,0xf6,0xff,
0xc5,0xe1,0xf6,0xff,0xc5,0xe1,0xf6,0xff,0xc5,0xe1,0xf6,0xff,0xc5,0xe1,0xf6,0xff,
0xc5,0xe1,0xf6,0xff,0xc5,0xe1,0xf6,0xff,0xc5,0xe1,0xf6,0xff,0xc4,0xe1,0xf6,0xff,
0xc4,0xe1,0xf6,0xff,0xc4,0xe1,0xf6,0xff,0xc3,0xe0,0xf6,0xff,0xc3,0xe0,0xf6,0xff,
0xc1,0xdf,0xf6,0xff,0xbf,0xdd,0xf5,0xff,0xbe,0xdb,0xf5,0xff,0xbc,0xda,0xf4,0xff,
0xba,0xd9,0xf3,0xff,0xb9,0xd7,0xf2,0xff,0xb7,0xd6,0xf1,0xff,0xb7,0xd6,0xf1,0xff,
0xb8,0xd7,0xf2,0xff,0xb9,0xd7,0xf2,0xff,0xb9,0xd8,0xf2,0xff,0xb8,0xd7,0xf2,0xff,
0xb6,0xd5,0xf1,0xff,0xb8,0xd6,0xf1,0xff,0xb8,0xd6,0xf1,0xff,0xbb,0xd9,0xf3,0xff,
0xbd,0xdb,0xf4,0xff,0xc0,0xde,0xf6,0xff,0xc1,0xdf,0xf6,0xff,0xc3,0xe1,0xf6,0xff,
0xc5,0xe1,0xf6,0xff,0xc5,0xe1,0xf6,0xff,0xc5,0xe1,0xf6,0xff,0xc5,0xe1,0xf6,0xff,
0xc5,0xe1,0xf6,0xff,0xc5,0xe1,0xf6,0xff,0xc5,0xe1,0xf6,0xff,0xc5,0xe1,0xf6,0xff,
0xc5,0xe1,0xf6,0xff,0xc5,0xe1,0xf6,0xff,0xc5,0xe1,0xf6,0xff,0xc5,0xe1,0xf6,0xff,
0xc5,0xe1,0xf6,0xff,0xc4,0xe1,0xf6,0xff,0xc1,0xdf,0xf6,0xff,0xb5,0xd4,0xf0,0xff,
0xa5,0xc5,0xe6,0xff,0x96,0xb7,0xde,0xff,0x8c,0xad,0xd7,0xfd,0x89,0xac,0xdb,0xff,
0x7b,0x9e,0xce,0xcc,0x71,0x8d,0xc6,0x09,0xff,0xff,0xff,0x02,0x00,0x00,0x00,0x00,
0xba,0xd9,0xf2,0xa8,0xc8,0xe8,0xff,0xff,0xc0,0xde,0xf5,0xfc,0xc2,0xe0,0xf6,0xff,
0xc2,0xe0,0xf6,0xff,0xc4,0xe1,0xf6,0xff,0xc4,0xe1,0xf6,0xff,0xc4,0xe1,0xf6,0xff,
0xc5,0xe1,0xf6,0xff,0xc5,0xe1,0xf6,0xff,0xc5,0xe1,0xf6,0xff,0xc5,0xe1,0xf6,0xff,
0xc5,0xe1,0xf6,0xff,0xc5,0xe1,0xf6,0xff,0xc5,0xe1,0xf6,0xff,0xc5,0xe1,0xf6,0xff,
0xc5,0xe1,0xf6,0xff,0xc5,0xe1,0xf6,0xff,0xc5,0xe1,0xf6,0xff,0xc5,0xe1,0xf6,0xff,
0xc5,0xe1,0xf6,0xff,0xc5,0xe1,0xf6,0xff,0xc4,0xe1,0xf6,0xff,0xc4,0xe1,0xf6,0xff,
0xc4,0xe1,0xf6,0xff,0xc3,0xe1,0xf6,0xff,0xc3,0xe0,0xf6,0xff,0xc2,0xdf,0xf6,0xff,
0xc0,0xde,0xf6,0xff,0xc0,0xde,0xf6,0xff,0xbf,0xdd,0xf5,0xff,0xbf,0xdc,0xf5,0xff,
0xbe,0xdc,0xf5,0xff,0xbe,0xdc,0xf5,0xff,0xbe,0xdc,0xf5,0xff,0xbf,0xdc,0xf5,0xff,
0xbf,0xdd,0xf5,0xff,0xbd,0xdb,0xf5,0xff,0xbd,0xdb,0xf4,0xff,0xbe,0xdc,0xf5,0xff,
0xbf,0xdc,0xf5,0xff,0xc0,0xde,0xf6,0xff,0xc2,0xdf,0xf6,0xff,0xc3,0xe0,0xf6,0xff,
0xc4,0xe1,0xf6,0xff,0xc5,0xe1,0xf6,0xff,0xc5,0xe1,0xf6,0xff,0xc5,0xe1,0xf6,0xff,
0xc5,0xe1,0xf6,0xff,0xc5,0xe1,0xf6,0xff,0xc5,0xe1,0xf6,0xff,0xc5,0xe1,0xf6,0xff,
0xc5,0xe1,0xf6,0xff,0xc5,0xe1,0xf6,0xff,0xc5,0xe1,0xf6,0xff,0xc5,0xe1,0xf6,0xff,
0xc5,0xe1,0xf6,0xff,0xc5,0xe1,0xf6,0xff,0xc5,0xe1,0xf6,0xff,0xc3,0xe0,0xf6,0xff,
0xbd,0xdc,0xf5,0xff,0xb0,0xcf,0xed,0xff,0x9f,0xbf,0xe3,0xff,0x91,0xb3,0xdb,0xff,
0x8a,0xac,0xd5,0xfd,0x87,0xab,0xdb,0xff,0x77,0x99,0xca,0x9a,0x00,0x00,0x00,0x00,
0xaa,0xff,0xff,0x03,0x00,0x00,0x00,0x00,0xba,0xd7,0xf2,0x7a,0xc4,0xe3,0xfd,0xff,
0xbf,0xdd,0xf4,0xfd,0xc1,0xdf,0xf6,0xff,0xc2,0xe0,0xf6,0xff,0xc3,0xe0,0xf6,0xff,
0xc4,0xe1,0xf6,0xff,0xc4,0xe1,0xf6,0xff,0xc5,0xe1,0xf6,0xff,0xc5,0xe1,0xf6,0xff,
0xc5,0xe1,0xf6,0xff,0xc5,0xe1,0xf6,0xff,0xc5,0xe1,0xf6,0xff,0xc5,0xe1,0xf6,0xff,
0xc5,0xe1,0xf6,0xff,0xc5,0xe1,0xf6,0xff,0xc5,0xe1,0xf6,0xff,0xc5,0xe1,0xf6,0xff,
0xc5,0xe1,0xf6,0xff,0xc5,0xe1,0xf6,0xff,0xc5,0xe1,0xf6,0xff,0xc5,0xe1,0xf6,0xff,
0xc5,0xe1,0xf6,0xff,0xc4,0xe1,0xf6,0xff,0xc4,0xe1,0xf6,0xff,0xc4,0xe1,0xf6,0xff,
0xc4,0xe1,0xf6,0xff,0xc3,0xe0,0xf6,0xff,0xc2,0xe0,0xf6,0xff,0xc2,0xe0,0xf6,0xff,
0xc1,0xdf,0xf6,0xff,0xc1,0xdf,0xf6,0xff,0xc1,0xdf,0xf6,0xff,0xc1,0xdf,0xf6,0xff,
0xc1,0xdf,0xf6,0xff,0xc1,0xdf,0xf6,0xff,0xc1,0xdf,0xf6,0xff,0xc1,0xdf,0xf6,0xff,
0xc1,0xdf,0xf6,0xff,0xc1,0xdf,0xf6,0xff,0xc2,0xe0,0xf6,0xff,0xc3,0xe0,0xf6,0xff,
0xc4,0xe1,0xf6,0xff,0xc4,0xe1,0xf6,0xff,0xc5,0xe1,0xf6,0xff,0xc5,0xe1,0xf6,0xff,
0xc5,0xe1,0xf6,0xff,0xc5,0xe1,0xf6,0xff,0xc5,0xe1,0xf6,0xff,0xc5,0xe1,0xf6,0xff,
0xc5,0xe1,0xf6,0xff,0xc5,0xe1,0xf6,0xff,0xc5,0xe1,0xf6,0xff,0xc5,0xe1,0xf6,0xff,
0xc5,0xe1,0xf6,0xff,0xc5,0xe1,0xf6,0xff,0xc5,0xe1,0xf6,0xff,0xc5,0xe1,0xf6,0xff,
0xc4,0xe1,0xf6,0xff,0xc2,0xdf,0xf6,0xff,0xb9,0xd7,0xf2,0xff,0xa9,0xc9,0xe8,0xff,
0x99,0xba,0xdf,0xff,0x8e,0xb0,0xd9,0xff,0x87,0xa9,0xd4,0xfd,0x82,0xa6,0xd7,0xff,
0x73,0x96,0xc9,0x5f,0x00,0x00,0x00,0x00,0xaa,0xaa,0xaa,0x03,0x00,0x00,0x00,0x00,
0xb6,0xd5,0xf1,0x4a,0xbd,0xdc,0xf6,0xff,0xbf,0xdc,0xf4,0xff,0xc0,0xde,0xf6,0xff,
0xc2,0xe0,0xf6,0xff,0xc3,0xe0,0xf6,0xff,0xc4,0xe1,0xf6,0xff,0xc4,0xe1,0xf6,0xff,
0xc4,0xe1,0xf6,0xff,0xc5,0xe1,0xf6,0xff,0xc5,0xe1,0xf6,0xff,0xc5,0xe1,0xf6,0xff,
0xc5,0xe1,0xf6,0xff,0xc5,0xe1,0xf6,0xff,0xc5,0xe1,0xf6,0xff,0xc5,0xe1,0xf6,0xff,
0xc5,0xe1,0xf6,0xff,0xc5,0xe1,0xf6,0xff,0xc5,0xe1,0xf6,0xff,0xc5,0xe1,0xf6,0xff,
0xc5,0xe1,0xf6,0xff,0xc5,0xe1,0xf6,0xff,0xc5,0xe1,0xf6,0xff,0xc5,0xe1,0xf6,0xff,
0xc5,0xe1,0xf6,0xff,0xc4,0xe1,0xf6,0xff,0xc4,0xe1,0xf6,0xff,0xc4,0xe1,0xf6,0xff,
0xc4,0xe1,0xf6,0xff,0xc3,0xe1,0xf6,0xff,0xc3,0xe1,0xf6,0xff,0xc3,0xe0,0xf6,0xff,
0xc3,0xe0,0xf6,0xff,0xc3,0xe0,0xf6,0xff,0xc3,0xe0,0xf6,0xff,0xc3,0xe0,0xf6,0xff,
0xc3,0xe0,0xf6,0xff,0xc3,0xe0,0xf6,0xff,0xc3,0xe0,0xf6,0xff,0xc4,0xe1,0xf6,0xff,
0xc4,0xe1,0xf6,0xff,0xc5,0xe1,0xf6,0xff,0xc5,0xe1,0xf6,0xff,0xc5,0xe1,0xf6,0xff,
0xc5,0xe1,0xf6,0xff,0xc5,0xe1,0xf6,0xff,0xc5,0xe1,0xf6,0xff,0xc5,0xe1,0xf6,0xff,
0xc5,0xe1,0xf6,0xff,0xc5,0xe1,0xf6,0xff,0xc5,0xe1,0xf6,0xff,0xc5,0xe1,0xf6,0xff,
0xc5,0xe1,0xf6,0xff,0xc5,0xe1,0xf6,0xff,0xc5,0xe1,0xf6,0xff,0xc5,0xe1,0xf6,0xff,
0xc5,0xe1,0xf6,0xff,0xc5,0xe1,0xf6,0xff,0xc3,0xe1,0xf6,0xff,0xbf,0xdd,0xf5,0xff,
0xb3,0xd2,0xee,0xff,0xa1,0xc2,0xe4,0xff,0x93,0xb4,0xdc,0xff,0x8b,0xac,0xd6,0xfe,
0x85,0xa8,0xd5,0xff,0x79,0x9c,0xcb,0xee,0x6c,0x92,0xc5,0x28,0x00,0x00,0x00,0x00,
0x7f,0xff,0xff,0x02,0x00,0x00,0x00,0x00,0xb8,0xd3,0xf6,0x1d,0xb8,0xd7,0xf1,0xe8,
0xc0,0xde,0xf8,0xff,0xbf,0xdc,0xf4,0xfe,0xc1,0xdf,0xf6,0xff,0xc3,0xe0,0xf6,0xff,
0xc3,0xe0,0xf6,0xff,0xc4,0xe1,0xf6,0xff,0xc4,0xe1,0xf6,0xff,0xc5,0xe1,0xf6,0xff,
0xc5,0xe1,0xf6,0xff,0xc5,0xe1,0xf6,0xff,0xc5,0xe1,0xf6,0xff,0xc5,0xe1,0xf6,0xff,
0xc5,0xe1,0xf6,0xff,0xc5,0xe1,0xf6,0xff,0xc5,0xe1,0xf6,0xff,0xc5,0xe1,0xf6,0xff,
0xc5,0xe1,0xf6,0xff,0xc5,0xe1,0xf6,0xff,0xc5,0xe1,0xf6,0xff,0xc5,0xe1,0xf6,0xff,
0xc5,0xe1,0xf6,0xff,0xc5,0xe1,0xf6,0xff,0xc5,0xe1,0xf6,0xff,0xc5,0xe1,0xf6,0xff,
0xc5,0xe1,0xf6,0xff,0xc4,0xe1,0xf6,0xff,0xc4,0xe1,0xf6,0xff,0xc4,0xe1,0xf6,0xff,
0xc4,0xe1,0xf6,0xff,0xc4,0xe1,0xf6,0xff,0xc4,0xe1,0xf6,0xff,0xc4,0xe1,0xf6,0xff,
0xc4,0xe1,0xf6,0xff,0xc4,0xe1,0xf6,0xff,0xc4,0xe1,0xf6,0xff,0xc4,0xe1,0xf6,0xff,
0xc4,0xe1,0xf6,0xff,0xc5,0xe1,0xf6,0xff,0xc5,0xe1,0xf6,0xff,0xc5,0xe1,0xf6,0xff,
0xc5,0xe1,0xf6,0xff,0xc5,0xe1,0xf6,0xff,0xc5,0xe1,0xf6,0xff,0xc5,0xe1,0xf6,0xff,
0xc5,0xe1,0xf6,0xff,0xc5,0xe1,0xf6,0xff,0xc5,0xe1,0xf6,0xff,0xc5,0xe1,0xf6,0xff,
0xc5,0xe1,0xf6,0xff,0xc5,0xe1,0xf6,0xff,0xc5,0xe1,0xf6,0xff,0xc5,0xe1,0xf6,0xff,
0xc5,0xe1,0xf6,0xff,0xc5,0xe1,0xf6,0xff,0xc5,0xe1,0xf6,0xff,0xc5,0xe1,0xf6,0xff,
0xc2,0xdf,0xf6,0xff,0xba,0xd8,0xf2,0xff,0xab,0xcb,0xea,0xff,0x9a,0xbb,0xe0,0xff,
0x8e,0xb0,0xd9,0xff,0x87,0xaa,0xd5,0xfc,0x83,0xa7,0xd8,0xfe,0x75,0x99,0xca,0xba,
0x55,0x55,0xaa,0x03,0x00,0x00,0x00,0x01,0xff,0xff,0xff,0x01,0x00,0x00,0x00,0x00,
0xcc,0xcc,0xff,0x05,0xb7,0xd5,0xf0,0xbd,0xc3,0xe3,0xfe,0xff,0xbf,0xdd,0xf5,0xfc,
0xc0,0xde,0xf6,0xff,0xc2,0xdf,0xf6,0xff,0xc3,0xe0,0xf6,0xff,0xc4,0xe1,0xf6,0xff,
0xc4,0xe1,0xf6,0xff,0xc5,0xe1,0xf6,0xff,0xc5,0xe1,0xf6,0xff,0xc5,0xe1,0xf6,0xff,
0xc5,0xe1,0xf6,0xff,0xc5,0xe1,0xf6,0xff,0xc5,0xe1,0xf6,0xff,0xc5,0xe1,0xf6,0xff,
0xc5,0xe1,0xf6,0xff,0xc5,0xe1,0xf6,0xff,0xc5,0xe1,0xf6,0xff,0xc5,0xe1,0xf6,0xff,
0xc5,0xe1,0xf6,0xff,0xc5,0xe1,0xf6,0xff,0xc5,0xe1,0xf6,0xff,0xc5,0xe1,0xf6,0xff,
0xc5,0xe1,0xf6,0xff,0xc5,0xe1,0xf6,0xff,0xc5,0xe1,0xf6,0xff,0xc5,0xe1,0xf6,0xff,
0xc5,0xe1,0xf6,0xff,0xc5,0xe1,0xf6,0xff,0xc4,0xe1,0xf6,0xff,0xc4,0xe1,0xf6,0xff,
0xc4,0xe1,0xf6,0xff,0xc4,0xe1,0xf6,0xff,0xc4,0xe1,0xf6,0xff,0xc5,0xe1,0xf6,0xff,
0xc5,0xe1,0xf6,0xff,0xc5,0xe1,0xf6,0xff,0xc5,0xe1,0xf6,0xff,0xc5,0xe1,0xf6,0xff,
0xc5,0xe1,0xf6,0xff,0xc5,0xe1,0xf6,0xff,0xc5,0xe1,0xf6,0xff,0xc5,0xe1,0xf6,0xff,
0xc5,0xe1,0xf6,0xff,0xc5,0xe1,0xf6,0xff,0xc5,0xe1,0xf6,0xff,0xc5,0xe1,0xf6,0xff,
0xc5,0xe1,0xf6,0xff,0xc5,0xe1,0xf6,0xff,0xc5,0xe1,0xf6,0xff,0xc5,0xe1,0xf6,0xff,
0xc5,0xe1,0xf6,0xff,0xc5,0xe1,0xf6,0xff,0xc5,0xe1,0xf6,0xff,0xc5,0xe1,0xf6,0xff,
0xc5,0xe1,0xf6,0xff,0xc4,0xe1,0xf6,0xff,0xbe,0xdc,0xf5,0xff,0xb4,0xd3,0xef,0xff,
0xa4,0xc4,0xe5,0xff,0x94,0xb5,0xdc,0xff,0x8a,0xac,0xd6,0xff,0x82,0xa3,0xd0,0xfe,
0x7c,0xa0,0xd2,0xff,0x71,0x94,0xc7,0x65,0x00,0x00,0x00,0x00,0x7f,0x7f,0xff,0x02,
0x00,0x00,0x00,0x00,0xaa,0xaa,0xff,0x03,0x00,0x00,0x00,0x00,0xb4,0xd3,0xef,0x86,
0xc1,0xe0,0xfc,0xff,0xbc,0xda,0xf3,0xfd,0xbf,0xdd,0xf5,0xff,0xc1,0xde,0xf6,0xff,
0xc2,0xe0,0xf6,0xff,0xc3,0xe0,0xf6,0xff,0xc4,0xe1,0xf6,0xff,0xc4,0xe1,0xf6,0xff,
0xc5,0xe1,0xf6,0xff,0xc5,0xe1,0xf6,0xff,0xc5,0xe1,0xf6,0xff,0xc5,0xe1,0xf6,0xff,
0xc5,0xe1,0xf6,0xff,0xc5,0xe1,0xf6,0xff,0xc5,0xe1,0xf6,0xff,0xc5,0xe1,0xf6,0xff,
0xc5,0xe1,0xf6,0xff,0xc5,0xe1,0xf6,0xff,0xc5,0xe1,0xf6,0xff,0xc5,0xe1,0xf6,0xff,
0xc5,0xe1,0xf6,0xff,0xc5,0xe1,0xf6,0xff,0xc5,0xe1,0xf6,0xff,0xc5,0xe1,0xf6,0xff,
0xc5,0xe1,0xf6,0xff,0xc5,0xe1,0xf6,0xff,0xc5,0xe1,0xf6,0xff,0xc5,0xe1,0xf6,0xff,
0xc5,0xe1,0xf6,0xff,0xc5,0xe1,0xf6,0xff,0xc5,0xe1,0xf6,0xff,0xc4,0xe1,0xf6,0xff,
0xc5,0xe1,0xf6,0xff,0xc5,0xe1,0xf6,0xff,0xc5,0xe1,0xf6,0xff,0xc5,0xe1,0xf6,0xff,
0xc5,0xe1,0xf6,0xff,0xc5,0xe1,0xf6,0xff,0xc5,0xe1,0xf6,0xff,0xc5,0xe1,0xf6,0xff,
0xc5,0xe1,0xf6,0xff,0xc5,0xe1,0xf6,0xff,0xc5,0xe1,0xf6,0xff,0xc5,0xe1,0xf6,0xff,
0xc5,0xe1,0xf6,0xff,0xc5,0xe1,0xf6,0xff,0xc5,0xe1,0xf6,0xff,0xc5,0xe1,0xf6,0xff,
0xc5,0xe1,0xf6,0xff,0xc5,0xe1,0xf6,0xff,0xc5,0xe1,0xf6,0xff,0xc5,0xe1,0xf6,0xff,
0xc5,0xe1,0xf6,0xff,0xc5,0xe1,0xf6,0xff,0xc4,0xe1,0xf6,0xff,0xc2,0xdf,0xf6,0xff,
0xba,0xd8,0xf2,0xff,0xad,0xcc,0xeb,0xff,0x9c,0xbc,0xe1,0xff,0x8e,0xaf,0xd9,0xff,
0x86,0xa8,0xd3,0xfd,0x81,0xa4,0xd3,0xff,0x75,0x97,0xc9,0xe6,0x6d,0x91,0xbf,0x1c,
0x00,0x00,0x00,0x00,0x7f,0x7f,0x7f,0x02,0x00,0x00,0x00,0x00,0x7f,0xff,0xff,0x02,
0x00,0x00,0x00,0x00,0xae,0xce,0xee,0x3f,0xb5,0xd4,0xef,0xfa,0xbb,0xda,0xf4,0xff,
0xbd,0xdb,0xf4,0xfe,0xc0,0xde,0xf6,0xff,0xc1,0xdf,0xf6,0xff,0xc3,0xe0,0xf6,0xff,
0xc4,0xe1,0xf6,0xff,0xc4,0xe1,0xf6,0xff,0xc5,0xe1,0xf6,0xff,0xc5,0xe1,0xf6,0xff,
0xc5,0xe1,0xf6,0xff,0xc5,0xe1,0xf6,0xff,0xc5,0xe1,0xf6,0xff,0xc5,0xe1,0xf6,0xff,
0xc5,0xe1,0xf6,0xff,0xc5,0xe1,0xf6,0xff,0xc5,0xe1,0xf6,0xff,0xc5,0xe1,0xf6,0xff,
0xc5,0xe1,0xf6,0xff,0xc5,0xe1,0xf6,0xff,0xc5,0xe1,0xf6,0xff,0xc5,0xe1,0xf6,0xff,
0xc5,0xe1,0xf6,0xff,0xc5,0xe1,0xf6,0xff,0xc5,0xe1,0xf6,0xff,0xc5,0xe1,0xf6,0xff,
0xc5,0xe1,0xf6,0xff,0xc5,0xe1,0xf6,0xff,0xc5,0xe1,0xf6,0xff,0xc5,0xe1,0xf6,0xff,
0xc4,0xe1,0xf6,0xff,0xc4,0xe1,0xf6,0xff,0xc4,0xe1,0xf6,0xff,0xc5,0xe1,0xf6,0xff,
0xc5,0xe1,0xf6,0xff,0xc5,0xe1,0xf6,0xff,0xc5,0xe1,0xf6,0xff,0xc5,0xe1,0xf6,0xff,
0xc5,0xe1,0xf6,0xff,0xc5,0xe1,0xf6,0xff,0xc5,0xe1,0xf6,0xff,0xc5,0xe1,0xf6,0xff,
0xc5,0xe1,0xf6,0xff,0xc5,0xe1,0xf6,0xff,0xc5,0xe1,0xf6,0xff,0xc5,0xe1,0xf6,0xff,
0xc5,0xe1,0xf6,0xff,0xc5,0xe1,0xf6,0xff,0xc5,0xe1,0xf6,0xff,0xc5,0xe1,0xf6,0xff,
0xc5,0xe1,0xf6,0xff,0xc5,0xe1,0xf6,0xff,0xc5,0xe1,0xf6,0xff,0xc5,0xe1,0xf6,0xff,
0xc3,0xe1,0xf6,0xff,0xbe,0xdc,0xf4,0xff,0xb3,0xd2,0xee,0xff,0xa5,0xc5,0xe6,0xff,
0x94,0xb5,0xdc,0xff,0x88,0xaa,0xd5,0xff,0x80,0xa2,0xd0,0xfc,0x7e,0xa3,0xd6,0xff,
0x72,0x96,0xc7,0x97,0x00,0x00,0x00,0x00,0x7f,0x7f,0x7f,0x02,0x00,0x00,0x00,0x00,
0x00,0x00,0x00,0x00,0xff,0xff,0xff,0x01,0x00,0x00,0x00,0x00,0xa2,0xb9,0xd0,0x0b,
0xb2,0xd1,0xef,0xd0,0xbd,0xdd,0xf9,0xff,0xbb,0xd8,0xf2,0xfd,0xbe,0xdc,0xf4,0xff,
0xc0,0xde,0xf6,0xff,0xc2,0xdf,0xf6,0xff,0xc3,0xe0,0xf6,0xff,0xc4,0xe1,0xf6,0xff,
0xc4,0xe1,0xf6,0xff,0xc5,0xe1,0xf6,0xff,0xc5,0xe1,0xf6,0xff,0xc5,0xe1,0xf6,0xff,
0xc5,0xe1,0xf6,0xff,0xc5,0xe1,0xf6,0xff,0xc5,0xe1,0xf6,0xff,0xc5,0xe1,0xf6,0xff,
0xc5,0xe1,0xf6,0xff,0xc5,0xe1,0xf6,0xff,0xc5,0xe1,0xf6,0xff,0xc5,0xe1,0xf6,0xff,
0xc5,0xe1,0xf6,0xff,0xc5,0xe1,0xf6,0xff,0xc5,0xe1,0xf6,0xff,0xc5,0xe1,0xf6,0xff,
0xc5,0xe1,0xf6,0xff,0xc5,0xe1,0xf6,0xff,0xc5,0xe1,0xf6,0xff,0xc5,0xe1,0xf6,0xff,
0xc4,0xe1,0xf6,0xff,0xc4,0xe1,0xf6,0xff,0xc4,0xe1,0xf6,0xff,0xc4,0xe1,0xf6,0xff,
0xc4,0xe1,0xf6,0xff,0xc4,0xe1,0xf6,0xff,0xc4,0xe1,0xf6,0xff,0xc5,0xe1,0xf6,0xff,
0xc5,0xe1,0xf6,0xff,0xc5,0xe1,0xf6,0xff,0xc5,0xe1,0xf6,0xff,0xc5,0xe1,0xf6,0xff,
0xc5,0xe1,0xf6,0xff,0xc5,0xe1,0xf6,0xff,0xc5,0xe1,0xf6,0xff,0xc5,0xe1,0xf6,0xff,
0xc5,0xe1,0xf6,0xff,0xc5,0xe1,0xf6,0xff,0xc5,0xe1,0xf6,0xff,0xc5,0xe1,0xf6,0xff,
0xc5,0xe1,0xf6,0xff,0xc5,0xe1,0xf6,0xff,0xc5,0xe1,0xf6,0xff,0xc5,0xe1,0xf6,0xff,
0xc5,0xe1,0xf6,0xff,0xc4,0xe1,0xf6,0xff,0xc1,0xde,0xf5,0xff,0xb7,0xd6,0xf1,0xff,
0xaa,0xca,0xe9,0xff,0x9a,0xbb,0xe0,0xff,0x8d,0xae,0xd8,0xff,0x83,0xa5,0xd2,0xfe,
0x7b,0x9e,0xce,0xff,0x76,0x99,0xca,0xf6,0x70,0x93,0xc6,0x32,0x00,0x00,0x00,0x00,
0x7f,0x7f,0xff,0x02,0x00,0x00,0x00,0x00,0x00,0x00,0x00,0x00,0x00,0x00,0x00,0x00,
0xff,0xff,0xff,0x02,0x00,0x00,0x00,0x00,0xad,0xce,0xec,0x8d,0xbe,0xde,0xfc,0xff,
0xb8,0xd6,0xf1,0xfc,0xbb,0xda,0xf3,0xff,0xbf,0xdd,0xf5,0xff,0xc1,0xde,0xf6,0xff,
0xc2,0xdf,0xf6,0xff,0xc3,0xe1,0xf6,0xff,0xc4,0xe1,0xf6,0xff,0xc5,0xe1,0xf6,0xff,
0xc5,0xe1,0xf6,0xff,0xc5,0xe1,0xf6,0xff,0xc5,0xe1,0xf6,0xff,0xc5,0xe1,0xf6,0xff,
0xc5,0xe1,0xf6,0xff,0xc5,0xe1,0xf6,0xff,0xc5,0xe1,0xf6,0xff,0xc5,0xe1,0xf6,0xff,
0xc5,0xe1,0xf6,0xff,0xc5,0xe1,0xf6,0xff,0xc5,0xe1,0xf6,0xff,0xc5,0xe1,0xf6,0xff,
0xc5,0xe1,0xf6,0xff,0xc5,0xe1,0xf6,0xff,0xc5,0xe1,0xf6,0xff,0xc5,0xe1,0xf6,0xff,
0xc5,0xe1,0xf6,0xff,0xc4,0xe1,0xf6,0xff,0xc4,0xe1,0xf6,0xff,0xc4,0xe1,0xf6,0xff,
0xc4,0xe1,0xf6,0xff,0xc3,0xe0,0xf6,0xff,0xc3,0xe0,0xf6,0xff,0xc3,0xe0,0xf6,0xff,
0xc4,0xe1,0xf6,0xff,0xc5,0xe1,0xf6,0xff,0xc5,0xe1,0xf6,0xff,0xc5,0xe1,0xf6,0xff,
0xc5,0xe1,0xf6,0xff,0xc5,0xe1,0xf6,0xff,0xc5,0xe1,0xf6,0xff,0xc5,0xe1,0xf6,0xff,
0xc5,0xe1,0xf6,0xff,0xc5,0xe1,0xf6,0xff,0xc5,0xe1,0xf6,0xff,0xc5,0xe1,0xf6,0xff,
0xc5,0xe1,0xf6,0xff,0xc5,0xe1,0xf6,0xff,0xc5,0xe1,0xf6,0xff,0xc5,0xe1,0xf6,0xff,
0xc5,0xe1,0xf6,0xff,0xc5,0xe1,0xf6,0xff,0xc4,0xe1,0xf6,0xff,0xc2,0xe0,0xf6,0xff,
0xbb,0xda,0xf3,0xff,0xb0,0xd0,0xed,0xff,0xa1,0xc1,0xe4,0xff,0x92,0xb3,0xdb,0xff,
0x87,0xa9,0xd5,0xff,0x7d,0x9f,0xcf,0xfc,0x7d,0xa1,0xd4,0xff,0x73,0x96,0xc9,0xb0,
0x7f,0x7f,0xff,0x02,0xff,0xff,0xff,0x01,0x00,0x00,0x00,0x01,0x00,0x00,0x00,0x00,
0x00,0x00,0x00,0x00,0x00,0x00,0x00,0x00,0xaa,0xaa,0xaa,0x03,0x00,0x00,0x00,0x00,
0xab,0xca,0xe9,0x3a,0xb0,0xce,0xed,0xf9,0xb6,0xd5,0xf1,0xff,0xb8,0xd6,0xf1,0xfe,
0xbc,0xda,0xf3,0xff,0xbf,0xdd,0xf5,0xff,0xc1,0xdf,0xf6,0xff,0xc2,0xdf,0xf6,0xff,
0xc4,0xe1,0xf6,0xff,0xc4,0xe1,0xf6,0xff,0xc4,0xe1,0xf6,0xff,0xc5,0xe1,0xf6,0xff,
0xc5,0xe1,0xf6,0xff,0xc5,0xe1,0xf6,0xff,0xc5,0xe1,0xf6,0xff,0xc5,0xe1,0xf6,0xff,
0xc5,0xe1,0xf6,0xff,0xc5,0xe1,0xf6,0xff,0xc5,0xe1,0xf6,0xff,0xc5,0xe1,0xf6,0xff,
0xc5,0xe1,0xf6,0xff,0xc5,0xe1,0xf6,0xff,0xc5,0xe1,0xf6,0xff,0xc5,0xe1,0xf6,0xff,
0xc5,0xe1,0xf6,0xff,0xc4,0xe1,0xf6,0xff,0xc4,0xe1,0xf6,0xff,0xc4,0xe1,0xf6,0xff,
0xc3,0xe0,0xf6,0xff,0xc4,0xe1,0xf6,0xff,0xc3,0xe0,0xf6,0xff,0xc2,0xe0,0xf6,0xff,
0xc1,0xdf,0xf6,0xff,0xc3,0xe0,0xf6,0xff,0xc4,0xe1,0xf6,0xff,0xc4,0xe1,0xf6,0xff,
0xc5,0xe1,0xf6,0xff,0xc5,0xe1,0xf6,0xff,0xc5,0xe1,0xf6,0xff,0xc5,0xe1,0xf6,0xff,
0xc5,0xe1,0xf6,0xff,0xc5,0xe1,0xf6,0xff,0xc5,0xe1,0xf6,0xff,0xc5,0xe1,0xf6,0xff,
0xc5,0xe1,0xf6,0xff,0xc5,0xe1,0xf6,0xff,0xc5,0xe1,0xf6,0xff,0xc5,0xe1,0xf6,0xff,
0xc5,0xe1,0xf6,0xff,0xc5,0xe1,0xf6,0xff,0xc4,0xe1,0xf6,0xff,0xc5,0xe1,0xf6,0xff,
0xc2,0xe0,0xf6,0xff,0xbe,0xdc,0xf5,0xff,0xb5,0xd4,0xf0,0xff,0xa7,0xc7,0xe8,0xff,
0x98,0xb9,0xde,0xff,0x8b,0xad,0xd7,0xff,0x80,0xa3,0xd0,0xfe,0x79,0x9c,0xcc,0xfe,
0x77,0x99,0xcc,0xfc,0x72,0x94,0xc5,0x43,0x00,0x00,0x00,0x00,0x55,0x55,0xaa,0x03,
0x00,0x00,0x00,0x00,0x00,0x00,0x00,0x00,0x00,0x00,0x00,0x00,0x00,0x00,0x00,0x00,
0x00,0x00,0xff,0x01,0x00,0xff,0xff,0x01,0xaa,0xaa,0xff,0x03,0xaa,0xc9,0xe9,0xbb,
0xb7,0xd8,0xf7,0xff,0xb4,0xd3,0xef,0xfc,0xb7,0xd6,0xf1,0xff,0xbb,0xd9,0xf3,0xff,
0xbe,0xdc,0xf5,0xff,0xc0,0xde,0xf6,0xff,0xc2,0xdf,0xf6,0xff,0xc3,0xe0,0xf6,0xff,
0xc4,0xe1,0xf6,0xff,0xc4,0xe1,0xf6,0xff,0xc4,0xe1,0xf6,0xff,0xc4,0xe1,0xf6,0xff,
0xc4,0xe1,0xf6,0xff,0xc5,0xe1,0xf6,0xff,0xc5,0xe1,0xf6,0xff,0xc5,0xe1,0xf6,0xff,
0xc5,0xe1,0xf6,0xff,0xc5,0xe1,0xf6,0xff,0xc5,0xe1,0xf6,0xff,0xc5,0xe1,0xf6,0xff,
0xc4,0xe1,0xf6,0xff,0xc5,0xe1,0xf6,0xff,0xc4,0xe1,0xf6,0xff,0xc4,0xe1,0xf6,0xff,
0xc4,0xe1,0xf6,0xff,0xc3,0xe0,0xf6,0xff,0xc3,0xe0,0xf6,0xff,0xc2,0xe0,0xf6,0xff,
0xc2,0xdf,0xf6,0xff,0xc0,0xdf,0xf6,0xff,0xc1,0xde,0xf6,0xff,0xc1,0xdf,0xf6,0xff,
0xc2,0xe0,0xf6,0xff,0xc4,0xe1,0xf6,0xff,0xc4,0xe1,0xf6,0xff,0xc5,0xe1,0xf6,0xff,
0xc5,0xe1,0xf6,0xff,0xc5,0xe1,0xf6,0xff,0xc5,0xe1,0xf6,0xff,0xc5,0xe1,0xf6,0xff,
0xc5,0xe1,0xf6,0xff,0xc5,0xe1,0xf6,0xff,0xc5,0xe1,0xf6,0xff,0xc5,0xe1,0xf6,0xff,
0xc5,0xe1,0xf6,0xff,0xc5,0xe1,0xf6,0xff,0xc5,0xe1,0xf6,0xff,0xc5,0xe1,0xf6,0xff,
0xc4,0xe1,0xf6,0xff,0xc3,0xe0,0xf6,0xff,0xbf,0xdc,0xf5,0xff,0xb7,0xd5,0xf1,0xff,
0xac,0xcb,0xea,0xff,0x9c,0xbd,0xe1,0xff,0x8e,0xaf,0xd9,0xff,0x84,0xa6,0xd3,0xff,
0x7a,0x9d,0xcc,0xfd,0x7c,0xa1,0xd4,0xff,0x73,0x96,0xc7,0xaa,0x7f,0x7f,0xff,0x02,
0x7f,0x7f,0xff,0x02,0x00,0x00,0x00,0x00,0x00,0x00,0x00,0x00,0x00,0x00,0x00,0x00,
0x00,0x00,0x00,0x00,0x00,0x00,0x00,0x00,0x00,0x00,0x00,0x00,0xaa,0xff,0xaa,0x03,
0x00,0x00,0x00,0x00,0xa4,0xc6,0xe5,0x5a,0xaf,0xd0,0xf1,0xff,0xaf,0xce,0xec,0xfd,
0xb3,0xd1,0xee,0xff,0xb6,0xd5,0xf1,0xff,0xb9,0xd8,0xf2,0xff,0xbd,0xdb,0xf4,0xff,
0xc0,0xde,0xf6,0xff,0xc1,0xdf,0xf6,0xff,0xc2,0xe0,0xf6,0xff,0xc3,0xe0,0xf6,0xff,
0xc4,0xe1,0xf6,0xff,0xc4,0xe1,0xf6,0xff,0xc4,0xe1,0xf6,0xff,0xc4,0xe1,0xf6,0xff,
0xc4,0xe1,0xf6,0xff,0xc5,0xe1,0xf6,0xff,0xc4,0xe1,0xf6,0xff,0xc5,0xe1,0xf6,0xff,
0xc5,0xe1,0xf6,0xff,0xc4,0xe1,0xf6,0xff,0xc4,0xe1,0xf6,0xff,0xc4,0xe1,0xf6,0xff,
0xc4,0xe1,0xf6,0xff,0xc4,0xe1,0xf6,0xff,0xc3,0xe0,0xf6,0xff,0xc3,0xe0,0xf6,0xff,
0xc2,0xdf,0xf6,0xff,0xc1,0xdf,0xf6,0xff,0xc0,0xde,0xf6,0xff,0xc0,0xde,0xf6,0xff,
0xc0,0xde,0xf6,0xff,0xc0,0xde,0xf6,0xff,0xc2,0xdf,0xf6,0xff,0xc3,0xe0,0xf6,0xff,
0xc4,0xe1,0xf6,0xff,0xc4,0xe1,0xf6,0xff,0xc5,0xe1,0xf6,0xff,0xc5,0xe1,0xf6,0xff,
0xc5,0xe1,0xf6,0xff,0xc5,0xe1,0xf6,0xff,0xc5,0xe1,0xf6,0xff,0xc5,0xe1,0xf6,0xff,
0xc5,0xe1,0xf6,0xff,0xc5,0xe1,0xf6,0xff,0xc5,0xe1,0xf6,0xff,0xc5,0xe1,0xf6,0xff,
0xc5,0xe1,0xf6,0xff,0xc4,0xe1,0xf6,0xff,0xc2,0xe0,0xf6,0xff,0xbe,0xdc,0xf5,0xff,
0xb7,0xd5,0xf1,0xff,0xad,0xcc,0xeb,0xff,0xa0,0xc1,0xe3,0xff,0x91,0xb3,0xdb,0xff,
0x86,0xa8,0xd4,0xff,0x7d,0xa0,0xcf,0xfd,0x79,0x9c,0xce,0xfe,0x75,0x98,0xcb,0xed,
0x73,0x96,0xca,0x2c,0x00,0x00,0x00,0x00,0x7f,0x7f,0xff,0x02,0x00,0x00,0x00,0x00,
0x00,0x00,0x00,0x00,0x00,0x00,0x00,0x00,0x00,0x00,0x00,0x00,0x00,0x00,0x00,0x00,
0x00,0x00,0x00,0x00,0xff,0xff,0xff,0x01,0x00,0xff,0xff,0x01,0x99,0xcc,0xe5,0x0a,
0xa2,0xc3,0xe4,0xcc,0xb0,0xd1,0xf2,0xff,0xad,0xcc,0xea,0xfd,0xb1,0xd1,0xee,0xff,
0xb3,0xd2,0xef,0xff,0xb7,0xd6,0xf1,0xff,0xbb,0xd9,0xf3,0xff,0xbe,0xdc,0xf5,0xff,
0xc0,0xdd,0xf6,0xff,0xc1,0xdf,0xf6,0xff,0xc2,0xe0,0xf6,0xff,0xc3,0xe0,0xf6,0xff,
0xc3,0xe0,0xf6,0xff,0xc3,0xe0,0xf6,0xff,0xc3,0xe1,0xf6,0xff,0xc4,0xe1,0xf6,0xff,
0xc4,0xe1,0xf6,0xff,0xc4,0xe1,0xf6,0xff,0xc4,0xe1,0xf6,0xff,0xc4,0xe1,0xf6,0xff,
0xc4,0xe1,0xf6,0xff,0xc3,0xe0,0xf6,0xff,0xc3,0xe0,0xf6,0xff,0xc3,0xe0,0xf6,0xff,
0xc2,0xe0,0xf6,0xff,0xc1,0xdf,0xf6,0xff,0xc0,0xde,0xf6,0xff,0xbf,0xdd,0xf5,0xff,
0xbe,0xdc,0xf4,0xff,0xbd,0xdc,0xf4,0xff,0xbd,0xdb,0xf4,0xff,0xbf,0xdd,0xf5,0xff,
0xc0,0xde,0xf6,0xff,0xc1,0xdf,0xf6,0xff,0xc3,0xe0,0xf6,0xff,0xc4,0xe1,0xf6,0xff,
0xc4,0xe1,0xf6,0xff,0xc5,0xe1,0xf6,0xff,0xc5,0xe1,0xf6,0xff,0xc5,0xe1,0xf6,0xff,
0xc5,0xe1,0xf6,0xff,0xc5,0xe1,0xf6,0xff,0xc5,0xe1,0xf6,0xff,0xc5,0xe1,0xf6,0xff,
0xc5,0xe1,0xf6,0xff,0xc4,0xe1,0xf6,0xff,0xc3,0xe0,0xf6,0xff,0xc1,0xdf,0xf6,0xff,
0xbe,0xdb,0xf4,0xff,0xb6,0xd5,0xf0,0xff,0xac,0xcc,0xeb,0xff,0xa0,0xc0,0xe4,0xff,
0x94,0xb5,0xdc,0xff,0x89,0xab,0xd6,0xff,0x7f,0xa1,0xd0,0xff,0x78,0x9c,0xcb,0xfd,
0x7b,0xa0,0xd4,0xff,0x74,0x96,0xc8,0x7f,0x00,0x00,0x00,0x00,0x7f,0x7f,0xff,0x02,
0x00,0x00,0x00,0x00,0x00,0x00,0x00,0x00,0x00,0x00,0x00,0x00,0x00,0x00,0x00,0x00,
0x00,0x00,0x00,0x00,0x00,0x00,0x00,0x00,0x00,0x00,0x00,0x00,0x00,0x00,0x00,0x00,
0xff,0xff,0xff,0x02,0x00,0x00,0x00,0x00,0x9f,0xbe,0xe3,0x4b,0xa5,0xc6,0xe9,0xf9,
0xaa,0xc9,0xea,0xfc,0xaa,0xca,0xe9,0xfe,0xae,0xcd,0xeb,0xff,0xb1,0xd0,0xee,0xff,
0xb4,0xd3,0xef,0xff,0xb8,0xd6,0xf2,0xff,0xbb,0xd9,0xf3,0xff,0xbe,0xdb,0xf4,0xff,
0xbf,0xdd,0xf5,0xff,0xc0,0xde,0xf5,0xff,0xc1,0xdf,0xf6,0xff,0xc1,0xdf,0xf6,0xff,
0xc1,0xdf,0xf6,0xff,0xc2,0xe0,0xf6,0xff,0xc1,0xe0,0xf6,0xff,0xc1,0xdf,0xf6,0xff,
0xc2,0xe0,0xf6,0xff,0xc2,0xe0,0xf6,0xff,0xc2,0xe0,0xf6,0xff,0xc2,0xdf,0xf6,0xff,
0xc2,0xdf,0xf6,0xff,0xc1,0xde,0xf6,0xff,0xc0,0xde,0xf6,0xff,0xbf,0xdd,0xf5,0xff,
0xbd,0xdc,0xf4,0xff,0xbb,0xda,0xf3,0xff,0xbc,0xda,0xf3,0xff,0xba,0xd9,0xf4,0xff,
0xba,0xd9,0xf3,0xff,0xbc,0xda,0xf4,0xff,0xbd,0xdb,0xf4,0xff,0xbe,0xdc,0xf5,0xff,
0xc1,0xde,0xf6,0xff,0xc1,0xdf,0xf6,0xff,0xc2,0xe0,0xf6,0xff,0xc4,0xe1,0xf6,0xff,
0xc4,0xe1,0xf6,0xff,0xc4,0xe1,0xf6,0xff,0xc5,0xe1,0xf6,0xff,0xc5,0xe1,0xf6,0xff,
0xc4,0xe1,0xf6,0xff,0xc4,0xe1,0xf6,0xff,0xc3,0xe0,0xf6,0xff,0xc2,0xdf,0xf6,0xff,
0xbf,0xdd,0xf5,0xff,0xbb,0xd9,0xf3,0xff,0xb5,0xd4,0xf0,0xff,0xac,0xcb,0xeb,0xff,
0xa1,0xc1,0xe4,0xff,0x95,0xb6,0xdd,0xff,0x8b,0xad,0xd7,0xff,0x82,0xa4,0xd2,0xff,
0x7a,0x9d,0xcc,0xfd,0x7b,0x9f,0xd1,0xff,0x73,0x96,0xc8,0xd2,0x6f,0x8f,0xbf,0x10,
0xff,0xff,0xff,0x01,0xff,0xff,0xff,0x01,0x00,0x00,0x00,0x00,0x00,0x00,0x00,0x00,
0x00,0x00,0x00,0x00,0x00,0x00,0x00,0x00,0x00,0x00,0x00,0x00,0x00,0x00,0x00,0x00,
0x00,0x00,0x00,0x00,0x00,0x00,0x00,0x00,0x00,0x00,0x00,0x00,0x7f,0xff,0xff,0x02,
0x00,0x00,0x00,0x00,0x99,0xba,0xdf,0x9c,0xa8,0xcb,0xf0,0xff,0xa4,0xc4,0xe5,0xfc,
0xa8,0xc8,0xe8,0xff,0xab,0xca,0xea,0xff,0xad,0xcd,0xec,0xff,0xb2,0xd1,0xee,0xff,
0xb4,0xd3,0xf0,0xff,0xb8,0xd6,0xf1,0xff,0xb9,0xd8,0xf2,0xff,0xbb,0xd9,0xf3,0xff,
0xbd,0xdb,0xf4,0xff,0xbe,0xdb,0xf5,0xff,0xbe,0xdc,0xf4,0xff,0xbf,0xdd,0xf5,0xff,
0xbf,0xdd,0xf5,0xff,0xbf,0xdd,0xf5,0xff,0xbf,0xdd,0xf5,0xff,0xc0,0xdd,0xf5,0xff,
0xbf,0xdd,0xf5,0xff,0xbe,0xdd,0xf5,0xff,0xbf,0xdc,0xf5,0xff,0xbe,0xdc,0xf5,0xff,
0xbd,0xdb,0xf4,0xff,0xbb,0xda,0xf3,0xff,0xba,0xd9,0xf3,0xff,0xba,0xd8,0xf3,0xff,
0xb8,0xd7,0xf2,0xff,0xb7,0xd6,0xf2,0xff,0xb8,0xd7,0xf2,0xff,0xb9,0xd7,0xf2,0xff,
0xb8,0xd7,0xf2,0xff,0xbb,0xd9,0xf3,0xff,0xbc,0xdb,0xf4,0xff,0xbd,0xdc,0xf5,0xff,
0xc0,0xde,0xf6,0xff,0xc2,0xe0,0xf6,0xff,0xc3,0xe0,0xf6,0xff,0xc3,0xe0,0xf6,0xff,
0xc3,0xe0,0xf6,0xff,0xc3,0xe0,0xf6,0xff,0xc2,0xe0,0xf6,0xff,0xc1,0xde,0xf6,0xff,
0xbf,0xdd,0xf5,0xff,0xbc,0xda,0xf4,0xff,0xb7,0xd6,0xf1,0xff,0xb2,0xd1,0xee,0xff,
0xab,0xcb,0xea,0xff,0xa1,0xc1,0xe4,0xff,0x96,0xb6,0xde,0xff,0x8c,0xae,0xd8,0xff,
0x83,0xa6,0xd3,0xff,0x7c,0x9e,0xcd,0xfe,0x79,0x9c,0xcc,0xfd,0x77,0x9b,0xcd,0xfd,
0x75,0x97,0xc7,0x4a,0x00,0x00,0x00,0x00,0x7f,0xff,0xff,0x02,0x00,0x00,0x00,0x00,
0x00,0x00,0x00,0x00,0x00,0x00,0x00,0x00,0x00,0x00,0x00,0x00,0x00,0x00,0x00,0x00,
0x00,0x00,0x00,0x00,0x00,0x00,0x00,0x00,0x00,0x00,0x00,0x00,0x00,0x00,0x00,0x00,
0x00,0x00,0x00,0x00,0x7f,0x7f,0x7f,0x02,0xff,0xff,0xff,0x01,0x95,0xaf,0xdb,0x1d,
0x98,0xb9,0xdf,0xdd,0xa1,0xc3,0xe8,0xff,0xa0,0xc0,0xe3,0xfd,0xa4,0xc4,0xe6,0xff,
0xa6,0xc6,0xe7,0xff,0xaa,0xca,0xe9,0xff,0xad,0xcc,0xeb,0xff,0xb0,0xcf,0xed,0xff,
0xb2,0xd1,0xee,0xff,0xb4,0xd3,0xef,0xff,0xb5,0xd4,0xf0,0xff,0xb8,0xd7,0xf2,0xff,
0xba,0xd8,0xf2,0xff,0xba,0xd8,0xf3,0xff,0xba,0xd9,0xf3,0xff,0xbb,0xd9,0xf3,0xff,
0xba,0xd8,0xf3,0xff,0xba,0xd8,0xf3,0xff,0xba,0xd9,0xf3,0xff,0xba,0xd9,0xf3,0xff,
0xb9,0xd8,0xf3,0xff,0xba,0xd8,0xf3,0xff,0xb8,0xd7,0xf2,0xff,0xb6,0xd5,0xf1,0xff,
0xb6,0xd5,0xf0,0xff,0xb6,0xd5,0xf0,0xff,0xb4,0xd3,0xef,0xff,0xb5,0xd4,0xf0,0xff,
0xb5,0xd4,0xf0,0xff,0xb5,0xd4,0xf0,0xff,0xb5,0xd4,0xf0,0xff,0xb7,0xd6,0xf1,0xff,
0xb8,0xd7,0xf2,0xff,0xb9,0xd8,0xf3,0xff,0xbc,0xda,0xf4,0xff,0xbe,0xdc,0xf4,0xff,
0xbe,0xdc,0xf5,0xff,0xbf,0xdd,0xf5,0xff,0xbf,0xdd,0xf5,0xff,0xbe,0xdc,0xf5,0xff,
0xbd,0xdb,0xf4,0xff,0xba,0xd9,0xf3,0xff,0xb7,0xd5,0xf1,0xff,0xb3,0xd2,0xef,0xff,
0xae,0xcd,0xec,0xff,0xa7,0xc7,0xe7,0xff,0x9f,0xc0,0xe3,0xff,0x95,0xb6,0xdd,0xff,
0x8d,0xae,0xd8,0xff,0x86,0xa8,0xd4,0xff,0x7f,0xa2,0xd0,0xff,0x79,0x9b,0xcb,0xfc,
0x7d,0xa1,0xd5,0xff,0x74,0x97,0xc8,0x9b,0x00,0x00,0x00,0x00,0x7f,0x7f,0xff,0x02,
0x00,0x00,0x00,0x00,0x00,0x00,0x00,0x00,0x00,0x00,0x00,0x00,0x00,0x00,0x00,0x00,
0x00,0x00,0x00,0x00,0x00,0x00,0x00,0x00,0x00,0x00,0x00,0x00,0x00,0x00,0x00,0x00,
0x00,0x00,0x00,0x00,0x00,0x00,0x00,0x00,0x00,0x00,0x00,0x00,0x00,0x00,0x00,0x00,
0x7f,0xff,0xff,0x02,0x00,0x00,0x00,0x00,0x8e,0xb0,0xd9,0x44,0x96,0xb8,0xdf,0xf8,
0x9b,0xbc,0xe2,0xfe,0x9b,0xbc,0xe0,0xfe,0x9f,0xbf,0xe3,0xff,0xa1,0xc1,0xe4,0xff,
0xa4,0xc4,0xe6,0xff,0xa7,0xc6,0xe7,0xff,0xa9,0xc9,0xe9,0xff,0xab,0xcb,0xea,0xff,
0xae,0xcd,0xec,0xff,0xb0,0xd0,0xed,0xff,0xb1,0xd1,0xee,0xff,0xb2,0xd1,0xee,0xff,
0xb2,0xd2,0xee,0xff,0xb3,0xd2,0xef,0xff,0xb4,0xd3,0xef,0xff,0xb4,0xd3,0xef,0xff,
0xb5,0xd3,0xf0,0xff,0xb5,0xd3,0xf0,0xff,0xb3,0xd2,0xef,0xff,0xb3,0xd2,0xef,0xff,
0xb2,0xd1,0xee,0xff,0xb1,0xd0,0xed,0xff,0xb1,0xd0,0xee,0xff,0xb1,0xd0,0xed,0xff,
0xb1,0xd1,0xed,0xff,0xb2,0xd1,0xee,0xff,0xb2,0xd1,0xee,0xff,0xb2,0xd1,0xee,0xff,
0xb2,0xd2,0xee,0xff,0xb3,0xd2,0xef,0xff,0xb3,0xd2,0xef,0xff,0xb5,0xd4,0xf0,0xff,
0xb5,0xd4,0xf0,0xff,0xb6,0xd5,0xf0,0xff,0xb8,0xd6,0xf1,0xff,0xb7,0xd6,0xf1,0xff,
0xb6,0xd5,0xf0,0xff,0xb5,0xd4,0xf0,0xff,0xb3,0xd2,0xef,0xff,0xb1,0xd0,0xee,0xff,
0xae,0xce,0xec,0xff,0xaa,0xca,0xea,0xff,0xa3,0xc3,0xe6,0xff,0x9c,0xbc,0xe1,0xff,
0x95,0xb6,0xdd,0xff,0x8d,0xaf,0xd9,0xff,0x87,0xa9,0xd4,0xff,0x80,0xa3,0xd1,0xff,
0x7a,0x9d,0xcc,0xfd,0x7d,0xa1,0xd4,0xff,0x75,0x98,0xc9,0xca,0x78,0x96,0xd2,0x11,
0x00,0x00,0xff,0x01,0x00,0xff,0xff,0x01,0x00,0x00,0x00,0x00,0x00,0x00,0x00,0x00,
0x00,0x00,0x00,0x00,0x00,0x00,0x00,0x00,0x00,0x00,0x00,0x00,0x00,0x00,0x00,0x00,
0x00,0x00,0x00,0x00,0x00,0x00,0x00,0x00,0x00,0x00,0x00,0x00,0x00,0x00,0x00,0x00,
0x00,0x00,0x00,0x00,0x00,0x00,0x00,0x00,0x00,0x00,0x00,0x00,0x55,0xaa,0xaa,0x03,
0x00,0x00,0x00,0x00,0x89,0xab,0xd5,0x68,0x92,0xb4,0xde,0xff,0x94,0xb6,0xdd,0xfd,
0x94,0xb5,0xdb,0xfe,0x98,0xb9,0xdf,0xff,0x9b,0xbc,0xe1,0xff,0x9f,0xbf,0xe2,0xff,
0xa1,0xc1,0xe4,0xff,0xa4,0xc4,0xe6,0xff,0xa6,0xc6,0xe7,0xff,0xa8,0xc8,0xe8,0xff,
0xaa,0xca,0xe9,0xff,0xac,0xcc,0xeb,0xff,0xac,0xcc,0xea,0xff,0xae,0xce,0xec,0xff,
0xaf,0xce,0xec,0xff,0xae,0xcd,0xec,0xff,0xae,0xcd,0xeb,0xff,0xae,0xcd,0xeb,0xff,
0xae,0xcd,0xec,0xff,0xae,0xcd,0xeb,0xff,0xae,0xce,0xec,0xff,0xaf,0xce,0xec,0xff,
0xae,0xce,0xeb,0xff,0xad,0xcc,0xeb,0xff,0xad,0xcd,0xeb,0xff,0xae,0xcd,0xeb,0xff,
0xad,0xcd,0xeb,0xff,0xae,0xcd,0xeb,0xff,0xb0,0xcf,0xed,0xff,0xb0,0xcf,0xed,0xff,
0xb1,0xd1,0xee,0xff,0xb1,0xd0,0xed,0xff,0xb1,0xd0,0xed,0xff,0xb1,0xd1,0xee,0xff,
0xb1,0xd0,0xed,0xff,0xb0,0xcf,0xed,0xff,0xaf,0xcf,0xec,0xff,0xad,0xcd,0xeb,0xff,
0xac,0xcb,0xea,0xff,0xa8,0xc8,0xe8,0xff,0xa5,0xc5,0xe6,0xff,0xa0,0xc1,0xe4,0xff,
0x99,0xba,0xdf,0xff,0x92,0xb3,0xdb,0xff,0x8c,0xae,0xd8,0xff,0x87,0xa9,0xd5,0xff,
0x81,0xa4,0xd1,0xff,0x7b,0x9e,0xcd,0xfd,0x7b,0x9e,0xcf,0xfe,0x77,0x9b,0xcc,0xe9,
0x74,0x95,0xc7,0x2e,0x00,0x00,0x00,0x00,0x7f,0x7f,0xff,0x02,0x00,0x00,0x00,0x00,
0x00,0x00,0x00,0x00,0x00,0x00,0x00,0x00,0x00,0x00,0x00,0x00,0x00,0x00,0x00,0x00,
0x00,0x00,0x00,0x00,0x00,0x00,0x00,0x00,0x00,0x00,0x00,0x00,0x00,0x00,0x00,0x00,
0x00,0x00,0x00,0x00,0x00,0x00,0x00,0x00,0x00,0x00,0x00,0x00,0x00,0x00,0x00,0x00,
0x00,0x00,0x00,0x00,0x00,0x00,0x00,0x00,0x7f,0xff,0xff,0x02,0x00,0x00,0x00,0x00,
0x84,0xa6,0xd2,0x79,0x8d,0xb0,0xdc,0xff,0x8d,0xae,0xd8,0xff,0x8f,0xb0,0xd8,0xfd,
0x93,0xb4,0xdc,0xff,0x96,0xb7,0xdd,0xff,0x9a,0xbb,0xdf,0xff,0x9c,0xbd,0xe2,0xff,
0x9e,0xbf,0xe2,0xff,0xa2,0xc2,0xe5,0xff,0xa4,0xc5,0xe6,0xff,0xa6,0xc6,0xe7,0xff,
0xa6,0xc6,0xe7,0xff,0xa7,0xc7,0xe7,0xff,0xa6,0xc6,0xe7,0xff,0xa7,0xc7,0xe8,0xff,
0xa9,0xc8,0xe9,0xff,0xa9,0xc9,0xe9,0xff,0xab,0xcb,0xea,0xff,0xac,0xcc,0xea,0xff,
0xac,0xcb,0xea,0xff,0xab,0xcb,0xea,0xff,0xab,0xca,0xea,0xff,0xaa,0xca,0xe9,0xff,
0xaa,0xca,0xe9,0xff,0xaa,0xca,0xe9,0xff,0xaa,0xc9,0xe9,0xff,0xab,0xcb,0xea,0xff,
0xad,0xcc,0xeb,0xff,0xaf,0xce,0xec,0xff,0xae,0xcd,0xeb,0xff,0xae,0xcd,0xeb,0xff,
0xaf,0xce,0xec,0xff,0xad,0xcc,0xeb,0xff,0xaa,0xca,0xe9,0xff,0xaa,0xc9,0xe9,0xff,
0xa8,0xc8,0xe8,0xff,0xa6,0xc6,0xe7,0xff,0xa5,0xc5,0xe6,0xff,0xa2,0xc2,0xe4,0xff,
0x9c,0xbd,0xe1,0xff,0x95,0xb7,0xdd,0xff,0x91,0xb2,0xdb,0xff,0x8b,0xad,0xd7,0xff,
0x86,0xa9,0xd4,0xff,0x82,0xa4,0xd1,0xff,0x7c,0x9f,0xcd,0xfe,0x79,0x9d,0xcd,0xfd,
0x79,0x9d,0xcf,0xff,0x75,0x9a,0xc9,0x5b,0x00,0x00,0x00,0x00,0x55,0xaa,0xaa,0x03,
0x00,0x00,0x00,0x00,0x00,0x00,0x00,0x00,0x00,0x00,0x00,0x00,0x00,0x00,0x00,0x00,
0x00,0x00,0x00,0x00,0x00,0x00,0x00,0x00,0x00,0x00,0x00,0x00,0x00,0x00,0x00,0x00,
0x00,0x00,0x00,0x00,0x00,0x00,0x00,0x00,0x00,0x00,0x00,0x00,0x00,0x00,0x00,0x00,
0x00,0x00,0x00,0x00,0x00,0x00,0x00,0x00,0x00,0x00,0x00,0x00,0x00,0x00,0x00,0x00,
0x00,0x00,0xff,0x01,0x7f,0x7f,0xff,0x02,0x00,0x00,0x00,0x00,0x7d,0x9e,0xcd,0x72,
0x85,0xa7,0xd5,0xfc,0x8a,0xad,0xd9,0xff,0x8b,0xad,0xd7,0xfc,0x8e,0xaf,0xd9,0xff,
0x90,0xb2,0xda,0xff,0x93,0xb5,0xdc,0xff,0x97,0xb8,0xde,0xff,0x9a,0xba,0xe0,0xff,
0x9d,0xbe,0xe2,0xff,0x9f,0xbf,0xe3,0xff,0x9f,0xbf,0xe3,0xff,0x9f,0xc0,0xe3,0xff,
0xa2,0xc2,0xe4,0xff,0xa2,0xc2,0xe4,0xff,0xa5,0xc5,0xe6,0xff,0xa6,0xc7,0xe7,0xff,
0xa8,0xc8,0xe8,0xff,0xa7,0xc7,0xe8,0xff,0xa8,0xc8,0xe8,0xff,0xa6,0xc6,0xe7,0xff,
0xa6,0xc6,0xe7,0xff,0xa5,0xc5,0xe6,0xff,0xa5,0xc5,0xe7,0xff,0xa6,0xc6,0xe7,0xff,
0xa6,0xc6,0xe7,0xff,0xa7,0xc7,0xe7,0xff,0xa8,0xc8,0xe8,0xff,0xa9,0xc9,0xe9,0xff,
0xaa,0xca,0xe9,0xff,0xab,0xcb,0xea,0xff,0xaa,0xca,0xe9,0xff,0xa7,0xc7,0xe8,0xff,
0xa6,0xc6,0xe7,0xff,0xa5,0xc5,0xe7,0xff,0xa3,0xc3,0xe5,0xff,0xa1,0xc1,0xe4,0xff,
0x9d,0xbe,0xe2,0xff,0x98,0xb9,0xdf,0xff,0x92,0xb4,0xdb,0xff,0x8d,0xaf,0xd8,0xff,
0x89,0xab,0xd6,0xff,0x84,0xa7,0xd3,0xff,0x80,0xa2,0xd1,0xff,0x7c,0x9e,0xcd,0xfe,
0x79,0x9c,0xcc,0xfc,0x7d,0xa2,0xd5,0xff,0x74,0x98,0xc9,0x81,0x00,0x00,0x00,0x00,
0x55,0xaa,0xaa,0x03,0x00,0x00,0x00,0x00,0x00,0x00,0x00,0x00,0x00,0x00,0x00,0x00,
0x00,0x00,0x00,0x00,0x00,0x00,0x00,0x00,0x00,0x00,0x00,0x00,0x00,0x00,0x00,0x00,
0x00,0x00,0x00,0x00,0x00,0x00,0x00,0x00,0x00,0x00,0x00,0x00,0x00,0x00,0x00,0x00,
0x00,0x00,0x00,0x00,0x00,0x00,0x00,0x00,0x00,0x00,0x00,0x00,0x00,0x00,0x00,0x00,
0x00,0x00,0x00,0x00,0x00,0x00,0x00,0x00,0x00,0x00,0x00,0x00,0x00,0x00,0xff,0x01,
0x7f,0x7f,0xff,0x02,0x00,0x00,0x00,0x00,0x78,0x9d,0xcb,0x59,0x7f,0xa3,0xd2,0xea,
0x85,0xa8,0xd7,0xff,0x84,0xa5,0xd2,0xfc,0x88,0xaa,0xd5,0xff,0x8b,0xad,0xd7,0xff,
0x8f,0xb0,0xd9,0xff,0x93,0xb4,0xdb,0xff,0x95,0xb6,0xdd,0xff,0x96,0xb7,0xdd,0xff,
0x98,0xb9,0xdf,0xff,0x9a,0xbb,0xe0,0xff,0x9c,0xbd,0xe1,0xff,0x9f,0xbf,0xe2,0xff,
0x9f,0xc0,0xe3,0xff,0xa0,0xc0,0xe3,0xff,0xa1,0xc2,0xe4,0xff,0xa3,0xc3,0xe5,0xff,
0xa3,0xc3,0xe5,0xff,0xa1,0xc2,0xe4,0xff,0xa1,0xc1,0xe4,0xff,0xa0,0xc1,0xe3,0xff,
0xa1,0xc1,0xe4,0xff,0xa1,0xc1,0xe4,0xff,0xa2,0xc2,0xe5,0xff,0xa2,0xc2,0xe5,0xff,
0xa3,0xc3,0xe5,0xff,0xa4,0xc4,0xe6,0xff,0xa5,0xc5,0xe7,0xff,0xa5,0xc5,0xe7,0xff,
0xa4,0xc4,0xe6,0xff,0xa2,0xc3,0xe5,0xff,0xa1,0xc1,0xe4,0xff,0x9f,0xbf,0xe3,0xff,
0x9b,0xbc,0xe1,0xff,0x98,0xb9,0xde,0xff,0x93,0xb5,0xdc,0xff,0x8f,0xb0,0xd9,0xff,
0x8b,0xad,0xd7,0xff,0x87,0xa9,0xd5,0xff,0x83,0xa5,0xd2,0xff,0x7f,0xa1,0xcf,0xff,
0x7b,0x9d,0xcc,0xfe,0x78,0x9b,0xcc,0xfc,0x7b,0x9f,0xd2,0xff,0x75,0x98,0xca,0x93,
0x7f,0x7f,0xff,0x02,0x7f,0x7f,0xff,0x02,0x00,0xff,0xff,0x01,0x00,0x00,0x00,0x00,
0x00,0x00,0x00,0x00,0x00,0x00,0x00,0x00,0x00,0x00,0x00,0x00,0x00,0x00,0x00,0x00,
0x00,0x00,0x00,0x00,0x00,0x00,0x00,0x00,0x00,0x00,0x00,0x00,0x00,0x00,0x00,0x00,
0x00,0x00,0x00,0x00,0x00,0x00,0x00,0x00,0x00,0x00,0x00,0x00,0x00,0x00,0x00,0x00,
0x00,0x00,0x00,0x00,0x00,0x00,0x00,0x00,0x00,0x00,0x00,0x00,0x00,0x00,0x00,0x00,
0x00,0x00,0x00,0x00,0x00,0x00,0x00,0x00,0x00,0x00,0x00,0x01,0x55,0xaa,0xaa,0x03,
0x00,0x00,0x00,0x00,0x73,0x99,0xc7,0x37,0x77,0x9b,0xcb,0xd4,0x80,0xa5,0xd7,0xff,
0x7e,0xa1,0xcf,0xfd,0x83,0xa5,0xd1,0xfd,0x87,0xa8,0xd4,0xff,0x8a,0xac,0xd7,0xff,
0x8d,0xaf,0xd8,0xff,0x90,0xb1,0xda,0xff,0x93,0xb4,0xdb,0xff,0x95,0xb7,0xdd,0xff,
0x96,0xb7,0xde,0xff,0x98,0xb9,0xdf,0xff,0x99,0xba,0xdf,0xff,0x9a,0xba,0xdf,0xff,
0x9c,0xbd,0xe1,0xff,0x9d,0xbd,0xe1,0xff,0x9c,0xbd,0xe1,0xff,0x9c,0xbc,0xe1,0xff,
0x9b,0xbc,0xe0,0xff,0x9b,0xbc,0xe1,0xff,0x9b,0xbc,0xe1,0xff,0x9a,0xbb,0xe0,0xff,
0x9c,0xbd,0xe1,0xff,0x9c,0xbc,0xe1,0xff,0x9c,0xbc,0xe1,0xff,0x9d,0xbe,0xe1,0xff,
0x9d,0xbd,0xe2,0xff,0x9c,0xbd,0xe1,0xff,0x9c,0xbd,0xe1,0xff,0x9a,0xbb,0xe0,0xff,
0x97,0xb8,0xde,0xff,0x95,0xb6,0xdd,0xff,0x93,0xb4,0xdc,0xff,0x8f,0xb0,0xda,0xff,
0x8c,0xad,0xd7,0xff,0x88,0xaa,0xd5,0xff,0x84,0xa6,0xd3,0xff,0x80,0xa3,0xd1,0xff,
0x7c,0x9f,0xce,0xff,0x78,0x9c,0xcb,0xfd,0x77,0x9b,0xcb,0xfd,0x7c,0xa1,0xd5,0xff,
0x76,0x97,0xcb,0x99,0x55,0xaa,0xaa,0x03,0x00,0x00,0xff,0x01,0x00,0xff,0xff,0x01,
0x00,0x00,0x00,0x00,0x00,0x00,0x00,0x00,0x00,0x00,0x00,0x00,0x00,0x00,0x00,0x00,
0x00,0x00,0x00,0x00,0x00,0x00,0x00,0x00,0x00,0x00,0x00,0x00,0x00,0x00,0x00,0x00,
0x00,0x00,0x00,0x00,0x00,0x00,0x00,0x00,0x00,0x00,0x00,0x00,0x00,0x00,0x00,0x00,
0x00,0x00,0x00,0x00,0x00,0x00,0x00,0x00,0x00,0x00,0x00,0x00,0x00,0x00,0x00,0x00,
0x00,0x00,0x00,0x00,0x00,0x00,0x00,0x00,0x00,0x00,0x00,0x00,0x00,0x00,0x00,0x00,
0x00,0x00,0x00,0x00,0x00,0x00,0x00,0x00,0xaa,0xaa,0xaa,0x03,0x00,0x00,0x00,0x00,
0x67,0x8d,0xbc,0x1b,0x72,0x95,0xc8,0xa5,0x76,0x9a,0xce,0xff,0x7a,0x9e,0xd0,0xff,
0x7e,0xa0,0xcf,0xfc,0x81,0xa4,0xd1,0xfe,0x85,0xa7,0xd3,0xff,0x87,0xa9,0xd5,0xff,
0x89,0xab,0xd6,0xff,0x8c,0xae,0xd7,0xff,0x8e,0xb0,0xd9,0xff,0x8e,0xb0,0xd9,0xff,
0x91,0xb2,0xda,0xff,0x93,0xb4,0xdb,0xff,0x91,0xb3,0xdb,0xff,0x94,0xb5,0xdd,0xff,
0x94,0xb5,0xdd,0xff,0x93,0xb4,0xdc,0xff,0x92,0xb4,0xdb,0xff,0x93,0xb5,0xdc,0xff,
0x91,0xb3,0xdb,0xff,0x91,0xb2,0xdb,0xff,0x93,0xb4,0xdb,0xff,0x92,0xb4,0xdb,0xff,
0x92,0xb4,0xdb,0xff,0x93,0xb5,0xdc,0xff,0x93,0xb4,0xdc,0xff,0x93,0xb5,0xdc,0xff,
0x92,0xb3,0xdb,0xff,0x91,0xb2,0xdb,0xff,0x8f,0xb1,0xd9,0xff,0x8d,0xae,0xd8,0xff,
0x8b,0xad,0xd7,0xff,0x89,0xaa,0xd5,0xff,0x86,0xa7,0xd4,0xff,0x81,0xa4,0xd2,0xff,
0x7d,0xa0,0xcf,0xff,0x7a,0x9d,0xcd,0xff,0x78,0x9a,0xcb,0xfc,0x78,0x9b,0xcd,0xff,
0x7a,0x9e,0xd2,0xff,0x75,0x97,0xc9,0x94,0x99,0x99,0xcc,0x05,0x00,0x00,0x00,0x00,
0xff,0xff,0xff,0x01,0x00,0x00,0x00,0x00,0x00,0x00,0x00,0x00,0x00,0x00,0x00,0x00,
0x00,0x00,0x00,0x00,0x00,0x00,0x00,0x00,0x00,0x00,0x00,0x00,0x00,0x00,0x00,0x00,
0x00,0x00,0x00,0x00,0x00,0x00,0x00,0x00,0x00,0x00,0x00,0x00,0x00,0x00,0x00,0x00,
0x00,0x00,0x00,0x00,0x00,0x00,0x00,0x00,0x00,0x00,0x00,0x00,0x00,0x00,0x00,0x00,
0x00,0x00,0x00,0x00,0x00,0x00,0x00,0x00,0x00,0x00,0x00,0x00,0x00,0x00,0x00,0x00,
0x00,0x00,0x00,0x00,0x00,0x00,0x00,0x00,0x00,0x00,0x00,0x00,0x00,0x00,0x00,0x00,
0x00,0x00,0x00,0x00,0x7f,0x7f,0xff,0x02,0x00,0x00,0x00,0x00,0x00,0x00,0x00,0x00,
0x6b,0x8e,0xc3,0x66,0x6d,0x91,0xc6,0xe0,0x77,0x9c,0xd1,0xff,0x77,0x9b,0xcc,0xff,
0x7a,0x9d,0xcd,0xfc,0x7c,0x9f,0xce,0xfd,0x7f,0xa1,0xcf,0xfe,0x81,0xa3,0xd1,0xff,
0x84,0xa6,0xd3,0xff,0x85,0xa7,0xd3,0xff,0x87,0xa9,0xd5,0xff,0x87,0xa9,0xd5,0xff,
0x86,0xa8,0xd4,0xff,0x88,0xaa,0xd6,0xff,0x89,0xab,0xd6,0xff,0x88,0xaa,0xd6,0xff,
0x88,0xaa,0xd5,0xff,0x87,0xa9,0xd5,0xff,0x88,0xaa,0xd5,0xff,0x88,0xaa,0xd5,0xff,
0x87,0xa9,0xd5,0xff,0x87,0xa9,0xd5,0xff,0x88,0xaa,0xd6,0xff,0x88,0xaa,0xd5,0xff,
0x88,0xaa,0xd5,0xff,0x88,0xaa,0xd5,0xff,0x87,0xa9,0xd4,0xff,0x86,0xa9,0xd4,0xff,
0x86,0xa8,0xd5,0xff,0x85,0xa7,0xd3,0xff,0x83,0xa6,0xd2,0xff,0x81,0xa3,0xd1,0xff,
0x7d,0xa0,0xcf,0xff,0x7a,0x9d,0xcc,0xfe,0x78,0x9a,0xcb,0xfc,0x75,0x99,0xca,0xfd,
0x7a,0x9f,0xd3,0xff,0x76,0x99,0xcc,0xeb,0x73,0x97,0xc7,0x6a,0x00,0x00,0x00,0x00,
0x00,0x00,0x00,0x00,0xff,0xff,0xff,0x01,0x00,0x00,0x00,0x00,0x00,0x00,0x00,0x00,
0x00,0x00,0x00,0x00,0x00,0x00,0x00,0x00,0x00,0x00,0x00,0x00,0x00,0x00,0x00,0x00,
0x00,0x00,0x00,0x00,0x00,0x00,0x00,0x00,0x00,0x00,0x00,0x00,0x00,0x00,0x00,0x00,
0x00,0x00,0x00,0x00,0x00,0x00,0x00,0x00,0x00,0x00,0x00,0x00,0x00,0x00,0x00,0x00,
0x00,0x00,0x00,0x00,0x00,0x00,0x00,0x00,0x00,0x00,0x00,0x00,0x00,0x00,0x00,0x00,
0x00,0x00,0x00,0x00,0x00,0x00,0x00,0x00,0x00,0x00,0x00,0x00,0x00,0x00,0x00,0x00,
0x00,0x00,0x00,0x00,0x00,0x00,0x00,0x00,0x00,0x00,0x00,0x00,0x00,0x00,0x00,0x00,
0x7f,0x7f,0x7f,0x02,0x00,0x00,0x00,0x01,0x00,0x00,0x00,0x00,0x62,0x83,0xbd,0x1f,
0x6a,0x8e,0xc4,0x8f,0x6e,0x92,0xc6,0xef,0x76,0x9a,0xd0,0xff,0x78,0x9c,0xcf,0xff,
0x76,0x99,0xca,0xff,0x76,0x9a,0xca,0xfd,0x78,0x9b,0xcc,0xfc,0x78,0x9c,0xcb,0xfd,
0x79,0x9d,0xcc,0xfd,0x7b,0x9e,0xcd,0xfe,0x7d,0x9f,0xce,0xfe,0x7c,0x9e,0xce,0xff,
0x7d,0xa0,0xcf,0xff,0x7e,0xa0,0xcf,0xff,0x7f,0xa1,0xd0,0xff,0x7f,0xa1,0xd0,0xff,
0x7f,0xa1,0xd0,0xff,0x7f,0xa1,0xd0,0xff,0x7f,0xa1,0xd0,0xff,0x7f,0xa1,0xd0,0xff,
0x7f,0xa1,0xd0,0xff,0x7f,0xa2,0xd0,0xff,0x80,0xa3,0xd0,0xff,0x80,0xa2,0xd0,0xff,
0x80,0xa2,0xd0,0xff,0x80,0xa2,0xd0,0xff,0x7e,0xa0,0xcf,0xff,0x7c,0x9e,0xce,0xff,
0x7a,0x9c,0xcc,0xfe,0x77,0x9a,0xcb,0xfd,0x76,0x98,0xca,0xfc,0x75,0x97,0xca,0xff,
0x79,0x9d,0xd1,0xff,0x76,0x9a,0xce,0xff,0x74,0x96,0xc9,0xb2,0x77,0x97,0xc8,0x2f,
0x00,0x00,0x00,0x00,0x00,0xff,0xff,0x01,0x00,0x00,0xff,0x01,0x00,0x00,0x00,0x00,
0x00,0x00,0x00,0x00,0x00,0x00,0x00,0x00,0x00,0x00,0x00,0x00,0x00,0x00,0x00,0x00,
0x00,0x00,0x00,0x00,0x00,0x00,0x00,0x00,0x00,0x00,0x00,0x00,0x00,0x00,0x00,0x00,
0x00,0x00,0x00,0x00,0x00,0x00,0x00,0x00,0x00,0x00,0x00,0x00,0x00,0x00,0x00,0x00,
0x00,0x00,0x00,0x00,0x00,0x00,0x00,0x00,0x00,0x00,0x00,0x00,0x00,0x00,0x00,0x00,
0x00,0x00,0x00,0x00,0x00,0x00,0x00,0x00,0x00,0x00,0x00,0x00,0x00,0x00,0x00,0x00,
0x00,0x00,0x00,0x00,0x00,0x00,0x00,0x00,0x00,0x00,0x00,0x00,0x00,0x00,0x00,0x00,
0x00,0x00,0x00,0x00,0x00,0x00,0x00,0x00,0x00,0x00,0x00,0x00,0x00,0x00,0x00,0x01,
0x55,0xaa,0xaa,0x03,0x00,0x00,0x00,0x00,0x00,0x00,0x00,0x00,0x68,0x8c,0xc0,0x31,
0x6d,0x91,0xc5,0x89,0x6e,0x92,0xc6,0xcf,0x6e,0x90,0xc5,0xfc,0x75,0x99,0xd0,0xff,
0x74,0x9a,0xd0,0xff,0x74,0x98,0xcf,0xff,0x73,0x97,0xcc,0xff,0x74,0x97,0xcb,0xff,
0x73,0x96,0xc9,0xff,0x74,0x97,0xc9,0xfe,0x75,0x98,0xc9,0xfe,0x76,0x98,0xc9,0xfe,
0x77,0x9a,0xca,0xfe,0x77,0x99,0xcb,0xfe,0x77,0x99,0xca,0xfe,0x77,0x99,0xca,0xfe,
0x77,0x9a,0xca,0xfe,0x77,0x9a,0xca,0xfe,0x78,0x9a,0xcb,0xfe,0x77,0x99,0xca,0xfe,
0x77,0x9a,0xca,0xfe,0x77,0x9a,0xca,0xfe,0x77,0x99,0xca,0xfe,0x76,0x99,0xca,0xfe,
0x75,0x98,0xc9,0xfe,0x74,0x96,0xc9,0xff,0x74,0x98,0xcb,0xff,0x76,0x9b,0xd0,0xff,
0x77,0x9c,0xd2,0xff,0x72,0x94,0xc7,0xfa,0x72,0x94,0xc7,0xc0,0x73,0x96,0xc6,0x5f,
0x7f,0x7f,0xaa,0x06,0x00,0x00,0x00,0x00,0x55,0xaa,0xaa,0x03,0x00,0x00,0x00,0x00,
0x00,0x00,0x00,0x00,0x00,0x00,0x00,0x00,0x00,0x00,0x00,0x00,0x00,0x00,0x00,0x00,
0x00,0x00,0x00,0x00,0x00,0x00,0x00,0x00,0x00,0x00,0x00,0x00,0x00,0x00,0x00,0x00,
0x00,0x00,0x00,0x00,0x00,0x00,0x00,0x00,0x00,0x00,0x00,0x00,0x00,0x00,0x00,0x00,
0x00,0x00,0x00,0x00,0x00,0x00,0x00,0x00,0x00,0x00,0x00,0x00,0x00,0x00,0x00,0x00,
0x00,0x00,0x00,0x00,0x00,0x00,0x00,0x00,0x00,0x00,0x00,0x00,0x00,0x00,0x00,0x00,
0x00,0x00,0x00,0x00,0x00,0x00,0x00,0x00,0x00,0x00,0x00,0x00,0x00,0x00,0x00,0x00,
0x00,0x00,0x00,0x00,0x00,0x00,0x00,0x00,0x00,0x00,0x00,0x00,0x00,0x00,0x00,0x00,
0x00,0x00,0x00,0x00,0x00,0x00,0x00,0x00,0x00,0x00,0x00,0x00,0x7f,0x7f,0x7f,0x02,
0x7f,0x7f,0x7f,0x02,0x00,0x00,0x00,0x00,0x00,0x00,0x00,0x00,0x62,0x89,0xc4,0x0d,
0x69,0x8c,0xc1,0x3a,0x6b,0x8e,0xc3,0x6f,0x6c,0x8f,0xc4,0x9e,0x6b,0x8e,0xc4,0xc7,
0x6b,0x8d,0xc3,0xdd,0x6c,0x8e,0xc3,0xee,0x6d,0x90,0xc4,0xfc,0x71,0x95,0xca,0xff,
0x71,0x95,0xca,0xff,0x72,0x96,0xcb,0xff,0x73,0x97,0xcb,0xff,0x73,0x97,0xcb,0xff,
0x74,0x98,0xcd,0xff,0x73,0x98,0xcd,0xff,0x74,0x98,0xcd,0xff,0x74,0x98,0xcc,0xff,
0x74,0x98,0xcc,0xff,0x74,0x98,0xcc,0xff,0x73,0x98,0xcc,0xff,0x74,0x98,0xcc,0xff,
0x72,0x97,0xcb,0xff,0x72,0x95,0xca,0xff,0x71,0x95,0xca,0xff,0x6e,0x91,0xc6,0xff,
0x6e,0x91,0xc5,0xe7,0x6f,0x92,0xc5,0xc3,0x71,0x93,0xc7,0x85,0x72,0x91,0xc5,0x3a,
0x55,0xaa,0xaa,0x03,0x00,0x00,0x00,0x00,0x00,0x00,0x00,0x00,0x7f,0x7f,0x7f,0x02,
0x00,0x00,0x00,0x00,0x00,0x00,0x00,0x00,0x00,0x00,0x00,0x00,0x00,0x00,0x00,0x00,
0x00,0x00,0x00,0x00,0x00,0x00,0x00,0x00,0x00,0x00,0x00,0x00,0x00,0x00,0x00,0x00,
0x00,0x00,0x00,0x00,0x00,0x00,0x00,0x00,0x00,0x00,0x00,0x00,0x00,0x00,0x00,0x00,
0x00,0x00,0x00,0x00,0x00,0x00,0x00,0x00,0x00,0x00,0x00,0x00,0x00,0x00,0x00,0x00,
0x00,0x00,0x00,0x00,0x00,0x00,0x00,0x00,0x00,0x00,0x00,0x00,0x00,0x00,0x00,0x00,
0x00,0x00,0x00,0x00,0x00,0x00,0x00,0x00,0x00,0x00,0x00,0x00,0x00,0x00,0x00,0x00,
0x00,0x00,0x00,0x00,0x00,0x00,0x00,0x00,0x00,0x00,0x00,0x00,0x00,0x00,0x00,0x00,
0x00,0x00,0x00,0x00,0x00,0x00,0x00,0x00,0x00,0x00,0x00,0x00,0x00,0x00,0x00,0x00,
0x00,0x00,0x00,0x00,0x00,0x00,0x00,0x00,0x00,0x00,0x00,0x00,0x7f,0x7f,0xff,0x02,
0x55,0xaa,0xaa,0x03,0x00,0x00,0x00,0x00,0x00,0x00,0x00,0x00,0x00,0x00,0x00,0x00,
0x00,0x00,0x00,0x00,0x6d,0x91,0xda,0x07,0x6a,0x8b,0xc5,0x1f,0x6a,0x8f,0xc4,0x30,
0x69,0x8e,0xc3,0x44,0x6b,0x8e,0xc3,0x5f,0x6b,0x8f,0xc3,0x70,0x6b,0x8f,0xc4,0x7e,
0x6c,0x90,0xc4,0x8f,0x6c,0x8f,0xc3,0x9b,0x6c,0x90,0xc3,0xa4,0x6c,0x90,0xc4,0xaa,
0x6d,0x90,0xc4,0xaf,0x6d,0x90,0xc3,0xb1,0x6d,0x8f,0xc4,0xb3,0x6b,0x90,0xc3,0xb4,
0x6c,0x90,0xc3,0xb1,0x6c,0x90,0xc4,0xab,0x6c,0x8f,0xc4,0xa0,0x6c,0x8e,0xc3,0x8d,
0x6c,0x8e,0xc4,0x76,0x6b,0x8d,0xc3,0x51,0x6d,0x91,0xc2,0x2a,0x55,0x7f,0xaa,0x06,
0x00,0x00,0x00,0x00,0x00,0x00,0x00,0x00,0x00,0x00,0x00,0x00,0x55,0xaa,0xaa,0x03,
0x00,0x00,0xff,0x01,0x00,0x00,0x00,0x00,0x00,0x00,0x00,0x00,0x00,0x00,0x00,0x00,
0x00,0x00,0x00,0x00,0x00,0x00,0x00,0x00,0x00,0x00,0x00,0x00,0x00,0x00,0x00,0x00,
0x00,0x00,0x00,0x00,0x00,0x00,0x00,0x00,0x00,0x00,0x00,0x00,0x00,0x00,0x00,0x00,
0x00,0x00,0x00,0x00,0x00,0x00,0x00,0x00,0x00,0x00,0x00,0x00,0x00,0x00,0x00,0x00,
0x00,0x00,0x00,0x00,0x00,0x00,0x00,0x00,
};

const lv_image_dsc_t emoji_knock = {
    .header = {
        .magic = LV_IMAGE_HEADER_MAGIC,
        .cf = LV_COLOR_FORMAT_ARGB8888,
        .flags = 0,
        .w = 70,
        .h = 77,
        .stride = 280,
        .reserved_2 = 0,
    },
    .data_size = sizeof(emoji_knock_map),
    .data = emoji_knock_map,
    .reserved = NULL,
};
