#include <lvgl.h>

static const uint8_t emoji_fire_map[] = {
0x00,0x00,0x00,0x00,0x00,0x00,0x00,0x00,0x00,0x00,0x00,0x00,0x00,0x00,0x00,0x00,
0x00,0x00,0x00,0x00,0x00,0x00,0x00,0x00,0x00,0x00,0x00,0x00,0x00,0x00,0x00,0x00,
0x00,0x00,0x00,0x00,0x00,0x00,0x00,0x00,0x00,0x00,0x00,0x00,0x00,0x00,0x00,0x00,
0xff,0xff,0xff,0x01,0x7f,0xff,0xff,0x02,0x7f,0x7f,0xff,0x02,0x00,0x00,0xff,0x01,
0x00,0x00,0x00,0x00,0x00,0x00,0x00,0x00,0x00,0x00,0x00,0x00,0x00,0x00,0x00,0x00,
0x00,0x00,0x00,0x00,0x00,0x00,0x00,0x00,0x01,0x00,0x00,0x00,0xff,0xff,0xff,0x02,
0xff,0xff,0xff,0x0e,0xcc,0xcc,0xf4,0x19,0xd6,0xd0,0xf1,0x26,0xb9,0xbe,0xeb,0x33,
0xae,0xbb,0xe8,0x39,0xad,0xbc,0xe8,0x45,0x91,0xa2,0xe7,0x4d,0x97,0xa7,0xe8,0x4f,
0xa2,0xb2,0xe6,0x53,0x9d,0xb1,0xe8,0x59,0x9c,0xac,0xe6,0x5d,0x99,0xab,0xe6,0x5f,
0x98,0xad,0xe4,0x61,0xa0,0xb3,0xe6,0x5e,0xa8,0xbb,0xe8,0x5b,0xb8,0xc4,0xe7,0x57,
0xb7,0xc1,0xeb,0x4f,0xb5,0xc2,0xea,0x4c,0xca,0xd5,0xed,0x49,0xdd,0xdd,0xee,0x3d,
0xd2,0xd7,0xf0,0x34,0xe7,0xe7,0xf3,0x2b,0xe3,0xe3,0xec,0x1c,0xff,0xff,0xf2,0x14,
0xff,0xff,0xff,0x07,0x02,0x01,0x00,0x00,0x00,0x00,0x00,0x00,0x00,0x00,0x00,0x00,
0x00,0x00,0x00,0x00,0x00,0x00,0x00,0x00,0x00,0x00,0x00,0x00,0x00,0x00,0x00,0x00,
0x00,0x00,0x00,0x00,0x00,0xff,0xff,0x01,0x7f,0xff,0xff,0x02,0xaa,0xaa,0xaa,0x03,
0xff,0xff,0xff,0x01,0x00,0x00,0x00,0x00,0x00,0x00,0x00,0x00,0x00,0x00,0x00,0x00,
0x00,0x00,0x00,0x00,0x00,0x00,0x00,0x00,0x00,0x00,0x00,0x00,0x00,0x00,0x00,0x00,
0x00,0x00,0x00,0x00,0x00,0x00,0x00,0x00,0x00,0x00,0x00,0x00,0x00,0x00,0x00,0x00,
0x00,0x00,0x00,0x00,0x00,0x00,0x00,0x00,0x00,0x00,0x00,0x00,0x00,0x00,0x00,0x00,
0x00,0x00,0x00,0x00,0x00,0x00,0x00,0x00,0x00,0x00,0x00,0x00,0x00,0x00,0x00,0x00,
0xff,0xff,0xff,0x01,0x7f,0x7f,0xff,0x02,0x00,0x00,0x00,0x00,0x00,0x00,0x00,0x00,
0x00,0x00,0x00,0x00,0x00,0x00,0x00,0x00,0xff,0xff,0xff,0x07,0xca,0xc1,0xed,0x1d,
0xb5,0xb5,0xe6,0x34,0x95,0xa3,0xe3,0x4b,0x90,0x9f,0xe1,0x68,0x8e,0x9c,0xe1,0x81,
0x89,0x9b,0xe1,0x94,0x8f,0x9c,0xe1,0xab,0x8a,0x99,0xdf,0xbc,0x7f,0x93,0xde,0xce,
0x7d,0x92,0xde,0xdd,0x7b,0x91,0xdf,0xe9,0x78,0x91,0xdf,0xed,0x7b,0x92,0xe0,0xf3,
0x7c,0x92,0xe3,0xf6,0x7d,0x91,0xe2,0xf7,0x7e,0x93,0xe1,0xf9,0x82,0x96,0xe3,0xfb,
0x85,0x98,0xe2,0xfd,0x88,0x9b,0xe3,0xfd,0x88,0x9d,0xe3,0xfe,0x8c,0xa1,0xe4,0xfd,
0x8e,0xa4,0xe4,0xfc,0x93,0xa8,0xe5,0xfa,0x98,0xab,0xe6,0xf7,0x9b,0xae,0xe6,0xf6,
0xa3,0xb4,0xe7,0xf5,0xa9,0xb8,0xe7,0xef,0xae,0xba,0xe8,0xe9,0xb4,0xbf,0xe9,0xe1,
0xb7,0xbf,0xe9,0xd1,0xbf,0xc7,0xea,0xc5,0xc6,0xcb,0xeb,0xb3,0xca,0xcf,0xeb,0xa0,
0xce,0xd1,0xeb,0x8d,0xd5,0xd5,0xee,0x7a,0xd9,0xd9,0xec,0x60,0xdf,0xe2,0xed,0x48,
0xeb,0xeb,0xf0,0x35,0xff,0xf6,0xf6,0x1d,0xff,0xff,0xff,0x07,0x00,0x00,0x00,0x00,
0x00,0x00,0x00,0x00,0x00,0x00,0x00,0x00,0x00,0x00,0x00,0x00,0x7f,0x7f,0xff,0x02,
0x7f,0x7f,0xff,0x02,0x00,0x00,0x00,0x00,0x00,0x00,0x00,0x00,0x00,0x00,0x00,0x00,
0x00,0x00,0x00,0x00,0x00,0x00,0x00,0x00,0x00,0x00,0x00,0x00,0x00,0x00,0x00,0x00,
0x00,0x00,0x00,0x00,0x00,0x00,0x00,0x00,0x00,0x00,0x00,0x00,0x00,0x00,0x00,0x00,
0x00,0x00,0x00,0x00,0x00,0x00,0x00,0x00,0x00,0x00,0x00,0x00,0x00,0x00,0x00,0x00,
0x00,0x00,0x00,0x00,0x7f,0x7f,0xff,0x02,0x00,0x00,0x00,0x00,0x00,0x00,0x00,0x00,
0xff,0xff,0xff,0x07,0xa6,0xab,0xde,0x37,0x91,0xa1,0xe0,0x6d,0x89,0x9a,0xe0,0x9e,
0x7b,0x91,0xdd,0xc8,0x77,0x8d,0xdd,0xe1,0x76,0x8b,0xdb,0xf2,0x74,0x8b,0xde,0xff,
0x74,0x8e,0xe5,0xff,0x73,0x8d,0xe7,0xff,0x70,0x8b,0xe5,0xff,0x6e,0x88,0xe3,0xff,
0x6e,0x88,0xe2,0xff,0x6e,0x87,0xe0,0xff,0x6d,0x86,0xde,0xff,0x6d,0x85,0xdf,0xff,
0x6f,0x86,0xe0,0xff,0x70,0x86,0xe1,0xff,0x74,0x88,0xe2,0xff,0x76,0x8a,0xe2,0xff,
0x76,0x8b,0xe2,0xff,0x78,0x8c,0xe2,0xff,0x79,0x8d,0xe1,0xff,0x7b,0x90,0xe2,0xff,
0x7e,0x92,0xe3,0xff,0x80,0x95,0xe3,0xff,0x83,0x98,0xe4,0xff,0x85,0x9b,0xe5,0xff,
0x88,0x9e,0xe6,0xff,0x8b,0xa0,0xe6,0xff,0x8d,0xa3,0xe7,0xff,0x91,0xa7,0xe8,0xff,
0x96,0xab,0xe9,0xff,0x99,0xae,0xeb,0xff,0x9e,0xb1,0xed,0xff,0xa3,0xb4,0xee,0xff,
0xa9,0xb8,0xf0,0xff,0xae,0xbc,0xf2,0xff,0xb4,0xc0,0xf3,0xff,0xbb,0xc5,0xf4,0xff,
0xbf,0xc6,0xf1,0xff,0xbd,0xc3,0xea,0xff,0xc0,0xc5,0xe9,0xf2,0xc6,0xc7,0xea,0xe2,
0xcc,0xcd,0xeb,0xc8,0xd2,0xd4,0xed,0xa2,0xda,0xdf,0xee,0x78,0xe7,0xe7,0xef,0x42,
0xff,0xff,0xf2,0x15,0x00,0x00,0x00,0x00,0x00,0x00,0x00,0x00,0x00,0xff,0xff,0x01,
0xff,0xff,0xff,0x01,0x00,0x00,0x00,0x00,0x00,0x00,0x00,0x00,0x00,0x00,0x00,0x00,
0x00,0x00,0x00,0x00,0x00,0x00,0x00,0x00,0x00,0x00,0x00,0x00,0x00,0x00,0x00,0x00,
0x00,0x00,0x00,0x00,0x00,0x00,0x00,0x00,0x00,0x00,0x00,0x00,0x00,0x00,0x00,0x00,
0x00,0x00,0x00,0x00,0x00,0x00,0x00,0x00,0x7f,0x7f,0x7f,0x02,0x00,0x00,0x00,0x00,
0xff,0xff,0xe9,0x0c,0x94,0xa4,0xe0,0x65,0x7a,0x90,0xde,0xbb,0x72,0x8a,0xdd,0xf1,
0x6e,0x89,0xe2,0xff,0x6b,0x86,0xe3,0xff,0x6b,0x85,0xe1,0xff,0x6a,0x83,0xdf,0xff,
0x68,0x82,0xdc,0xff,0x67,0x80,0xd9,0xff,0x67,0x80,0xd8,0xfd,0x67,0x80,0xd8,0xfc,
0x68,0x81,0xd9,0xfc,0x67,0x81,0xd7,0xfd,0x68,0x82,0xd8,0xfd,0x67,0x81,0xd8,0xfd,
0x68,0x81,0xd7,0xfe,0x6a,0x81,0xda,0xfe,0x6b,0x83,0xdc,0xfe,0x6d,0x84,0xde,0xfe,
0x6e,0x85,0xdf,0xfe,0x70,0x86,0xe0,0xfe,0x71,0x87,0xe0,0xfe,0x73,0x89,0xe1,0xfe,
0x75,0x8a,0xe0,0xfe,0x76,0x8c,0xe1,0xfe,0x78,0x8e,0xe1,0xff,0x7a,0x90,0xe1,0xfe,
0x7c,0x93,0xe2,0xfe,0x80,0x95,0xe2,0xfe,0x82,0x98,0xe3,0xfe,0x82,0x99,0xe3,0xfe,
0x84,0x9c,0xe3,0xfe,0x86,0x9d,0xe3,0xfe,0x89,0x9f,0xe3,0xfe,0x8b,0xa1,0xe3,0xfe,
0x8f,0xa5,0xe5,0xfd,0x90,0xa6,0xe5,0xfd,0x92,0xa6,0xe5,0xfd,0x95,0xa7,0xe5,0xfd,
0x96,0xa8,0xe5,0xfc,0x97,0xa8,0xe5,0xfc,0x9b,0xa9,0xe6,0xfd,0x9e,0xab,0xe7,0xff,
0xa2,0xae,0xe9,0xff,0xa7,0xb3,0xed,0xff,0xac,0xb6,0xf0,0xff,0xb1,0xb8,0xf1,0xff,
0xb5,0xbf,0xf1,0xff,0xb7,0xbe,0xea,0xf8,0xbf,0xc7,0xec,0xce,0xca,0xd1,0xec,0x8c,
0xe3,0xe3,0xe9,0x2f,0x00,0x00,0x00,0x00,0x00,0x00,0x00,0x00,0xff,0xff,0xff,0x01,
0x00,0x00,0x00,0x00,0x00,0x00,0x00,0x00,0x00,0x00,0x00,0x00,0x00,0x00,0x00,0x00,
0x00,0x00,0x00,0x00,0x00,0x00,0x00,0x00,0x00,0x00,0x00,0x00,0x00,0x00,0x00,0x00,
0x00,0x00,0x00,0x00,0x00,0x00,0x00,0x00,0x00,0x00,0x00,0x00,0x7f,0x7f,0xff,0x02,
0x00,0x00,0x00,0x00,0x9a,0xa6,0xe0,0x42,0x72,0x8c,0xe1,0xc6,0x63,0x7f,0xe0,0xff,
0x5e,0x7a,0xe0,0xff,0x5a,0x74,0xd8,0xff,0x5b,0x73,0xd6,0xfd,0x5d,0x75,0xd6,0xfd,
0x5e,0x75,0xd7,0xfd,0x5e,0x76,0xd8,0xfd,0x60,0x79,0xd8,0xfe,0x61,0x79,0xd8,0xfe,
0x61,0x79,0xd8,0xff,0x61,0x7a,0xd7,0xff,0x61,0x79,0xd7,0xff,0x61,0x7b,0xd7,0xff,
0x61,0x7b,0xd6,0xff,0x61,0x7b,0xd5,0xff,0x63,0x7b,0xd7,0xff,0x64,0x7d,0xda,0xff,
0x66,0x7d,0xdc,0xff,0x68,0x7f,0xde,0xff,0x68,0x80,0xe0,0xff,0x6a,0x81,0xe0,0xff,
0x6b,0x82,0xe1,0xff,0x6c,0x83,0xe1,0xff,0x6d,0x85,0xe1,0xff,0x6e,0x86,0xe1,0xff,
0x70,0x87,0xe1,0xff,0x72,0x8a,0xe1,0xff,0x73,0x8c,0xe2,0xff,0x75,0x8d,0xe2,0xff,
0x76,0x8f,0xe2,0xff,0x77,0x90,0xe2,0xff,0x79,0x92,0xe2,0xff,0x7b,0x94,0xe3,0xff,
0x7c,0x95,0xe3,0xff,0x7c,0x98,0xe3,0xff,0x7e,0x99,0xe4,0xff,0x80,0x9a,0xe4,0xff,
0x80,0x99,0xe4,0xff,0x83,0x9a,0xe4,0xff,0x83,0x9a,0xe4,0xff,0x83,0x98,0xe3,0xff,
0x84,0x99,0xe4,0xff,0x84,0x97,0xe3,0xfe,0x84,0x96,0xe3,0xfe,0x83,0x94,0xe3,0xfd,
0x83,0x93,0xe3,0xfd,0x81,0x91,0xe3,0xfd,0x80,0x8e,0xe2,0xfd,0x80,0x8e,0xe4,0xff,
0x88,0x96,0xeb,0xff,0x93,0xa1,0xef,0xff,0x9b,0xab,0xe9,0xee,0xb7,0xc5,0xeb,0x84,
0xff,0xff,0xff,0x0b,0x00,0x00,0x00,0x00,0xff,0xff,0xff,0x01,0x00,0x00,0x00,0x00,
0x00,0x00,0x00,0x00,0x00,0x00,0x00,0x00,0x00,0x00,0x00,0x00,0x00,0x00,0x00,0x00,
0x00,0x00,0x00,0x00,0x00,0x00,0x00,0x00,0x00,0x00,0x00,0x00,0x00,0x00,0x00,0x00,
0x7f,0x7f,0x7f,0x02,0x00,0x00,0x00,0x00,0x90,0xa1,0xe0,0x4c,0x5e,0x7d,0xe0,0xef,
0x4f,0x6e,0xdf,0xff,0x48,0x60,0xd0,0xfd,0x46,0x5f,0xd0,0xfc,0x46,0x5e,0xd0,0xfe,
0x46,0x5f,0xd0,0xff,0x48,0x60,0xd1,0xff,0x4a,0x62,0xd2,0xff,0x4b,0x63,0xd1,0xff,
0x4e,0x65,0xd3,0xff,0x4f,0x67,0xd4,0xff,0x50,0x68,0xd4,0xff,0x50,0x69,0xd4,0xff,
0x51,0x6a,0xd5,0xff,0x52,0x6c,0xd7,0xff,0x52,0x6d,0xd6,0xff,0x54,0x6f,0xd6,0xff,
0x55,0x6f,0xd7,0xff,0x57,0x71,0xd9,0xff,0x58,0x70,0xd9,0xff,0x5a,0x72,0xdb,0xff,
0x5a,0x72,0xdc,0xff,0x5b,0x73,0xdd,0xff,0x5c,0x74,0xde,0xff,0x5d,0x76,0xdf,0xff,
0x5f,0x77,0xdf,0xff,0x5e,0x78,0xde,0xff,0x60,0x79,0xdf,0xff,0x61,0x7b,0xdf,0xff,
0x61,0x7b,0xe0,0xff,0x61,0x7c,0xe0,0xff,0x61,0x7d,0xe0,0xff,0x61,0x7d,0xe0,0xff,
0x60,0x7e,0xe0,0xff,0x60,0x7f,0xe0,0xff,0x61,0x7e,0xdf,0xff,0x61,0x7e,0xe0,0xff,
0x61,0x7e,0xe0,0xff,0x62,0x7e,0xe0,0xff,0x60,0x7c,0xe0,0xff,0x60,0x7c,0xe0,0xff,
0x60,0x7a,0xe0,0xff,0x5f,0x77,0xe0,0xff,0x5e,0x75,0xe0,0xff,0x5c,0x72,0xdf,0xff,
0x59,0x6f,0xe0,0xff,0x59,0x6c,0xe0,0xff,0x57,0x69,0xdf,0xff,0x55,0x66,0xdf,0xff,
0x55,0x65,0xdf,0xff,0x53,0x63,0xdf,0xfe,0x52,0x61,0xde,0xfd,0x55,0x64,0xdf,0xfc,
0x5e,0x6f,0xe3,0xff,0x7c,0x92,0xef,0xff,0xa5,0xb5,0xea,0xaa,0xff,0xff,0xff,0x0e,
0x00,0xff,0xff,0x01,0xff,0xff,0xff,0x01,0x00,0x00,0x00,0x00,0x00,0x00,0x00,0x00,
0x00,0x00,0x00,0x00,0x00,0x00,0x00,0x00,0x00,0x00,0x00,0x00,0x00,0x00,0x00,0x00,
0x00,0x00,0x00,0x00,0x7f,0x7f,0x7f,0x02,0x00,0x00,0x00,0x00,0xbd,0xbd,0xe1,0x23,
0x63,0x80,0xdf,0xe0,0x45,0x64,0xdb,0xff,0x3e,0x55,0xcc,0xfb,0x3a,0x50,0xcd,0xff,
0x39,0x4d,0xcd,0xff,0x37,0x4b,0xcb,0xff,0x36,0x4a,0xcb,0xff,0x36,0x4a,0xcb,0xff,
0x38,0x4c,0xcc,0xff,0x3a,0x4d,0xce,0xff,0x3a,0x4d,0xce,0xff,0x3a,0x4d,0xce,0xff,
0x3b,0x4f,0xcf,0xff,0x3a,0x4f,0xcf,0xff,0x3c,0x51,0xd0,0xff,0x3c,0x53,0xd1,0xff,
0x3c,0x54,0xd2,0xff,0x3d,0x54,0xd3,0xff,0x3e,0x56,0xd5,0xff,0x3f,0x58,0xd7,0xff,
0x3f,0x59,0xd7,0xff,0x41,0x5a,0xd8,0xff,0x42,0x5b,0xd8,0xff,0x41,0x5b,0xd8,0xff,
0x41,0x5b,0xd9,0xff,0x41,0x5c,0xd9,0xff,0x43,0x5d,0xd9,0xff,0x43,0x5e,0xd9,0xff,
0x43,0x5f,0xd9,0xff,0x44,0x5e,0xd9,0xff,0x43,0x5e,0xd9,0xff,0x44,0x5e,0xd9,0xff,
0x43,0x5e,0xd9,0xff,0x43,0x5d,0xda,0xff,0x42,0x5c,0xda,0xff,0x40,0x5c,0xda,0xff,
0x40,0x5b,0xda,0xff,0x40,0x5b,0xda,0xff,0x3e,0x59,0xd9,0xff,0x3e,0x58,0xda,0xff,
0x3d,0x56,0xdb,0xff,0x3d,0x55,0xda,0xff,0x3c,0x53,0xdb,0xff,0x3d,0x52,0xdc,0xff,
0x3c,0x4f,0xdc,0xff,0x3b,0x4e,0xdc,0xff,0x3b,0x4c,0xdd,0xff,0x3b,0x4b,0xdd,0xff,
0x3b,0x4b,0xdd,0xff,0x3b,0x4a,0xdd,0xff,0x3b,0x49,0xdd,0xff,0x3b,0x4a,0xdd,0xff,
0x3c,0x4b,0xdd,0xff,0x3e,0x4e,0xde,0xff,0x42,0x53,0xdd,0xfe,0x4b,0x5c,0xde,0xfc,
0x79,0x8f,0xf0,0xff,0xb9,0xc4,0xee,0x87,0x00,0x00,0x00,0x00,0xff,0xff,0xff,0x01,
0x00,0x00,0x00,0x00,0x00,0x00,0x00,0x00,0x00,0x00,0x00,0x00,0x00,0x00,0x00,0x00,
0x00,0x00,0x00,0x00,0x00,0x00,0x00,0x00,0x00,0x00,0x00,0x00,0x00,0x00,0xff,0x01,
0xff,0xff,0xff,0x01,0x73,0x8c,0xdf,0x99,0x4a,0x6b,0xe0,0xff,0x3b,0x52,0xcb,0xfc,
0x38,0x4c,0xcd,0xff,0x34,0x47,0xcd,0xff,0x33,0x45,0xcd,0xff,0x32,0x43,0xcd,0xff,
0x31,0x41,0xcd,0xff,0x30,0x40,0xcb,0xff,0x2f,0x40,0xca,0xff,0x30,0x40,0xcb,0xff,
0x30,0x40,0xcb,0xff,0x2f,0x3f,0xca,0xff,0x2f,0x3f,0xcc,0xff,0x2f,0x3f,0xcb,0xff,
0x2f,0x3f,0xcb,0xff,0x2e,0x3e,0xcc,0xff,0x2f,0x3f,0xcc,0xff,0x2f,0x3f,0xcc,0xff,
0x2f,0x40,0xcf,0xff,0x30,0x41,0xd2,0xff,0x30,0x41,0xd3,0xff,0x31,0x42,0xd4,0xff,
0x31,0x42,0xd6,0xff,0x31,0x42,0xd7,0xff,0x31,0x43,0xd7,0xff,0x32,0x44,0xd7,0xff,
0x32,0x45,0xd7,0xff,0x32,0x45,0xd7,0xff,0x33,0x46,0xd7,0xff,0x32,0x45,0xd7,0xff,
0x33,0x46,0xd7,0xff,0x32,0x45,0xd7,0xff,0x32,0x45,0xd7,0xff,0x32,0x46,0xd8,0xff,
0x31,0x44,0xd8,0xff,0x30,0x44,0xd8,0xff,0x30,0x45,0xd8,0xff,0x2f,0x44,0xd8,0xff,
0x2f,0x44,0xd8,0xff,0x2f,0x45,0xd8,0xff,0x2f,0x44,0xd7,0xff,0x30,0x44,0xd7,0xff,
0x30,0x44,0xd7,0xff,0x30,0x43,0xd8,0xff,0x30,0x43,0xd9,0xff,0x30,0x42,0xd9,0xff,
0x30,0x41,0xdb,0xff,0x30,0x41,0xdb,0xff,0x31,0x42,0xdc,0xff,0x32,0x42,0xdd,0xff,
0x32,0x42,0xdd,0xff,0x33,0x43,0xdc,0xff,0x33,0x45,0xdd,0xff,0x35,0x47,0xdd,0xff,
0x39,0x4b,0xdd,0xff,0x3e,0x51,0xdc,0xfe,0x52,0x66,0xe2,0xfd,0x89,0x9e,0xe9,0xf1,
0xcf,0xdc,0xf2,0x3b,0x00,0x00,0x00,0x00,0xff,0xff,0xff,0x02,0x00,0x00,0x00,0x00,
0x00,0x00,0x00,0x00,0x00,0x00,0x00,0x00,0x00,0x00,0x00,0x00,0x00,0x00,0x00,0x00,
0x7f,0x7f,0x7f,0x02,0x00,0x00,0x00,0x00,0xd7,0xcd,0xe1,0x1a,0x59,0x76,0xd9,0xdc,
0x3e,0x59,0xd6,0xfe,0x38,0x4c,0xcd,0xfd,0x33,0x46,0xcf,0xff,0x31,0x43,0xd0,0xff,
0x32,0x42,0xd1,0xff,0x31,0x41,0xd2,0xff,0x31,0x42,0xd3,0xff,0x30,0x41,0xd2,0xff,
0x31,0x42,0xd3,0xff,0x30,0x40,0xd2,0xff,0x2f,0x3f,0xd1,0xff,0x2d,0x3d,0xce,0xff,
0x2b,0x3b,0xcc,0xff,0x2a,0x3a,0xcb,0xff,0x29,0x38,0xc8,0xff,0x28,0x37,0xc8,0xff,
0x28,0x37,0xc9,0xff,0x28,0x38,0xc8,0xff,0x29,0x38,0xc9,0xff,0x29,0x38,0xcd,0xff,
0x2a,0x39,0xd0,0xff,0x2b,0x39,0xd2,0xff,0x2b,0x3a,0xd4,0xff,0x2b,0x3a,0xd6,0xff,
0x2c,0x3b,0xd7,0xff,0x2d,0x3c,0xd7,0xff,0x2d,0x3d,0xd7,0xff,0x2e,0x3d,0xd7,0xff,
0x2e,0x3e,0xd8,0xff,0x2e,0x3f,0xd9,0xff,0x2e,0x3f,0xd9,0xff,0x2e,0x40,0xd9,0xff,
0x2e,0x3f,0xd9,0xff,0x2c,0x3f,0xd8,0xff,0x2b,0x3f,0xd8,0xff,0x2b,0x3f,0xd8,0xff,
0x2b,0x3f,0xd8,0xff,0x2b,0x40,0xd7,0xff,0x2b,0x40,0xd6,0xff,0x2c,0x41,0xd4,0xff,
0x2c,0x41,0xd3,0xff,0x2d,0x41,0xd2,0xff,0x2d,0x42,0xd2,0xff,0x2d,0x41,0xd3,0xff,
0x2d,0x41,0xd4,0xff,0x2d,0x41,0xd6,0xff,0x2d,0x41,0xd8,0xff,0x2e,0x42,0xda,0xff,
0x2e,0x42,0xdc,0xff,0x2e,0x43,0xdd,0xff,0x2f,0x43,0xdd,0xff,0x30,0x44,0xdd,0xff,
0x31,0x45,0xdd,0xff,0x31,0x45,0xdd,0xff,0x33,0x47,0xdd,0xff,0x37,0x4c,0xde,0xff,
0x41,0x59,0xde,0xfc,0x6e,0x89,0xf2,0xff,0xa6,0xb9,0xed,0x90,0x00,0x00,0x00,0x00,
0x00,0x7f,0xff,0x02,0x00,0x00,0x00,0x00,0x00,0x00,0x00,0x00,0x00,0x00,0x00,0x00,
0x00,0x00,0x00,0x00,0x00,0x00,0x00,0x00,0x7f,0x7f,0xff,0x02,0x00,0x00,0x00,0x00,
0xac,0xb3,0xe3,0x25,0x4b,0x64,0xc7,0xe7,0x31,0x48,0xca,0xff,0x34,0x47,0xcd,0xfe,
0x34,0x46,0xd0,0xff,0x32,0x43,0xd1,0xff,0x32,0x42,0xd2,0xff,0x31,0x42,0xd3,0xff,
0x33,0x45,0xd6,0xff,0x37,0x49,0xd8,0xff,0x3a,0x4e,0xdb,0xff,0x3e,0x54,0xdc,0xff,
0x40,0x57,0xdd,0xff,0x3f,0x56,0xdc,0xff,0x3e,0x53,0xda,0xff,0x3a,0x4f,0xd8,0xff,
0x36,0x4a,0xd6,0xff,0x32,0x45,0xd3,0xff,0x2e,0x40,0xd1,0xff,0x2b,0x3d,0xce,0xff,
0x2a,0x3b,0xce,0xff,0x2b,0x3b,0xd3,0xff,0x2a,0x3a,0xd4,0xff,0x2a,0x3a,0xd4,0xff,
0x2a,0x3a,0xd6,0xff,0x2a,0x3b,0xd7,0xff,0x2a,0x3c,0xd8,0xff,0x2b,0x3c,0xd8,0xff,
0x2c,0x3d,0xd8,0xff,0x2c,0x3e,0xd8,0xff,0x2d,0x3f,0xd9,0xff,0x2d,0x40,0xda,0xff,
0x2d,0x40,0xda,0xff,0x2d,0x41,0xda,0xff,0x2e,0x41,0xda,0xff,0x2c,0x40,0xda,0xff,
0x2b,0x40,0xd9,0xff,0x2a,0x40,0xd8,0xff,0x2a,0x41,0xd7,0xff,0x2c,0x42,0xd5,0xff,
0x2c,0x43,0xd3,0xff,0x2c,0x43,0xd0,0xff,0x2d,0x44,0xcf,0xff,0x2e,0x44,0xce,0xff,
0x2e,0x45,0xce,0xff,0x2f,0x46,0xcf,0xff,0x2f,0x47,0xd0,0xff,0x30,0x48,0xd3,0xff,
0x30,0x49,0xd5,0xff,0x2f,0x49,0xd7,0xff,0x30,0x49,0xda,0xff,0x2f,0x49,0xdc,0xff,
0x2e,0x47,0xdd,0xff,0x2e,0x48,0xdd,0xff,0x2e,0x46,0xdd,0xff,0x2f,0x46,0xdd,0xff,
0x31,0x48,0xdd,0xff,0x35,0x4b,0xde,0xff,0x3c,0x52,0xde,0xfc,0x5d,0x79,0xee,0xfe,
0x98,0xae,0xeb,0x9c,0x03,0x01,0x00,0x00,0x00,0x00,0xff,0x01,0x00,0x00,0x00,0x00,
0x00,0x00,0x00,0x00,0x00,0x00,0x00,0x00,0x00,0x00,0x00,0x00,0x00,0x00,0x00,0x00,
0x7f,0x7f,0xff,0x02,0x00,0x00,0x00,0x00,0xa1,0xa7,0xe4,0x26,0x46,0x5f,0xc1,0xe9,
0x27,0x3b,0xc0,0xff,0x2b,0x3b,0xc7,0xfe,0x33,0x44,0xd0,0xff,0x3c,0x50,0xd6,0xff,
0x40,0x54,0xd9,0xff,0x40,0x55,0xd9,0xff,0x43,0x58,0xda,0xff,0x4b,0x61,0xdd,0xff,
0x56,0x6d,0xe0,0xff,0x60,0x79,0xe1,0xff,0x66,0x7f,0xe2,0xff,0x68,0x81,0xe2,0xff,
0x64,0x7f,0xe2,0xff,0x5e,0x78,0xe0,0xff,0x55,0x6f,0xdf,0xff,0x49,0x63,0xdd,0xff,
0x41,0x59,0xdb,0xff,0x39,0x4f,0xd8,0xff,0x34,0x48,0xd8,0xff,0x30,0x43,0xda,0xff,
0x2d,0x3f,0xd9,0xff,0x2b,0x3d,0xd8,0xff,0x2a,0x3c,0xd8,0xff,0x2a,0x3c,0xd8,0xff,
0x2a,0x3c,0xd8,0xff,0x2a,0x3d,0xd8,0xff,0x2b,0x3e,0xd8,0xff,0x2c,0x40,0xda,0xff,
0x2d,0x41,0xda,0xff,0x2c,0x41,0xda,0xff,0x2e,0x43,0xda,0xff,0x2f,0x44,0xdb,0xff,
0x2f,0x44,0xda,0xff,0x2d,0x44,0xda,0xff,0x2c,0x44,0xda,0xff,0x2c,0x43,0xd8,0xff,
0x2b,0x43,0xd5,0xff,0x2d,0x44,0xd2,0xff,0x2e,0x46,0xcf,0xff,0x2f,0x47,0xcd,0xff,
0x31,0x48,0xcb,0xff,0x31,0x4a,0xca,0xff,0x32,0x4a,0xca,0xff,0x32,0x4a,0xca,0xff,
0x32,0x4c,0xcc,0xff,0x33,0x4d,0xce,0xff,0x32,0x4e,0xd1,0xff,0x33,0x4e,0xd4,0xff,
0x33,0x4f,0xd7,0xff,0x34,0x4f,0xd9,0xff,0x36,0x51,0xdc,0xff,0x38,0x53,0xde,0xff,
0x3c,0x57,0xdf,0xff,0x3e,0x59,0xdf,0xff,0x3d,0x57,0xdf,0xff,0x34,0x4d,0xde,0xff,
0x34,0x4c,0xdd,0xfc,0x55,0x72,0xed,0xff,0x8e,0xa7,0xe9,0x9d,0x03,0x01,0x00,0x00,
0x00,0x00,0xff,0x01,0x00,0x00,0x00,0x00,0x00,0x00,0x00,0x00,0x00,0x00,0x00,0x00,
0x00,0x00,0x00,0x00,0x00,0x00,0x00,0x00,0x7f,0x7f,0xff,0x02,0x00,0x00,0x00,0x00,
0x85,0x95,0xd8,0x2e,0x41,0x5c,0xc2,0xf0,0x28,0x3c,0xc0,0xff,0x28,0x38,0xc5,0xfe,
0x2b,0x3b,0xcb,0xff,0x34,0x46,0xd2,0xff,0x3f,0x54,0xd9,0xff,0x49,0x5f,0xdc,0xff,
0x4e,0x66,0xde,0xff,0x55,0x6e,0xe0,0xff,0x63,0x7d,0xe1,0xff,0x75,0x8d,0xe3,0xff,
0x88,0x9d,0xe6,0xff,0x99,0xa9,0xe9,0xff,0xa1,0xb1,0xe9,0xff,0x9e,0xb0,0xe8,0xff,
0x96,0xaa,0xe6,0xff,0x88,0x9e,0xe5,0xff,0x76,0x90,0xe3,0xff,0x64,0x7f,0xe0,0xff,
0x55,0x70,0xde,0xff,0x47,0x60,0xdc,0xff,0x3c,0x54,0xdb,0xff,0x36,0x4c,0xda,0xff,
0x32,0x46,0xd9,0xff,0x30,0x44,0xd9,0xff,0x2f,0x43,0xd9,0xff,0x2f,0x42,0xd9,0xff,
0x30,0x44,0xda,0xff,0x31,0x46,0xdb,0xff,0x31,0x47,0xdb,0xff,0x32,0x49,0xda,0xff,
0x35,0x4c,0xdc,0xff,0x36,0x4e,0xdc,0xff,0x34,0x4d,0xdc,0xff,0x33,0x4c,0xdb,0xff,
0x32,0x4a,0xd9,0xff,0x31,0x4b,0xd7,0xff,0x32,0x4b,0xd3,0xff,0x31,0x4b,0xcf,0xff,
0x32,0x4d,0xcc,0xff,0x34,0x50,0xc9,0xff,0x37,0x52,0xc6,0xff,0x38,0x53,0xc5,0xff,
0x39,0x54,0xc4,0xff,0x3e,0x5a,0xc7,0xff,0x43,0x5e,0xc9,0xff,0x44,0x60,0xcc,0xff,
0x44,0x62,0xcf,0xff,0x45,0x63,0xd3,0xff,0x45,0x66,0xd7,0xff,0x45,0x68,0xd9,0xff,
0x47,0x6a,0xdd,0xff,0x48,0x6d,0xe0,0xff,0x46,0x6c,0xe1,0xff,0x41,0x63,0xe1,0xff,
0x36,0x53,0xdf,0xff,0x2e,0x47,0xdd,0xff,0x33,0x4b,0xdd,0xfc,0x51,0x6f,0xec,0xff,
0x87,0x9f,0xe8,0xa0,0x04,0x03,0x00,0x00,0x00,0x00,0x00,0x01,0x00,0x00,0x00,0x01,
0x00,0x00,0x00,0x00,0x00,0x00,0x00,0x00,0x00,0x00,0x00,0x00,0x00,0x00,0x00,0x00,
0x7f,0x7f,0xff,0x02,0x00,0x00,0x00,0x00,0x78,0x90,0xd8,0x35,0x3e,0x5a,0xc1,0xf6,
0x28,0x3b,0xbf,0xff,0x28,0x38,0xc5,0xfe,0x2b,0x3c,0xcb,0xff,0x32,0x43,0xd1,0xff,
0x3a,0x4d,0xd6,0xff,0x42,0x58,0xda,0xff,0x46,0x5d,0xdd,0xff,0x47,0x5d,0xdc,0xff,
0x4a,0x5f,0xdc,0xff,0x4d,0x60,0xdc,0xff,0x4f,0x63,0xdc,0xff,0x55,0x68,0xde,0xff,
0x5b,0x6d,0xde,0xff,0x5e,0x71,0xde,0xff,0x5e,0x73,0xde,0xff,0x5e,0x75,0xdd,0xff,
0x5c,0x73,0xdc,0xff,0x56,0x6d,0xdc,0xff,0x4f,0x68,0xdd,0xff,0x49,0x62,0xdd,0xff,
0x43,0x5d,0xdc,0xff,0x40,0x59,0xdc,0xff,0x3d,0x55,0xdb,0xff,0x3c,0x55,0xdc,0xff,
0x3c,0x55,0xdc,0xff,0x3d,0x56,0xdd,0xff,0x3e,0x58,0xde,0xff,0x40,0x59,0xde,0xff,
0x41,0x5b,0xde,0xff,0x46,0x61,0xe0,0xff,0x4a,0x63,0xe1,0xff,0x4b,0x63,0xe0,0xff,
0x4a,0x62,0xe0,0xff,0x47,0x62,0xde,0xff,0x46,0x62,0xdc,0xff,0x4d,0x67,0xdb,0xff,
0x52,0x67,0xda,0xff,0x5a,0x69,0xd9,0xff,0x6b,0x74,0xd7,0xff,0x79,0x7e,0xd6,0xff,
0x80,0x85,0xd6,0xff,0x86,0x8a,0xd6,0xff,0x75,0x7d,0xd1,0xff,0x51,0x69,0xc6,0xff,
0x44,0x65,0xc3,0xff,0x48,0x68,0xc7,0xff,0x44,0x65,0xca,0xff,0x40,0x64,0xce,0xff,
0x40,0x65,0xd3,0xff,0x40,0x67,0xd7,0xff,0x43,0x6a,0xdb,0xff,0x43,0x6c,0xde,0xff,
0x40,0x68,0xe1,0xff,0x3b,0x5e,0xe0,0xff,0x34,0x51,0xe0,0xff,0x2e,0x48,0xde,0xff,
0x33,0x4c,0xdd,0xfc,0x4e,0x6c,0xec,0xff,0x80,0x97,0xe7,0xa3,0x05,0x04,0x00,0x00,
0x00,0x00,0x00,0x00,0x00,0x00,0xff,0x01,0x00,0x00,0x00,0x00,0x00,0x00,0x00,0x00,
0x00,0x00,0x00,0x00,0x00,0x00,0x00,0x00,0x7f,0x7f,0xff,0x02,0x00,0x00,0x00,0x00,
0x79,0x96,0xd5,0x3d,0x3b,0x58,0xc0,0xfb,0x28,0x3a,0xbf,0xff,0x28,0x38,0xc6,0xfe,
0x2b,0x3b,0xcb,0xff,0x33,0x44,0xd1,0xff,0x3b,0x4f,0xd6,0xff,0x42,0x58,0xda,0xff,
0x46,0x5c,0xdb,0xff,0x47,0x5e,0xdb,0xff,0x4c,0x60,0xdb,0xff,0x4e,0x60,0xdb,0xff,
0x4f,0x61,0xdb,0xff,0x4f,0x5f,0xdb,0xff,0x4b,0x5b,0xd9,0xff,0x44,0x56,0xd8,0xff,
0x3c,0x4f,0xd6,0xff,0x35,0x48,0xd3,0xff,0x32,0x45,0xd2,0xff,0x31,0x43,0xd2,0xff,
0x31,0x44,0xd9,0xff,0x31,0x44,0xd9,0xff,0x31,0x45,0xd9,0xff,0x32,0x46,0xd9,0xff,
0x32,0x48,0xda,0xff,0x33,0x4a,0xda,0xff,0x35,0x4b,0xdb,0xff,0x36,0x4e,0xdc,0xff,
0x38,0x51,0xdd,0xff,0x39,0x53,0xdd,0xff,0x3f,0x57,0xde,0xff,0x4a,0x5b,0xdf,0xff,
0x4d,0x5c,0xdb,0xff,0x4e,0x5b,0xdb,0xff,0x4b,0x5f,0xe0,0xff,0x49,0x64,0xe2,0xff,
0x5d,0x6a,0xe5,0xff,0x7a,0x7a,0xe5,0xff,0x8f,0x88,0xe4,0xff,0x9f,0x95,0xe4,0xff,
0xac,0xa1,0xe4,0xff,0xb5,0xa9,0xe3,0xff,0xba,0xae,0xe4,0xff,0xbb,0xb0,0xe3,0xff,
0xbb,0xb1,0xe3,0xff,0xa3,0xa0,0xdb,0xff,0x5a,0x6d,0xc5,0xff,0x3c,0x59,0xbe,0xff,
0x40,0x5f,0xc4,0xff,0x3f,0x5f,0xc9,0xff,0x3e,0x61,0xcf,0xff,0x3f,0x64,0xd3,0xff,
0x42,0x69,0xd8,0xff,0x44,0x6c,0xdd,0xff,0x42,0x6b,0xe0,0xff,0x3c,0x62,0xe1,0xff,
0x35,0x56,0xe0,0xff,0x2e,0x49,0xde,0xff,0x31,0x4b,0xdd,0xfc,0x4c,0x6a,0xeb,0xff,
0x7f,0x97,0xe5,0xac,0x06,0x05,0x01,0x00,0x00,0x00,0x00,0x00,0x00,0xff,0xff,0x01,
0x00,0x00,0x00,0x00,0x00,0x00,0x00,0x00,0x00,0x00,0x00,0x00,0x00,0x00,0x00,0x00,
0x7f,0x7f,0xff,0x02,0x00,0x00,0x00,0x00,0x81,0x95,0xd3,0x4d,0x3a,0x56,0xc0,0xff,
0x27,0x39,0xbf,0xff,0x28,0x37,0xc6,0xff,0x2a,0x3b,0xcb,0xff,0x32,0x44,0xd0,0xff,
0x3b,0x4f,0xd5,0xff,0x41,0x58,0xd9,0xff,0x46,0x5c,0xdb,0xff,0x47,0x5e,0xda,0xff,
0x4c,0x60,0xdb,0xff,0x53,0x64,0xdc,0xff,0x57,0x68,0xdd,0xff,0x5a,0x69,0xdd,0xff,
0x57,0x67,0xdc,0xff,0x52,0x62,0xda,0xff,0x49,0x5b,0xd8,0xff,0x3c,0x4f,0xd4,0xff,
0x38,0x4a,0xd1,0xff,0x36,0x48,0xd2,0xff,0x34,0x47,0xd9,0xff,0x33,0x46,0xd9,0xff,
0x32,0x46,0xd9,0xff,0x31,0x46,0xda,0xff,0x32,0x47,0xda,0xff,0x33,0x48,0xdb,0xff,
0x34,0x4a,0xdc,0xff,0x36,0x4c,0xdc,0xff,0x37,0x4f,0xde,0xff,0x3c,0x52,0xdd,0xff,
0x48,0x58,0xdb,0xff,0x50,0x5e,0xd6,0xff,0x54,0x5f,0xd7,0xff,0x54,0x63,0xe0,0xff,
0x4e,0x6a,0xe4,0xff,0x58,0x6a,0xe7,0xff,0x73,0x76,0xe6,0xff,0x86,0x82,0xe5,0xff,
0x99,0x90,0xe4,0xff,0xa7,0x9c,0xe4,0xff,0xb1,0xa7,0xe3,0xff,0xb7,0xaf,0xe2,0xff,
0xb7,0xb2,0xe1,0xff,0xb8,0xb3,0xe0,0xff,0xb9,0xb5,0xe1,0xff,0xbe,0xb8,0xe2,0xff,
0xb0,0xac,0xdf,0xff,0x75,0x7e,0xcd,0xff,0x42,0x60,0xbf,0xff,0x40,0x62,0xc5,0xff,
0x42,0x65,0xcc,0xff,0x41,0x66,0xd1,0xff,0x43,0x68,0xd7,0xff,0x44,0x69,0xdc,0xff,
0x42,0x6a,0xdf,0xff,0x3c,0x65,0xe0,0xff,0x35,0x57,0xe0,0xff,0x2e,0x4a,0xdf,0xff,
0x31,0x4c,0xdd,0xfd,0x4a,0x69,0xea,0xff,0x7b,0x93,0xe6,0xb4,0xff,0xff,0xff,0x03,
0x00,0x00,0x00,0x00,0xff,0xff,0xff,0x01,0x00,0x00,0x00,0x00,0x00,0x00,0x00,0x00,
0x00,0x00,0x00,0x00,0x00,0x00,0x00,0x00,0x00,0x7f,0xff,0x02,0x00,0x00,0x00,0x00,
0x82,0x94,0xd4,0x54,0x37,0x53,0xc0,0xff,0x27,0x38,0xbe,0xfe,0x28,0x37,0xc5,0xff,
0x2a,0x3a,0xca,0xff,0x32,0x43,0xd0,0xff,0x3a,0x4e,0xd4,0xff,0x41,0x58,0xd9,0xff,
0x45,0x5c,0xd9,0xff,0x47,0x5d,0xd9,0xff,0x4c,0x60,0xda,0xff,0x55,0x66,0xdb,0xff,
0x5d,0x6c,0xdd,0xff,0x63,0x70,0xde,0xff,0x63,0x70,0xde,0xff,0x5e,0x6c,0xdd,0xff,
0x54,0x63,0xdc,0xff,0x44,0x55,0xd8,0xff,0x3b,0x4b,0xd5,0xff,0x39,0x49,0xd7,0xff,
0x37,0x48,0xdd,0xff,0x35,0x47,0xdb,0xff,0x33,0x46,0xda,0xff,0x33,0x47,0xda,0xff,
0x34,0x48,0xdb,0xff,0x35,0x4a,0xdc,0xff,0x37,0x4c,0xdc,0xff,0x39,0x50,0xde,0xff,
0x3c,0x50,0xdb,0xff,0x48,0x56,0xd6,0xff,0x56,0x63,0xd5,0xff,0x5d,0x69,0xd5,0xff,
0x61,0x6b,0xe0,0xff,0x5c,0x72,0xe5,0xff,0x5a,0x73,0xe7,0xff,0x6a,0x74,0xe8,0xff,
0x7f,0x7f,0xe6,0xff,0x8e,0x89,0xe5,0xff,0x9f,0x96,0xe4,0xff,0xad,0xa1,0xe4,0xff,
0xb6,0xad,0xe3,0xff,0xb8,0xb4,0xe2,0xff,0xb9,0xb6,0xe1,0xff,0xba,0xb9,0xe0,0xff,
0xbb,0xbb,0xe0,0xff,0xb9,0xb9,0xdf,0xff,0xbc,0xba,0xe1,0xff,0xbe,0xb9,0xe3,0xff,
0x8b,0x92,0xd4,0xff,0x43,0x61,0xc2,0xff,0x41,0x65,0xc8,0xff,0x43,0x67,0xcf,0xff,
0x43,0x67,0xd6,0xff,0x45,0x68,0xdb,0xff,0x42,0x68,0xde,0xff,0x3b,0x63,0xe0,0xff,
0x34,0x58,0xe0,0xff,0x2e,0x4b,0xdf,0xff,0x31,0x4d,0xde,0xfd,0x49,0x68,0xea,0xff,
0x74,0x8e,0xe6,0xb8,0xff,0xff,0xff,0x04,0x00,0x00,0x00,0x00,0x00,0xff,0xff,0x01,
0x00,0x00,0x00,0x00,0x00,0x00,0x00,0x00,0x00,0x00,0x00,0x00,0x00,0x00,0x00,0x00,
0x00,0x7f,0x7f,0x02,0x00,0x00,0x00,0x00,0x7a,0x8c,0xcd,0x62,0x36,0x52,0xc1,0xff,
0x27,0x38,0xbe,0xfe,0x28,0x37,0xc5,0xff,0x2a,0x3b,0xca,0xff,0x32,0x43,0xcf,0xff,
0x39,0x4d,0xd3,0xff,0x41,0x56,0xd7,0xff,0x46,0x5c,0xd8,0xff,0x47,0x5d,0xd9,0xff,
0x4a,0x5e,0xd9,0xff,0x53,0x64,0xda,0xff,0x62,0x6f,0xde,0xff,0x6b,0x77,0xe1,0xff,
0x6f,0x7a,0xe2,0xff,0x6d,0x77,0xe0,0xff,0x63,0x70,0xdc,0xff,0x51,0x60,0xd3,0xff,
0x3c,0x50,0xcb,0xff,0x37,0x4c,0xcc,0xff,0x37,0x4d,0xd1,0xff,0x36,0x4b,0xd6,0xff,
0x36,0x4a,0xdb,0xff,0x37,0x49,0xdd,0xff,0x37,0x49,0xdc,0xff,0x37,0x4c,0xdb,0xff,
0x3a,0x50,0xde,0xff,0x3c,0x50,0xd9,0xff,0x44,0x53,0xd0,0xff,0x58,0x65,0xd4,0xff,
0x64,0x6f,0xd8,0xff,0x6b,0x74,0xdd,0xff,0x6d,0x78,0xe6,0xff,0x66,0x7e,0xe7,0xff,
0x63,0x79,0xe8,0xff,0x6e,0x78,0xe8,0xff,0x81,0x81,0xe6,0xff,0x8f,0x8a,0xe5,0xff,
0x9e,0x95,0xe3,0xff,0xac,0xa2,0xe3,0xff,0xb6,0xae,0xe2,0xff,0xb9,0xb4,0xe1,0xff,
0xba,0xb8,0xe0,0xff,0xbc,0xbb,0xdf,0xff,0xbd,0xbd,0xdf,0xff,0xbd,0xbd,0xdf,0xff,
0xba,0xbb,0xe0,0xff,0xb9,0xb8,0xe1,0xff,0xc0,0xba,0xe4,0xff,0x8d,0x93,0xd8,0xff,
0x44,0x64,0xc7,0xff,0x43,0x64,0xcf,0xff,0x45,0x65,0xd6,0xff,0x46,0x67,0xdc,0xff,
0x42,0x67,0xdf,0xff,0x3b,0x64,0xe0,0xff,0x34,0x59,0xe0,0xff,0x2d,0x4b,0xdf,0xff,
0x30,0x4d,0xde,0xfd,0x48,0x68,0xe9,0xff,0x71,0x8c,0xe5,0xbf,0xff,0xff,0xff,0x06,
0x00,0x00,0x00,0x00,0xff,0xff,0xff,0x01,0x00,0x00,0x00,0x00,0x00,0x00,0x00,0x00,
0x00,0x00,0x00,0x00,0x00,0x00,0x00,0x00,0x00,0x00,0x7f,0x02,0x00,0x00,0x00,0x00,
0x71,0x86,0xcc,0x6a,0x34,0x4f,0xc0,0xff,0x27,0x38,0xbd,0xfe,0x27,0x38,0xc5,0xff,
0x2a,0x3b,0xc9,0xff,0x31,0x43,0xce,0xff,0x38,0x4d,0xd2,0xff,0x40,0x57,0xd6,0xff,
0x45,0x5b,0xd7,0xff,0x46,0x5d,0xd8,0xff,0x49,0x5c,0xd8,0xff,0x52,0x63,0xdb,0xff,
0x64,0x71,0xdf,0xff,0x70,0x7c,0xde,0xff,0x78,0x82,0xda,0xff,0x77,0x82,0xd4,0xff,
0x6f,0x7b,0xcc,0xff,0x5e,0x6c,0xc0,0xff,0x43,0x55,0xaf,0xff,0x35,0x49,0xa5,0xff,
0x32,0x47,0xa3,0xff,0x30,0x47,0xa8,0xff,0x32,0x48,0xb2,0xff,0x35,0x4d,0xc5,0xff,
0x39,0x50,0xd6,0xff,0x3d,0x52,0xdf,0xff,0x40,0x51,0xdc,0xff,0x40,0x4e,0xcd,0xff,
0x55,0x62,0xd3,0xff,0x6b,0x75,0xdc,0xff,0x72,0x7b,0xdd,0xff,0x77,0x7f,0xe2,0xff,
0x76,0x81,0xe7,0xff,0x6f,0x84,0xe8,0xff,0x69,0x81,0xe8,0xff,0x6b,0x78,0xe8,0xff,
0x7c,0x7f,0xe6,0xff,0x8a,0x87,0xe4,0xff,0x98,0x90,0xe2,0xff,0xa6,0x9d,0xe1,0xff,
0xb4,0xab,0xe2,0xff,0xba,0xb4,0xe0,0xff,0xbb,0xb8,0xdf,0xff,0xbd,0xbc,0xde,0xff,
0xbe,0xbf,0xdd,0xff,0xbe,0xbe,0xde,0xff,0xbc,0xbc,0xdf,0xff,0xba,0xba,0xe1,0xff,
0xb6,0xb6,0xe2,0xff,0xbe,0xb8,0xe6,0xff,0x79,0x85,0xd6,0xff,0x40,0x60,0xce,0xff,
0x46,0x63,0xd7,0xff,0x45,0x65,0xdc,0xff,0x42,0x64,0xe0,0xff,0x3b,0x64,0xe1,0xff,
0x33,0x5a,0xe0,0xff,0x2c,0x4b,0xdf,0xff,0x2f,0x4c,0xdd,0xfd,0x46,0x67,0xe8,0xff,
0x6e,0x89,0xe5,0xc7,0xe2,0xe2,0xff,0x09,0x00,0x00,0x00,0x00,0xff,0xff,0xff,0x01,
0x00,0x00,0x00,0x00,0x00,0x00,0x00,0x00,0x00,0x00,0x00,0x00,0x00,0x00,0x00,0x00,
0x00,0x00,0x7f,0x02,0x00,0x00,0x00,0x00,0x6b,0x81,0xc9,0x72,0x33,0x4d,0xbe,0xff,
0x27,0x38,0xbd,0xfe,0x27,0x37,0xc3,0xff,0x2a,0x3a,0xc8,0xff,0x31,0x42,0xcd,0xff,
0x39,0x4d,0xd0,0xff,0x40,0x56,0xd4,0xff,0x43,0x5a,0xd5,0xff,0x45,0x5b,0xd5,0xff,
0x47,0x5b,0xd7,0xff,0x4e,0x61,0xd7,0xff,0x5f,0x6f,0xd2,0xff,0x72,0x7d,0xcf,0xff,
0x7f,0x86,0xcf,0xff,0x84,0x8a,0xcf,0xff,0x80,0x87,0xcc,0xff,0x72,0x7b,0xc2,0xff,
0x58,0x65,0xb0,0xff,0x3d,0x4d,0x9c,0xff,0x36,0x46,0x95,0xff,0x34,0x44,0x94,0xff,
0x33,0x45,0x97,0xff,0x34,0x47,0x9f,0xff,0x37,0x4d,0xac,0xff,0x3e,0x57,0xc5,0xff,
0x44,0x5f,0xdc,0xff,0x52,0x67,0xe2,0xff,0x6d,0x78,0xe0,0xff,0x79,0x80,0xdf,0xff,
0x80,0x87,0xe2,0xff,0x82,0x89,0xe5,0xff,0x7f,0x87,0xe9,0xff,0x76,0x87,0xe9,0xff,
0x6e,0x86,0xe8,0xff,0x69,0x7b,0xe7,0xff,0x71,0x79,0xe5,0xff,0x7f,0x80,0xe3,0xff,
0x8f,0x89,0xe0,0xff,0x9f,0x97,0xdf,0xff,0xad,0xa4,0xdf,0xff,0xb9,0xb0,0xdf,0xff,
0xbb,0xb7,0xdf,0xff,0xbd,0xbb,0xde,0xff,0xbe,0xbe,0xde,0xff,0xbd,0xbe,0xde,0xff,
0xbc,0xbc,0xdf,0xff,0xba,0xba,0xe1,0xff,0xb7,0xb8,0xe2,0xff,0xba,0xb7,0xe5,0xff,
0xa1,0xa0,0xe0,0xff,0x46,0x63,0xce,0xff,0x46,0x60,0xd8,0xff,0x46,0x62,0xdd,0xff,
0x42,0x62,0xe0,0xff,0x3b,0x63,0xe1,0xff,0x32,0x5b,0xe0,0xff,0x2d,0x4d,0xdf,0xff,
0x2f,0x4c,0xdd,0xfd,0x44,0x65,0xe8,0xff,0x68,0x85,0xe4,0xcb,0xcc,0xcc,0xff,0x0a,
0x00,0x00,0x00,0x00,0xff,0xff,0xff,0x01,0x00,0x00,0x00,0x00,0x00,0x00,0x00,0x00,
0x00,0x00,0x00,0x00,0x00,0x00,0x00,0x00,0x00,0x00,0x7f,0x02,0x00,0x00,0x00,0x00,
0x73,0x89,0xcd,0x80,0x30,0x4a,0xbe,0xff,0x27,0x37,0xbd,0xfd,0x27,0x37,0xc3,0xff,
0x2a,0x3a,0xc7,0xff,0x30,0x42,0xcc,0xff,0x38,0x4c,0xcf,0xff,0x3f,0x55,0xd3,0xff,
0x42,0x59,0xd3,0xff,0x45,0x5b,0xd5,0xff,0x44,0x5b,0xd3,0xff,0x47,0x5b,0xc3,0xff,
0x59,0x68,0xbb,0xff,0x74,0x7d,0xc4,0xff,0x89,0x8d,0xce,0xff,0x93,0x95,0xd4,0xff,
0x94,0x96,0xd4,0xff,0x89,0x8e,0xcf,0xff,0x74,0x7c,0xc3,0xff,0x51,0x5f,0xad,0xff,
0x40,0x51,0xa0,0xff,0x3f,0x4f,0x9d,0xff,0x3c,0x4c,0x99,0xff,0x3d,0x4c,0x9b,0xff,
0x3f,0x4f,0xa2,0xff,0x43,0x53,0xac,0xff,0x48,0x5b,0xba,0xff,0x66,0x7a,0xdb,0xff,
0x86,0x93,0xee,0xff,0x90,0x97,0xec,0xff,0x8e,0x94,0xe7,0xff,0x8b,0x91,0xe7,0xff,
0x88,0x8e,0xe9,0xff,0x7d,0x89,0xea,0xff,0x73,0x86,0xe8,0xff,0x67,0x80,0xe6,0xff,
0x62,0x73,0xe4,0xff,0x6d,0x74,0xe2,0xff,0x80,0x80,0xdf,0xff,0x93,0x8d,0xdd,0xff,
0xa3,0x9a,0xdd,0xff,0xb1,0xa8,0xdd,0xff,0xba,0xb3,0xde,0xff,0xbc,0xb7,0xde,0xff,
0xbc,0xba,0xde,0xff,0xbc,0xbc,0xdf,0xff,0xbb,0xbb,0xe0,0xff,0xb9,0xba,0xe1,0xff,
0xb6,0xb7,0xe3,0xff,0xba,0xb8,0xe6,0xff,0xa4,0xa3,0xe3,0xff,0x46,0x5e,0xce,0xff,
0x45,0x60,0xd5,0xff,0x47,0x5f,0xe0,0xff,0x42,0x5f,0xe2,0xff,0x3b,0x60,0xe2,0xff,
0x33,0x5c,0xe0,0xff,0x2d,0x4e,0xdf,0xff,0x2e,0x4d,0xde,0xfd,0x42,0x63,0xe6,0xff,
0x64,0x83,0xe3,0xd7,0xb4,0xc3,0xe1,0x11,0x00,0x00,0x00,0x00,0xff,0xff,0xff,0x01,
0x00,0x00,0x00,0x00,0x00,0x00,0x00,0x00,0x00,0x00,0x00,0x00,0x00,0x00,0x00,0x00,
0x00,0x00,0xff,0x01,0x01,0x00,0x00,0x00,0x6e,0x85,0xc9,0x8b,0x2f,0x49,0xbd,0xff,
0x27,0x37,0xbc,0xfd,0x27,0x37,0xc2,0xff,0x2a,0x3a,0xc6,0xff,0x30,0x42,0xca,0xff,
0x37,0x4d,0xce,0xff,0x3f,0x54,0xd1,0xff,0x42,0x59,0xd3,0xff,0x43,0x5c,0xd4,0xff,
0x40,0x56,0xba,0xff,0x40,0x50,0xa3,0xff,0x52,0x5f,0xab,0xff,0x75,0x7e,0xc4,0xff,
0x92,0x95,0xd6,0xff,0xa1,0xa2,0xdf,0xff,0xa6,0xa5,0xe3,0xff,0x9f,0xa0,0xe1,0xff,
0x8f,0x94,0xdb,0xff,0x6e,0x78,0xcb,0xff,0x50,0x5f,0xba,0xff,0x4d,0x5d,0xb6,0xff,
0x4b,0x5b,0xb2,0xff,0x4b,0x5a,0xaf,0xff,0x4c,0x5b,0xaf,0xff,0x4d,0x5d,0xb2,0xff,
0x5b,0x69,0xbf,0xff,0x7d,0x86,0xd3,0xff,0x8f,0x97,0xe2,0xff,0x9d,0xa3,0xef,0xff,
0xa5,0xa9,0xf2,0xff,0x9a,0x9f,0xed,0xff,0x8d,0x94,0xea,0xff,0x84,0x8f,0xeb,0xff,
0x74,0x83,0xe8,0xff,0x65,0x7c,0xe4,0xff,0x59,0x73,0xe0,0xff,0x56,0x68,0xde,0xff,
0x69,0x6f,0xdd,0xff,0x82,0x80,0xdb,0xff,0x94,0x8e,0xdb,0xff,0xa4,0x9b,0xda,0xff,
0xb2,0xa9,0xdc,0xff,0xba,0xb3,0xde,0xff,0xbb,0xb7,0xdf,0xff,0xba,0xb9,0xe0,0xff,
0xb9,0xb9,0xe1,0xff,0xb8,0xb8,0xe3,0xff,0xb5,0xb6,0xe4,0xff,0xb8,0xb7,0xe6,0xff,
0xa1,0xa2,0xe3,0xff,0x43,0x5d,0xcf,0xff,0x42,0x5d,0xd2,0xff,0x49,0x60,0xe0,0xff,
0x42,0x5d,0xe4,0xff,0x3b,0x5e,0xe4,0xff,0x33,0x5c,0xe1,0xff,0x2d,0x50,0xdf,0xff,
0x2c,0x4b,0xde,0xfd,0x40,0x61,0xe6,0xff,0x61,0x7f,0xe3,0xdc,0xa1,0xae,0xf1,0x13,
0x00,0x00,0x00,0x00,0xff,0xff,0xff,0x01,0x00,0x00,0x00,0x00,0x00,0x00,0x00,0x00,
0x00,0x00,0x00,0x00,0x00,0x00,0x00,0x00,0x00,0x00,0xff,0x01,0x01,0x00,0x00,0x00,
0x68,0x7e,0xc5,0x97,0x2e,0x47,0xbc,0xff,0x27,0x37,0xbc,0xfd,0x27,0x37,0xc0,0xff,
0x29,0x3a,0xc5,0xff,0x30,0x43,0xc9,0xff,0x38,0x4d,0xce,0xff,0x3e,0x54,0xd1,0xff,
0x43,0x5d,0xd8,0xff,0x3f,0x55,0xbc,0xff,0x3b,0x49,0x98,0xff,0x3f,0x4e,0x9c,0xff,
0x4e,0x5f,0xb0,0xff,0x74,0x7f,0xcd,0xff,0x97,0x9b,0xe0,0xff,0xaa,0xa9,0xe6,0xff,
0xb3,0xaf,0xe8,0xff,0xb0,0xae,0xe7,0xff,0xa4,0xa5,0xe3,0xff,0x89,0x8f,0xd8,0xff,
0x64,0x70,0xc7,0xff,0x5a,0x68,0xc1,0xff,0x5a,0x67,0xc0,0xff,0x59,0x67,0xbf,0xff,
0x5a,0x68,0xc0,0xff,0x5c,0x69,0xc0,0xff,0x75,0x7f,0xcd,0xff,0x90,0x97,0xdd,0xff,
0x9b,0xa0,0xe2,0xff,0x9f,0xa4,0xe6,0xff,0xa5,0xaa,0xef,0xff,0xb1,0xb2,0xf4,0xff,
0x9a,0xa3,0xef,0xff,0x93,0x9f,0xef,0xff,0x8f,0x95,0xee,0xff,0x69,0x7b,0xe6,0xff,
0x50,0x6e,0xdf,0xff,0x47,0x67,0xda,0xff,0x4e,0x62,0xd9,0xff,0x67,0x6e,0xd9,0xff,
0x80,0x7f,0xd9,0xff,0x93,0x8e,0xd9,0xff,0xa3,0x9b,0xda,0xff,0xb1,0xa8,0xdd,0xff,
0xb9,0xb1,0xdf,0xff,0xb9,0xb4,0xe0,0xff,0xb8,0xb5,0xe2,0xff,0xb6,0xb5,0xe4,0xff,
0xb4,0xb3,0xe5,0xff,0xb7,0xb5,0xe8,0xff,0xa0,0x9f,0xe3,0xff,0x3f,0x5e,0xd0,0xff,
0x3e,0x5c,0xd2,0xff,0x46,0x61,0xdc,0xff,0x44,0x5c,0xe6,0xff,0x39,0x5b,0xe4,0xff,
0x32,0x5b,0xe1,0xff,0x2d,0x50,0xdf,0xff,0x31,0x52,0xdf,0xfe,0x42,0x65,0xe5,0xff,
0x5f,0x7c,0xe1,0xe4,0xaa,0xbc,0xec,0x1b,0x00,0x00,0x00,0x00,0xff,0xff,0xff,0x01,
0x00,0x00,0x00,0x00,0x00,0x00,0x00,0x00,0x00,0x00,0x00,0x00,0x00,0x00,0x00,0x00,
0x00,0x00,0xff,0x01,0x01,0x00,0x00,0x00,0x62,0x77,0xc3,0x9e,0x2e,0x46,0xbc,0xff,
0x27,0x37,0xbb,0xfd,0x27,0x36,0xc0,0xff,0x2a,0x3a,0xc4,0xff,0x30,0x42,0xc8,0xff,
0x37,0x4c,0xcc,0xff,0x3e,0x58,0xd9,0xff,0x3e,0x55,0xc3,0xff,0x38,0x4a,0x99,0xff,
0x3d,0x50,0xa1,0xff,0x45,0x58,0xb0,0xff,0x50,0x60,0xbf,0xff,0x6f,0x7a,0xcf,0xff,
0x97,0x9a,0xde,0xff,0xb0,0xae,0xe8,0xff,0xbc,0xb7,0xec,0xff,0xbe,0xb8,0xee,0xff,
0xb7,0xb4,0xed,0xff,0xa4,0xa5,0xe9,0xff,0x7e,0x87,0xdf,0xff,0x6b,0x75,0xd7,0xff,
0x6a,0x75,0xd6,0xff,0x69,0x74,0xd3,0xff,0x68,0x74,0xd0,0xff,0x71,0x7c,0xd3,0xff,
0x8f,0x96,0xdd,0xff,0x9e,0xa3,0xe3,0xff,0xa6,0xaa,0xe7,0xff,0xa9,0xad,0xe9,0xff,
0xa7,0xaa,0xe9,0xff,0xa8,0xad,0xef,0xff,0xb2,0xb2,0xf4,0xff,0x9e,0xa4,0xf1,0xff,
0xa3,0xa4,0xf1,0xff,0xa6,0xa2,0xf0,0xff,0x82,0x85,0xe9,0xff,0x51,0x6b,0xdd,0xff,
0x3e,0x61,0xd5,0xff,0x49,0x60,0xd5,0xff,0x5f,0x69,0xd6,0xff,0x79,0x7a,0xd7,0xff,
0x8e,0x89,0xd8,0xff,0x9e,0x96,0xdb,0xff,0xac,0xa1,0xde,0xff,0xb5,0xaa,0xe1,0xff,
0xb7,0xaf,0xe3,0xff,0xb5,0xb0,0xe4,0xff,0xb3,0xae,0xe5,0xff,0xb8,0xb2,0xe9,0xff,
0x85,0x88,0xe0,0xff,0x37,0x57,0xd0,0xff,0x3d,0x5b,0xd5,0xff,0x42,0x5c,0xd9,0xff,
0x49,0x60,0xe5,0xff,0x41,0x5c,0xe7,0xff,0x3b,0x5e,0xe4,0xff,0x3a,0x61,0xe2,0xff,
0x38,0x60,0xdf,0xfe,0x3f,0x62,0xe4,0xff,0x5d,0x7a,0xe3,0xee,0xb0,0xbd,0xeb,0x27,
0x00,0x00,0x00,0x00,0x7f,0x7f,0xff,0x02,0x00,0x00,0x00,0x00,0x00,0x00,0x00,0x00,
0x00,0x00,0x00,0x00,0x00,0x00,0x00,0x00,0x00,0x00,0x00,0x01,0x02,0x01,0x00,0x00,
0x54,0x6e,0xbf,0xad,0x2e,0x46,0xbc,0xff,0x27,0x37,0xbb,0xfd,0x27,0x37,0xc0,0xff,
0x2a,0x3b,0xc4,0xff,0x30,0x42,0xc6,0xff,0x38,0x4e,0xd2,0xff,0x3e,0x56,0xcf,0xff,
0x39,0x51,0xa4,0xff,0x3c,0x53,0xa6,0xff,0x43,0x58,0xb4,0xff,0x4b,0x5d,0xbd,0xff,
0x52,0x62,0xbe,0xff,0x68,0x74,0xcb,0xff,0x93,0x96,0xe1,0xff,0xb2,0xb0,0xed,0xff,
0xc2,0xbd,0xf1,0xff,0xc8,0xc1,0xf3,0xff,0xc4,0xbf,0xf3,0xff,0xb8,0xb5,0xf0,0xff,
0x99,0x9d,0xeb,0xff,0x7b,0x84,0xe4,0xff,0x78,0x82,0xe3,0xff,0x78,0x81,0xe2,0xff,
0x77,0x81,0xe1,0xff,0x8d,0x93,0xe5,0xff,0xa2,0xa6,0xe9,0xff,0xaa,0xae,0xeb,0xff,
0xb1,0xb3,0xec,0xff,0xb2,0xb3,0xeb,0xff,0xb0,0xb2,0xec,0xff,0xa8,0xab,0xea,0xff,
0xa6,0xa9,0xf0,0xff,0xb0,0xaf,0xf4,0xff,0x88,0x94,0xee,0xff,0x99,0x9b,0xef,0xff,
0xb1,0xa6,0xf1,0xff,0x5d,0x6d,0xe3,0xff,0x38,0x57,0xd5,0xff,0x3d,0x5e,0xd2,0xff,
0x40,0x5d,0xd2,0xff,0x52,0x61,0xd4,0xff,0x6d,0x71,0xd6,0xff,0x84,0x82,0xd9,0xff,
0x96,0x8e,0xdc,0xff,0xa3,0x99,0xdf,0xff,0xad,0xa2,0xe2,0xff,0xb2,0xa7,0xe5,0xff,
0xb4,0xaa,0xe7,0xff,0xb4,0xa9,0xe9,0xff,0x5b,0x6d,0xd9,0xff,0x36,0x5a,0xd3,0xff,
0x41,0x62,0xd9,0xff,0x46,0x60,0xda,0xff,0x51,0x67,0xe2,0xff,0x51,0x62,0xe9,0xff,
0x41,0x5e,0xe6,0xff,0x3a,0x61,0xe2,0xff,0x32,0x57,0xdf,0xfe,0x3b,0x5c,0xe2,0xff,
0x5b,0x79,0xe2,0xf2,0xa2,0xb3,0xe9,0x2f,0x00,0x00,0x00,0x00,0x7f,0x7f,0xff,0x02,
0x00,0x00,0x00,0x00,0x00,0x00,0x00,0x00,0x00,0x00,0x00,0x00,0x00,0x00,0x00,0x00,
0x00,0x00,0x00,0x00,0x03,0x02,0x00,0x00,0x4c,0x68,0xbe,0xb5,0x2e,0x45,0xbd,0xff,
0x27,0x37,0xbb,0xfd,0x28,0x37,0xbf,0xff,0x2b,0x3c,0xc3,0xff,0x31,0x44,0xc7,0xff,
0x3a,0x50,0xd5,0xff,0x39,0x51,0xb2,0xff,0x3b,0x55,0xab,0xff,0x42,0x58,0xb6,0xff,
0x48,0x5b,0xb9,0xff,0x4d,0x60,0xba,0xff,0x57,0x66,0xc4,0xff,0x68,0x73,0xd7,0xff,
0x8c,0x92,0xe6,0xff,0xb0,0xaf,0xee,0xff,0xc5,0xc0,0xf2,0xff,0xce,0xc6,0xf4,0xff,
0xcd,0xc6,0xf4,0xff,0xc4,0xc0,0xf2,0xff,0xae,0xaf,0xef,0xff,0x8b,0x92,0xe8,0xff,
0x81,0x8a,0xe7,0xff,0x81,0x8a,0xe7,0xff,0x88,0x90,0xe9,0xff,0xa2,0xa6,0xee,0xff,
0xad,0xb0,0xf0,0xff,0xb6,0xb6,0xf0,0xff,0xbc,0xbb,0xf0,0xff,0xbe,0xbc,0xf0,0xff,
0xb9,0xb8,0xee,0xff,0xb0,0xb1,0xec,0xff,0xa0,0xa5,0xe8,0xff,0x9f,0xa3,0xef,0xff,
0xa7,0xa6,0xf2,0xff,0x72,0x7e,0xec,0xff,0x6d,0x79,0xea,0xff,0x45,0x59,0xd5,0xff,
0x3a,0x4e,0xcc,0xff,0x38,0x53,0xd3,0xff,0x38,0x59,0xd0,0xff,0x3a,0x5b,0xd0,0xff,
0x47,0x5c,0xd3,0xff,0x5f,0x67,0xd8,0xff,0x77,0x77,0xdb,0xff,0x89,0x83,0xde,0xff,
0x95,0x8c,0xe1,0xff,0x9e,0x93,0xe3,0xff,0xae,0x9f,0xe7,0xff,0x7f,0x82,0xe1,0xff,
0x36,0x57,0xd3,0xff,0x3a,0x5f,0xd8,0xff,0x3f,0x64,0xdf,0xff,0x43,0x64,0xdd,0xff,
0x4d,0x61,0xde,0xff,0x4b,0x61,0xe7,0xff,0x3d,0x5d,0xe5,0xff,0x34,0x5d,0xe1,0xff,
0x30,0x53,0xde,0xfe,0x39,0x5a,0xe2,0xff,0x5c,0x79,0xe3,0xf6,0x9e,0xaf,0xe9,0x3a,
0x00,0x00,0x00,0x00,0x7f,0x7f,0xff,0x02,0x00,0x00,0x00,0x00,0x00,0x00,0x00,0x00,
0x00,0x00,0x00,0x00,0x00,0x00,0x00,0x01,0x00,0x00,0x00,0x00,0xff,0xff,0xff,0x05,
0x4b,0x67,0xbd,0xc3,0x2d,0x44,0xbd,0xff,0x29,0x38,0xbc,0xfd,0x29,0x38,0xc0,0xff,
0x2c,0x3c,0xc2,0xff,0x34,0x47,0xcf,0xff,0x39,0x4f,0xc5,0xff,0x39,0x51,0xa9,0xff,
0x3f,0x58,0xb3,0xff,0x46,0x5c,0xb7,0xff,0x4c,0x5f,0xb9,0xff,0x55,0x65,0xc4,0xff,
0x60,0x6e,0xd6,0xff,0x6b,0x76,0xdc,0xff,0x83,0x8b,0xe4,0xff,0xaa,0xab,0xed,0xff,
0xc5,0xc0,0xf2,0xff,0xd2,0xca,0xf5,0xff,0xd5,0xcd,0xf6,0xff,0xcd,0xc8,0xf4,0xff,
0xbd,0xbc,0xf2,0xff,0x9e,0xa2,0xed,0xff,0x8b,0x92,0xea,0xff,0x8b,0x91,0xea,0xff,
0x9c,0xa0,0xed,0xff,0xaf,0xb1,0xf1,0xff,0xb9,0xb9,0xf3,0xff,0xc3,0xc0,0xf3,0xff,
0xc9,0xc4,0xf4,0xff,0xc8,0xc4,0xf3,0xff,0xc2,0xbe,0xf1,0xff,0xb5,0xb5,0xee,0xff,
0xa5,0xa8,0xe9,0xff,0x8b,0x94,0xe4,0xff,0x9b,0x9d,0xef,0xff,0x8b,0x90,0xef,0xff,
0x4f,0x66,0xe6,0xff,0x42,0x55,0xd2,0xff,0x39,0x4a,0xc2,0xff,0x36,0x4a,0xc9,0xff,
0x35,0x4d,0xd1,0xff,0x34,0x53,0xd1,0xff,0x36,0x58,0xd0,0xff,0x3b,0x58,0xd4,0xff,
0x49,0x5c,0xd9,0xff,0x62,0x68,0xdd,0xff,0x76,0x74,0xe0,0xff,0x84,0x7e,0xe4,0xff,
0x70,0x76,0xdf,0xff,0x38,0x54,0xd5,0xff,0x33,0x50,0xd6,0xff,0x39,0x59,0xda,0xff,
0x3a,0x61,0xe0,0xff,0x3d,0x64,0xe0,0xff,0x47,0x5e,0xdb,0xff,0x47,0x5d,0xe2,0xff,
0x3b,0x5d,0xe5,0xff,0x32,0x5b,0xdf,0xff,0x2f,0x4f,0xde,0xfe,0x37,0x57,0xe1,0xff,
0x5a,0x77,0xe3,0xf8,0x95,0xa8,0xeb,0x41,0x00,0x00,0x00,0x00,0x7f,0x7f,0xff,0x02,
0x00,0x00,0x00,0x00,0x00,0x00,0x00,0x00,0x00,0x00,0x00,0x00,0xff,0xff,0xff,0x01,
0x00,0x00,0x00,0x00,0xff,0xff,0xff,0x0d,0x49,0x66,0xbe,0xcf,0x2d,0x44,0xbe,0xff,
0x2a,0x3a,0xbd,0xfd,0x2a,0x3a,0xc1,0xff,0x2f,0x3f,0xc5,0xff,0x36,0x4a,0xcf,0xff,
0x38,0x4e,0xb0,0xff,0x3d,0x54,0xac,0xff,0x45,0x5b,0xb6,0xff,0x4b,0x60,0xb9,0xff,
0x54,0x65,0xc4,0xff,0x5e,0x6c,0xd5,0xff,0x67,0x74,0xdb,0xff,0x70,0x7a,0xde,0xff,
0x7f,0x87,0xe2,0xff,0xa1,0xa4,0xea,0xff,0xc1,0xbe,0xf2,0xff,0xd4,0xcd,0xf5,0xff,
0xdc,0xd3,0xf7,0xff,0xd7,0xd0,0xf6,0xff,0xca,0xc6,0xf5,0xff,0xb2,0xb3,0xf2,0xff,
0x96,0x9c,0xef,0xff,0x98,0x9d,0xf0,0xff,0xad,0xb0,0xf3,0xff,0xba,0xba,0xf4,0xff,
0xc7,0xc4,0xf6,0xff,0xd3,0xcc,0xf7,0xff,0xd5,0xce,0xf6,0xff,0xd2,0xcb,0xf6,0xff,
0xc8,0xc3,0xf3,0xff,0xb7,0xb7,0xef,0xff,0xa3,0xa7,0xe9,0xff,0x87,0x90,0xe0,0xff,
0x77,0x81,0xe1,0xff,0x9b,0x9c,0xf1,0xff,0x6a,0x79,0xeb,0xff,0x46,0x5f,0xe5,0xff,
0x3b,0x54,0xd6,0xff,0x33,0x46,0xbf,0xff,0x31,0x44,0xc3,0xff,0x31,0x47,0xcd,0xff,
0x31,0x4b,0xd2,0xff,0x31,0x53,0xd3,0xff,0x31,0x56,0xd5,0xff,0x38,0x55,0xda,0xff,
0x45,0x5b,0xdc,0xff,0x41,0x56,0xda,0xff,0x2e,0x4a,0xd4,0xff,0x30,0x49,0xd5,0xff,
0x33,0x4e,0xd9,0xff,0x36,0x50,0xdb,0xff,0x37,0x5c,0xdd,0xff,0x3a,0x64,0xe0,0xff,
0x42,0x5c,0xda,0xff,0x40,0x59,0xd8,0xff,0x37,0x5c,0xe4,0xff,0x31,0x59,0xdf,0xff,
0x2e,0x4f,0xde,0xfe,0x36,0x56,0xe0,0xff,0x58,0x75,0xe2,0xfc,0x91,0xa5,0xeb,0x4d,
0x00,0x00,0x00,0x00,0x55,0x55,0xaa,0x03,0x00,0x00,0x00,0x00,0x00,0x00,0x00,0x00,
0x00,0x00,0x00,0x00,0xff,0xff,0xff,0x01,0x00,0x00,0x00,0x00,0xe6,0xda,0xe6,0x15,
0x48,0x63,0xbc,0xd7,0x2f,0x45,0xbf,0xff,0x2c,0x3c,0xbf,0xfd,0x2d,0x3c,0xc2,0xff,
0x33,0x43,0xca,0xff,0x39,0x4b,0xc4,0xff,0x3a,0x50,0xa9,0xff,0x44,0x5a,0xb4,0xff,
0x4b,0x61,0xb9,0xff,0x53,0x66,0xc2,0xff,0x5d,0x6c,0xd5,0xff,0x65,0x73,0xda,0xff,
0x6e,0x79,0xdd,0xff,0x77,0x81,0xe0,0xff,0x80,0x89,0xe1,0xff,0x98,0x9d,0xe9,0xff,
0xba,0xba,0xf1,0xff,0xd3,0xcd,0xf6,0xff,0xe4,0xd9,0xf9,0xff,0xe2,0xd8,0xf9,0xff,
0xd3,0xcd,0xf7,0xff,0xc0,0xbf,0xf5,0xff,0xa3,0xa8,0xf2,0xff,0xa5,0xa9,0xf2,0xff,
0xb9,0xba,0xf5,0xff,0xc6,0xc5,0xf6,0xff,0xd6,0xd0,0xf8,0xff,0xde,0xd5,0xf9,0xff,
0xde,0xd5,0xf8,0xff,0xd7,0xcf,0xf7,0xff,0xca,0xc5,0xf4,0xff,0xb6,0xb7,0xf1,0xff,
0x9d,0xa1,0xe8,0xff,0x85,0x8d,0xe0,0xff,0x68,0x74,0xd6,0xff,0x81,0x88,0xe8,0xff,
0x8e,0x90,0xee,0xff,0x4e,0x66,0xe5,0xff,0x41,0x61,0xe4,0xff,0x35,0x4f,0xd3,0xff,
0x30,0x40,0xbd,0xff,0x2e,0x40,0xc1,0xff,0x2e,0x40,0xc8,0xff,0x2f,0x43,0xcf,0xff,
0x2f,0x46,0xd3,0xff,0x2e,0x47,0xd5,0xff,0x2d,0x44,0xd4,0xff,0x2c,0x42,0xd4,0xff,
0x2f,0x44,0xd6,0xff,0x2f,0x47,0xd8,0xff,0x30,0x48,0xda,0xff,0x35,0x4b,0xd9,0xff,
0x37,0x55,0xdb,0xff,0x38,0x60,0xde,0xff,0x3e,0x5c,0xdc,0xff,0x3f,0x55,0xd2,0xff,
0x37,0x5c,0xe1,0xff,0x30,0x57,0xdf,0xff,0x2e,0x4d,0xde,0xfe,0x35,0x53,0xdf,0xff,
0x56,0x74,0xe3,0xff,0x89,0xa0,0xe8,0x59,0x00,0x00,0x00,0x00,0x55,0xaa,0xaa,0x03,
0x00,0x00,0x00,0x00,0x00,0x00,0x00,0x00,0x00,0x00,0x00,0x00,0x7f,0x7f,0xff,0x02,
0x00,0x00,0x00,0x00,0xcc,0xcc,0xe5,0x1e,0x47,0x62,0xbd,0xde,0x30,0x45,0xbf,0xff,
0x2f,0x3e,0xc1,0xfd,0x30,0x40,0xc6,0xff,0x37,0x46,0xcc,0xff,0x3a,0x4d,0xb8,0xff,
0x41,0x55,0xb1,0xff,0x4a,0x5f,0xba,0xff,0x52,0x67,0xbf,0xff,0x5d,0x6e,0xd1,0xff,
0x65,0x73,0xdb,0xff,0x6d,0x78,0xdc,0xff,0x75,0x7f,0xdf,0xff,0x7d,0x86,0xe0,0xff,
0x84,0x8d,0xe4,0xff,0x93,0x99,0xe9,0xff,0xb2,0xb3,0xf1,0xff,0xcf,0xca,0xf6,0xff,
0xe6,0xdc,0xf9,0xff,0xec,0xe1,0xfa,0xff,0xdc,0xd5,0xf8,0xff,0xc9,0xc7,0xf6,0xff,
0xb3,0xb5,0xf4,0xff,0xb3,0xb5,0xf4,0xff,0xc3,0xc3,0xf6,0xff,0xd3,0xce,0xf7,0xff,
0xe0,0xd8,0xf9,0xff,0xe4,0xdb,0xf9,0xff,0xe1,0xd8,0xf9,0xff,0xd7,0xd0,0xf8,0xff,
0xc7,0xc3,0xf5,0xff,0xb1,0xb2,0xf1,0xff,0x97,0x9c,0xe9,0xff,0x81,0x89,0xe0,0xff,
0x6e,0x7a,0xd8,0xff,0x6c,0x76,0xda,0xff,0x8c,0x91,0xef,0xff,0x53,0x6a,0xe5,0xff,
0x46,0x65,0xe3,0xff,0x3b,0x5c,0xe2,0xff,0x31,0x46,0xc9,0xff,0x2e,0x3e,0xbf,0xff,
0x2d,0x3c,0xc2,0xff,0x2c,0x3c,0xc3,0xff,0x2d,0x3c,0xca,0xff,0x2e,0x3d,0xd1,0xff,
0x2f,0x3f,0xd5,0xff,0x2e,0x40,0xd8,0xff,0x2d,0x40,0xd9,0xff,0x2e,0x43,0xd9,0xff,
0x30,0x45,0xda,0xff,0x36,0x48,0xda,0xff,0x39,0x4f,0xda,0xff,0x37,0x5c,0xdd,0xff,
0x3b,0x5b,0xde,0xff,0x38,0x4e,0xc2,0xff,0x35,0x5b,0xd9,0xff,0x30,0x56,0xe0,0xff,
0x2e,0x4d,0xdd,0xff,0x33,0x52,0xde,0xfe,0x54,0x73,0xe6,0xff,0x7f,0x99,0xe8,0x64,
0x00,0x00,0x00,0x00,0x55,0xaa,0xff,0x03,0x00,0x00,0x00,0x00,0x00,0x00,0x00,0x00,
0x00,0x00,0x00,0x00,0x7f,0x7f,0xff,0x02,0x00,0x00,0x00,0x00,0x9e,0xac,0xdc,0x25,
0x45,0x5f,0xbe,0xe2,0x31,0x46,0xc1,0xff,0x30,0x40,0xc3,0xfd,0x34,0x43,0xca,0xff,
0x3a,0x4a,0xc7,0xff,0x40,0x52,0xbe,0xff,0x4c,0x5e,0xcb,0xff,0x52,0x65,0xc1,0xff,
0x5c,0x6d,0xcb,0xff,0x65,0x74,0xdb,0xff,0x6c,0x79,0xdd,0xff,0x74,0x7e,0xdf,0xff,
0x7b,0x85,0xe2,0xff,0x83,0x8b,0xe2,0xff,0x8b,0x92,0xe7,0xff,0x92,0x98,0xeb,0xff,
0xa9,0xac,0xf0,0xff,0xc7,0xc4,0xf5,0xff,0xdf,0xd7,0xf9,0xff,0xf2,0xe7,0xfb,0xff,
0xe9,0xdf,0xfa,0xff,0xd2,0xce,0xf7,0xff,0xc2,0xc1,0xf5,0xff,0xbf,0xbf,0xf5,0xff,
0xce,0xca,0xf7,0xff,0xdf,0xd8,0xf9,0xff,0xe7,0xdc,0xf9,0xff,0xe7,0xdd,0xfa,0xff,
0xe2,0xd9,0xf9,0xff,0xd4,0xcf,0xf7,0xff,0xc0,0xbf,0xf5,0xff,0xa9,0xac,0xf0,0xff,
0x93,0x99,0xec,0xff,0x80,0x88,0xe2,0xff,0x76,0x81,0xe1,0xff,0x6a,0x75,0xd6,0xff,
0x6c,0x7a,0xe3,0xff,0x57,0x6a,0xe8,0xff,0x49,0x5f,0xe0,0xff,0x3f,0x60,0xe2,0xff,
0x36,0x4c,0xd2,0xff,0x30,0x3f,0xbe,0xff,0x2e,0x3e,0xc7,0xff,0x2b,0x3c,0xc5,0xff,
0x2b,0x3b,0xc5,0xff,0x2b,0x3b,0xc7,0xff,0x2b,0x3b,0xcc,0xff,0x2c,0x3d,0xd0,0xff,
0x2d,0x3e,0xd3,0xff,0x2e,0x3f,0xd5,0xff,0x31,0x42,0xd4,0xff,0x33,0x44,0xd0,0xff,
0x35,0x49,0xcf,0xff,0x37,0x58,0xdd,0xff,0x3a,0x5b,0xe0,0xff,0x35,0x4b,0xbc,0xff,
0x32,0x59,0xd0,0xff,0x31,0x56,0xe1,0xff,0x2e,0x4c,0xdd,0xff,0x33,0x50,0xdd,0xfe,
0x53,0x72,0xe7,0xff,0x7a,0x92,0xe7,0x6c,0x00,0x00,0x00,0x00,0x55,0xaa,0xff,0x03,
0x00,0x00,0x00,0x00,0x00,0x00,0x00,0x00,0xff,0xff,0xff,0x01,0x7f,0x7f,0xff,0x04,
0x00,0x00,0xff,0x01,0x99,0xa8,0xe0,0x32,0x48,0x63,0xc2,0xe9,0x36,0x4a,0xc4,0xff,
0x36,0x46,0xc5,0xfe,0x3a,0x49,0xce,0xff,0x3e,0x4e,0xc4,0xff,0x49,0x5a,0xcc,0xff,
0x57,0x67,0xe0,0xff,0x5b,0x6c,0xd0,0xff,0x63,0x73,0xd7,0xff,0x6b,0x7a,0xde,0xff,
0x73,0x7f,0xe1,0xff,0x7c,0x85,0xe8,0xff,0x82,0x8a,0xe5,0xff,0x89,0x91,0xe5,0xff,
0x90,0x97,0xea,0xff,0x94,0x9a,0xec,0xff,0xa1,0xa6,0xf0,0xff,0xbe,0xbf,0xf4,0xff,
0xd8,0xd2,0xf8,0xff,0xf1,0xe8,0xfb,0xff,0xf3,0xea,0xfc,0xff,0xdd,0xd7,0xf9,0xff,
0xcd,0xcb,0xf7,0xff,0xcd,0xcb,0xf7,0xff,0xde,0xd8,0xf9,0xff,0xe9,0xe1,0xfa,0xff,
0xea,0xe1,0xfa,0xff,0xe7,0xde,0xfa,0xff,0xdc,0xd5,0xf8,0xff,0xca,0xc8,0xf6,0xff,
0xb6,0xb8,0xf4,0xff,0xa1,0xa5,0xf1,0xff,0x8f,0x95,0xec,0xff,0x84,0x8b,0xe6,0xff,
0x7d,0x86,0xe6,0xff,0x73,0x7f,0xe1,0xff,0x62,0x71,0xd6,0xff,0x5c,0x6f,0xe7,0xff,
0x50,0x5f,0xe2,0xff,0x45,0x56,0xdb,0xff,0x3d,0x4c,0xd1,0xff,0x32,0x41,0xba,0xff,
0x30,0x40,0xc5,0xff,0x2d,0x3d,0xc6,0xff,0x2b,0x3c,0xc4,0xff,0x2a,0x3a,0xc4,0xff,
0x2a,0x3a,0xc3,0xff,0x2a,0x39,0xc2,0xff,0x29,0x39,0xc0,0xff,0x29,0x3a,0xbc,0xff,
0x2a,0x3b,0xb6,0xff,0x29,0x3c,0xaa,0xff,0x2c,0x40,0xa6,0xff,0x36,0x55,0xd7,0xff,
0x39,0x5b,0xe2,0xff,0x36,0x4c,0xc5,0xff,0x32,0x55,0xcd,0xff,0x30,0x55,0xe2,0xff,
0x2e,0x4b,0xdc,0xff,0x31,0x4e,0xdd,0xfd,0x52,0x71,0xea,0xff,0x75,0x90,0xe5,0x7a,
0x00,0x00,0x00,0x00,0x55,0x55,0xff,0x03,0x00,0x00,0x00,0x00,0x00,0x00,0xff,0x01,
0xaa,0xaa,0xff,0x03,0xaa,0xaa,0xe2,0x09,0xaa,0x8d,0xff,0x09,0xb2,0xb9,0xe9,0x46,
0x57,0x70,0xca,0xef,0x48,0x5a,0xcb,0xff,0x50,0x5c,0xce,0xfe,0x58,0x62,0xd6,0xff,
0x5f,0x69,0xcf,0xff,0x6a,0x76,0xda,0xff,0x76,0x81,0xe8,0xff,0x79,0x83,0xde,0xff,
0x7e,0x88,0xe1,0xff,0x83,0x8c,0xe5,0xff,0x88,0x90,0xea,0xff,0x8c,0x94,0xef,0xff,
0x8e,0x95,0xe8,0xff,0x93,0x98,0xe9,0xff,0x97,0x9d,0xec,0xff,0x9a,0xa0,0xee,0xff,
0x9f,0xa4,0xf0,0xff,0xb5,0xb7,0xf4,0xff,0xd4,0xd1,0xf8,0xff,0xee,0xe7,0xfb,0xff,
0xfb,0xf5,0xfd,0xff,0xee,0xe7,0xfb,0xff,0xdb,0xd6,0xf9,0xff,0xde,0xdb,0xf9,0xff,
0xed,0xe8,0xfc,0xff,0xf2,0xec,0xfc,0xff,0xef,0xe7,0xfb,0xff,0xe5,0xde,0xfa,0xff,
0xd5,0xd1,0xf8,0xff,0xc4,0xc4,0xf6,0xff,0xb3,0xb5,0xf4,0xff,0x9e,0xa3,0xf1,0xff,
0x8e,0x96,0xee,0xff,0x89,0x8f,0xeb,0xff,0x80,0x88,0xe9,0xff,0x7e,0x88,0xec,0xff,
0x6e,0x76,0xd6,0xff,0x60,0x6e,0xe1,0xff,0x58,0x66,0xe7,0xff,0x4a,0x58,0xd7,0xff,
0x3f,0x4d,0xc5,0xff,0x36,0x44,0xb7,0xff,0x2f,0x3e,0xaa,0xff,0x2b,0x3b,0xa8,0xff,
0x28,0x36,0xa5,0xff,0x26,0x35,0xa2,0xff,0x24,0x33,0xa0,0xff,0x23,0x32,0x9b,0xff,
0x21,0x30,0x97,0xff,0x21,0x31,0x91,0xff,0x21,0x33,0x8e,0xff,0x24,0x37,0x8b,0xff,
0x29,0x3c,0x94,0xff,0x37,0x52,0xd4,0xff,0x3a,0x55,0xdd,0xff,0x36,0x48,0xbd,0xff,
0x32,0x52,0xd1,0xff,0x30,0x53,0xe1,0xff,0x2e,0x4b,0xdc,0xff,0x31,0x4c,0xdd,0xfc,
0x4f,0x6e,0xec,0xff,0x73,0x8d,0xe5,0x8b,0x00,0x00,0x00,0x00,0x55,0x55,0xaa,0x03,
0x00,0x00,0x00,0x00,0xff,0xff,0xff,0x01,0xaa,0xaa,0xff,0x03,0xb9,0xb9,0xff,0x0b,
0xbf,0xaa,0xff,0x0c,0xae,0xb4,0xe4,0x55,0x5f,0x76,0xce,0xf6,0x54,0x64,0xcf,0xff,
0x61,0x6b,0xd5,0xfe,0x6f,0x76,0xdc,0xff,0x7b,0x82,0xda,0xff,0x89,0x90,0xe6,0xff,
0x97,0x9b,0xec,0xff,0x9e,0xa2,0xe8,0xff,0xa5,0xa8,0xeb,0xff,0xaa,0xab,0xee,0xff,
0xae,0xb0,0xf2,0xff,0xaf,0xb2,0xf3,0xff,0xaf,0xb0,0xef,0xff,0xb1,0xb2,0xf1,0xff,
0xb2,0xb4,0xf2,0xff,0xb2,0xb5,0xf3,0xff,0xb2,0xb5,0xf3,0xff,0xbb,0xbc,0xf5,0xff,
0xd5,0xd3,0xf8,0xff,0xed,0xea,0xfb,0xff,0xfd,0xfa,0xfe,0xff,0xfa,0xf6,0xfe,0xff,
0xed,0xe8,0xfb,0xff,0xf0,0xec,0xfc,0xff,0xf8,0xf4,0xfd,0xff,0xf8,0xf4,0xfe,0xff,
0xf2,0xec,0xfc,0xff,0xe2,0xdc,0xf9,0xff,0xcf,0xcd,0xf7,0xff,0xc0,0xc0,0xf5,0xff,
0xb3,0xb5,0xf4,0xff,0xa8,0xab,0xf3,0xff,0x99,0x9f,0xf1,0xff,0x8c,0x94,0xee,0xff,
0x85,0x8c,0xe9,0xff,0x81,0x8a,0xed,0xff,0x76,0x80,0xe0,0xff,0x65,0x70,0xd9,0xff,
0x5e,0x69,0xe6,0xff,0x51,0x5e,0xdd,0xff,0x42,0x50,0xb7,0xff,0x38,0x45,0xa6,0xff,
0x30,0x3f,0xa0,0xff,0x2b,0x3a,0x9c,0xff,0x27,0x35,0x96,0xff,0x24,0x33,0x92,0xff,
0x22,0x30,0x90,0xff,0x1f,0x2e,0x8d,0xff,0x1e,0x2d,0x8a,0xff,0x1f,0x2f,0x8b,0xff,
0x21,0x32,0x8e,0xff,0x23,0x36,0x8f,0xff,0x28,0x3c,0x94,0xff,0x35,0x49,0xc8,0xff,
0x36,0x49,0xc2,0xff,0x34,0x45,0xb6,0xff,0x34,0x52,0xd3,0xff,0x30,0x53,0xe0,0xff,
0x2e,0x4a,0xdd,0xff,0x30,0x4b,0xdd,0xfc,0x4d,0x6c,0xec,0xff,0x72,0x8c,0xe6,0x9a,
0x01,0x00,0x00,0x00,0x00,0x00,0x7f,0x02,0x00,0x00,0x00,0x00,0xff,0xff,0xff,0x01,
0xbf,0xbf,0xff,0x04,0xb0,0xb0,0xeb,0x0d,0xc8,0xb6,0xff,0x0e,0xa9,0xb1,0xe6,0x5c,
0x62,0x78,0xd0,0xf9,0x5b,0x69,0xd3,0xff,0x6a,0x72,0xd9,0xfe,0x78,0x7f,0xdf,0xff,
0x87,0x8c,0xdf,0xff,0x97,0x9b,0xe8,0xff,0xa4,0xa6,0xec,0xff,0xb0,0xb1,0xed,0xff,
0xb8,0xb7,0xf0,0xff,0xbf,0xbc,0xf2,0xff,0xc4,0xc1,0xf6,0xff,0xc6,0xc3,0xf5,0xff,
0xc9,0xc6,0xf5,0xff,0xcd,0xca,0xf6,0xff,0xcf,0xcc,0xf7,0xff,0xd1,0xce,0xf7,0xff,
0xd3,0xd0,0xf8,0xff,0xd6,0xd3,0xf8,0xff,0xe1,0xdf,0xfa,0xff,0xf3,0xef,0xfd,0xff,
0xfd,0xfc,0xff,0xff,0xff,0xfe,0xff,0xff,0xfc,0xfa,0xff,0xff,0xfc,0xf9,0xff,0xff,
0xfd,0xfc,0xff,0xff,0xfc,0xf9,0xff,0xff,0xf1,0xed,0xfc,0xff,0xdf,0xdb,0xf9,0xff,
0xcc,0xcb,0xf7,0xff,0xc1,0xc1,0xf6,0xff,0xbb,0xbc,0xf5,0xff,0xb9,0xba,0xf5,0xff,
0xb4,0xb6,0xf4,0xff,0xa5,0xaa,0xf2,0xff,0xa0,0xa3,0xee,0xff,0x98,0x9e,0xed,0xff,
0x92,0x9b,0xeb,0xff,0x87,0x8e,0xe0,0xff,0x7f,0x85,0xe5,0xff,0x75,0x7d,0xe7,0xff,
0x67,0x70,0xc6,0xff,0x5b,0x65,0xb4,0xff,0x54,0x5d,0xb5,0xff,0x4c,0x56,0xaf,0xff,
0x44,0x4f,0xa7,0xff,0x3d,0x49,0xa1,0xff,0x36,0x42,0x9b,0xff,0x30,0x3d,0x95,0xff,
0x2b,0x39,0x8f,0xff,0x26,0x36,0x8b,0xff,0x25,0x36,0x8a,0xff,0x23,0x37,0x82,0xff,
0x28,0x3d,0x90,0xff,0x35,0x47,0xc3,0xff,0x36,0x48,0xc1,0xff,0x35,0x46,0xbd,0xff,
0x32,0x50,0xd5,0xff,0x2f,0x4f,0xdf,0xff,0x2e,0x48,0xdc,0xff,0x30,0x4a,0xdd,0xfc,
0x4a,0x68,0xeb,0xff,0x72,0x8e,0xe5,0xa7,0xff,0xff,0xff,0x01,0x00,0x00,0x00,0x00,
0x00,0x00,0x00,0x00,0xff,0xff,0xff,0x01,0x99,0x99,0xff,0x05,0xb0,0xb0,0xeb,0x0d,
0xd7,0xc4,0xff,0x0d,0x9b,0xa5,0xe0,0x64,0x62,0x78,0xd1,0xfe,0x5d,0x6b,0xd3,0xff,
0x6d,0x75,0xda,0xfe,0x7d,0x83,0xe1,0xff,0x8c,0x90,0xe2,0xff,0x9d,0xa0,0xe7,0xff,
0xac,0xac,0xec,0xff,0xb9,0xb7,0xef,0xff,0xc2,0xbf,0xf2,0xff,0xca,0xc5,0xf5,0xff,
0xd1,0xcb,0xf7,0xff,0xd6,0xcf,0xf7,0xff,0xdc,0xd4,0xf8,0xff,0xe3,0xdb,0xf9,0xff,
0xe8,0xe0,0xfa,0xff,0xeb,0xe4,0xfb,0xff,0xed,0xe8,0xfb,0xff,0xef,0xeb,0xfc,0xff,
0xf4,0xf0,0xfd,0xff,0xfb,0xf8,0xfe,0xff,0xfe,0xfd,0xff,0xff,0xff,0xff,0xff,0xff,
0xff,0xff,0xff,0xff,0xff,0xff,0xff,0xff,0xff,0xfe,0xff,0xff,0xfe,0xfc,0xff,0xff,
0xf5,0xf1,0xfd,0xff,0xe4,0xe1,0xfa,0xff,0xd7,0xd5,0xf8,0xff,0xd2,0xcf,0xf7,0xff,
0xcd,0xcb,0xf7,0xff,0xca,0xc9,0xf7,0xff,0xc6,0xc5,0xf6,0xff,0xbb,0xbc,0xf5,0xff,
0xb5,0xb6,0xf2,0xff,0xaf,0xb1,0xf0,0xff,0xaa,0xac,0xee,0xff,0xa3,0xa6,0xe9,0xff,
0x9c,0x9f,0xe8,0xff,0x96,0x9a,0xed,0xff,0x8d,0x92,0xdd,0xff,0x82,0x88,0xcc,0xff,
0x7b,0x81,0xc6,0xff,0x73,0x7a,0xbf,0xff,0x6a,0x72,0xb7,0xff,0x61,0x69,0xaf,0xff,
0x58,0x60,0xa7,0xff,0x4f,0x59,0x9e,0xff,0x47,0x51,0x97,0xff,0x3f,0x4b,0x91,0xff,
0x38,0x47,0x89,0xff,0x33,0x45,0x86,0xff,0x3b,0x4c,0xb8,0xff,0x41,0x50,0xce,0xff,
0x3e,0x4f,0xc7,0xff,0x3b,0x4b,0xc3,0xff,0x35,0x52,0xd8,0xff,0x30,0x4d,0xde,0xff,
0x30,0x48,0xdd,0xff,0x31,0x4a,0xdd,0xfc,0x48,0x65,0xea,0xff,0x6f,0x8a,0xe4,0xb4,
0xff,0xff,0xff,0x05,0x00,0x00,0x00,0x00,0x00,0x00,0x00,0x00,0xff,0xff,0xff,0x01,
0xbf,0xbf,0xff,0x04,0x9c,0xb0,0xeb,0x0d,0xe9,0xd4,0xff,0x0c,0x92,0x9e,0xdf,0x6a,
0x61,0x78,0xd5,0xff,0x5e,0x6c,0xd4,0xfe,0x6d,0x76,0xdb,0xff,0x7e,0x84,0xe2,0xff,
0x8d,0x92,0xe5,0xff,0x9d,0xa1,0xe6,0xff,0xae,0xae,0xec,0xff,0xbb,0xb8,0xf0,0xff,
0xc5,0xc1,0xf2,0xff,0xcc,0xc7,0xf5,0xff,0xd6,0xcf,0xf7,0xff,0xde,0xd6,0xf9,0xff,
0xe5,0xdc,0xf9,0xff,0xee,0xe5,0xfb,0xff,0xf5,0xed,0xfc,0xff,0xf9,0xf3,0xfd,0xff,
0xfb,0xf7,0xfe,0xff,0xfd,0xfa,0xff,0xff,0xfe,0xfc,0xff,0xff,0xfe,0xfe,0xff,0xff,
0xff,0xff,0xff,0xff,0xff,0xff,0xff,0xff,0xff,0xff,0xff,0xff,0xff,0xff,0xff,0xff,
0xff,0xff,0xff,0xff,0xff,0xfe,0xff,0xff,0xfd,0xfa,0xff,0xff,0xf7,0xf4,0xfd,0xff,
0xf1,0xee,0xfc,0xff,0xec,0xe8,0xfb,0xff,0xe6,0xe1,0xfa,0xff,0xe0,0xdb,0xf9,0xff,
0xd7,0xd1,0xf8,0xff,0xce,0xc9,0xf6,0xff,0xc6,0xc3,0xf4,0xff,0xbd,0xbc,0xf2,0xff,
0xb7,0xb6,0xf0,0xff,0xb0,0xb1,0xed,0xff,0xaa,0xab,0xeb,0xff,0xa3,0xa5,0xee,0xff,
0x9b,0x9e,0xe6,0xff,0x92,0x96,0xd3,0xff,0x8b,0x90,0xcc,0xff,0x84,0x8a,0xc6,0xff,
0x7d,0x83,0xbf,0xff,0x74,0x7b,0xb7,0xff,0x6c,0x73,0xb0,0xff,0x63,0x6b,0xa7,0xff,
0x59,0x63,0xa0,0xff,0x50,0x5b,0x96,0xff,0x48,0x55,0x8f,0xff,0x4a,0x58,0xb5,0xff,
0x4e,0x59,0xd7,0xff,0x4a,0x58,0xd0,0xff,0x46,0x54,0xca,0xff,0x41,0x51,0xc7,0xff,
0x3a,0x56,0xdc,0xff,0x33,0x4e,0xde,0xff,0x32,0x4a,0xdd,0xff,0x33,0x4a,0xdc,0xfd,
0x46,0x62,0xe8,0xff,0x6c,0x87,0xe4,0xbe,0xff,0xff,0xe7,0x0b,0x00,0x00,0x00,0x00,
0x00,0x00,0x00,0x00,0x00,0x00,0xff,0x01,0x7f,0x7f,0xff,0x04,0xa2,0xa2,0xff,0x0b,
0xff,0xe5,0xff,0x0a,0x89,0x9b,0xdf,0x71,0x60,0x79,0xd9,0xff,0x5d,0x6b,0xd5,0xfe,
0x6c,0x75,0xdc,0xff,0x7d,0x83,0xe2,0xff,0x8c,0x91,0xe6,0xff,0x9b,0xa0,0xe6,0xff,
0xac,0xad,0xeb,0xff,0xb9,0xb8,0xf0,0xff,0xc3,0xc0,0xf2,0xff,0xcb,0xc6,0xf4,0xff,
0xd5,0xcf,0xf7,0xff,0xde,0xd7,0xf9,0xff,0xe4,0xdd,0xf9,0xff,0xec,0xe5,0xfb,0xff,
0xf5,0xed,0xfc,0xff,0xfa,0xf5,0xfe,0xff,0xfd,0xfb,0xfe,0xff,0xfe,0xfd,0xff,0xff,
0xfe,0xfd,0xff,0xff,0xff,0xff,0xff,0xff,0xff,0xff,0xff,0xff,0xff,0xff,0xff,0xff,
0xff,0xff,0xff,0xff,0xff,0xff,0xff,0xff,0xff,0xff,0xff,0xff,0xff,0xff,0xff,0xff,
0xfe,0xfe,0xff,0xff,0xfe,0xfc,0xff,0xff,0xfc,0xfa,0xfe,0xff,0xf9,0xf5,0xfe,0xff,
0xf5,0xf0,0xfd,0xff,0xee,0xe7,0xfb,0xff,0xe4,0xdc,0xf9,0xff,0xdd,0xd4,0xf8,0xff,
0xd4,0xcd,0xf6,0xff,0xc9,0xc5,0xf5,0xff,0xc0,0xbd,0xf2,0xff,0xba,0xb8,0xef,0xff,
0xb2,0xb2,0xed,0xff,0xac,0xad,0xee,0xff,0xa5,0xa6,0xea,0xff,0x9b,0x9e,0xd8,0xff,
0x95,0x99,0xd3,0xff,0x8e,0x92,0xcc,0xff,0x87,0x8c,0xc7,0xff,0x80,0x85,0xc0,0xff,
0x77,0x7d,0xb8,0xff,0x6f,0x76,0xb1,0xff,0x66,0x6e,0xa7,0xff,0x5d,0x66,0xa6,0xff,
0x5c,0x65,0xc3,0xff,0x5c,0x65,0xdb,0xff,0x57,0x62,0xd8,0xff,0x52,0x5f,0xd3,0xff,
0x4d,0x59,0xcc,0xff,0x47,0x57,0xcc,0xff,0x3d,0x5a,0xe0,0xff,0x37,0x50,0xdf,0xff,
0x35,0x4b,0xdd,0xff,0x34,0x4a,0xdc,0xfd,0x45,0x60,0xe6,0xff,0x6a,0x85,0xe4,0xcb,
0xc6,0xd4,0xf0,0x12,0x00,0x00,0x00,0x00,0x00,0x00,0x00,0x00,0x00,0x00,0xff,0x01,
0xaa,0xaa,0xff,0x03,0x99,0x99,0xff,0x0a,0xff,0xff,0xff,0x08,0x87,0x9c,0xe0,0x7c,
0x5d,0x78,0xde,0xff,0x59,0x68,0xd5,0xfd,0x68,0x72,0xdd,0xff,0x78,0x7f,0xe1,0xff,
0x88,0x8e,0xe7,0xff,0x97,0x9d,0xe6,0xff,0xa6,0xa8,0xe9,0xff,0xb2,0xb4,0xef,0xff,
0xbd,0xbc,0xf2,0xff,0xc6,0xc3,0xf4,0xff,0xd0,0xcb,0xf7,0xff,0xd8,0xd4,0xf8,0xff,
0xdc,0xd7,0xf8,0xff,0xe0,0xda,0xf9,0xff,0xe6,0xe0,0xfa,0xff,0xee,0xe8,0xfc,0xff,
0xf5,0xf0,0xfd,0xff,0xfa,0xf8,0xfe,0xff,0xfd,0xfc,0xff,0xff,0xfe,0xfd,0xff,0xff,
0xff,0xff,0xff,0xff,0xff,0xff,0xff,0xff,0xff,0xff,0xff,0xff,0xff,0xff,0xff,0xff,
0xff,0xff,0xff,0xff,0xff,0xff,0xff,0xff,0xff,0xfe,0xff,0xff,0xfe,0xfd,0xff,0xff,
0xfd,0xfb,0xff,0xff,0xfa,0xf7,0xfe,0xff,0xf5,0xf1,0xfd,0xff,0xf0,0xea,0xfc,0xff,
0xe8,0xdf,0xfa,0xff,0xdf,0xd6,0xf8,0xff,0xd7,0xce,0xf7,0xff,0xce,0xc7,0xf5,0xff,
0xc5,0xc1,0xf4,0xff,0xbd,0xbb,0xf0,0xff,0xb6,0xb4,0xed,0xff,0xb0,0xb0,0xef,0xff,
0xa9,0xa9,0xec,0xff,0x9f,0xa1,0xdc,0xff,0x98,0x9c,0xd7,0xff,0x92,0x96,0xd2,0xff,
0x8b,0x90,0xcb,0xff,0x84,0x89,0xc3,0xff,0x7c,0x81,0xbc,0xff,0x75,0x7b,0xb9,0xff,
0x70,0x76,0xc1,0xff,0x6b,0x73,0xd6,0xff,0x67,0x6f,0xe2,0xff,0x62,0x6a,0xdd,0xff,
0x5e,0x67,0xd9,0xff,0x59,0x63,0xd4,0xff,0x53,0x5e,0xcb,0xff,0x4b,0x5d,0xd1,0xff,
0x42,0x5d,0xe2,0xff,0x3c,0x52,0xdf,0xff,0x37,0x4c,0xde,0xff,0x35,0x4a,0xdc,0xfd,
0x43,0x5c,0xe4,0xff,0x67,0x81,0xe3,0xd9,0xa0,0xb3,0xec,0x1b,0x00,0x00,0x00,0x00,
0x00,0x00,0x00,0x00,0x00,0x00,0x00,0x00,0x7f,0x7f,0xff,0x02,0x7f,0x7f,0xdf,0x08,
0xff,0xff,0xff,0x04,0x84,0x98,0xdf,0x81,0x59,0x75,0xdf,0xff,0x53,0x63,0xd6,0xfc,
0x5f,0x6a,0xdb,0xff,0x6e,0x76,0xe0,0xff,0x7d,0x85,0xe6,0xff,0x8c,0x95,0xe6,0xff,
0x9a,0xa0,0xe7,0xff,0xa7,0xab,0xed,0xff,0xb2,0xb3,0xf0,0xff,0xbb,0xba,0xf2,0xff,
0xc5,0xc2,0xf5,0xff,0xd0,0xcc,0xf7,0xff,0xd1,0xce,0xf7,0xff,0xd3,0xd0,0xf8,0xff,
0xd6,0xd2,0xf8,0xff,0xdb,0xd7,0xf8,0xff,0xe0,0xdc,0xf9,0xff,0xe7,0xe4,0xfb,0xff,
0xf0,0xed,0xfc,0xff,0xf8,0xf6,0xfe,0xff,0xfe,0xfe,0xff,0xff,0xff,0xff,0xff,0xff,
0xff,0xff,0xff,0xff,0xff,0xff,0xff,0xff,0xff,0xff,0xff,0xff,0xff,0xff,0xff,0xff,
0xfd,0xfc,0xff,0xff,0xfb,0xf9,0xfe,0xff,0xf6,0xf4,0xfd,0xff,0xf2,0xef,0xfc,0xff,
0xed,0xe9,0xfb,0xff,0xe6,0xe2,0xfa,0xff,0xdf,0xda,0xf9,0xff,0xd7,0xd1,0xf8,0xff,
0xd1,0xca,0xf6,0xff,0xca,0xc5,0xf5,0xff,0xc2,0xbf,0xf3,0xff,0xbc,0xb9,0xf1,0xff,
0xb5,0xb4,0xed,0xff,0xaf,0xae,0xee,0xff,0xa8,0xa9,0xed,0xff,0x9f,0xa2,0xdd,0xff,
0x98,0x9c,0xd7,0xff,0x92,0x96,0xd2,0xff,0x8c,0x91,0xcf,0xff,0x87,0x8b,0xd3,0xff,
0x82,0x86,0xd8,0xff,0x7b,0x7f,0xdd,0xff,0x75,0x7a,0xe3,0xff,0x6e,0x74,0xe3,0xff,
0x68,0x6f,0xdf,0xff,0x64,0x6b,0xdd,0xff,0x60,0x69,0xd9,0xff,0x5b,0x65,0xd2,0xff,
0x55,0x5f,0xc8,0xff,0x4e,0x62,0xd9,0xff,0x46,0x5d,0xe1,0xff,0x3e,0x52,0xdf,0xff,
0x39,0x4c,0xdf,0xff,0x37,0x4a,0xdc,0xfe,0x42,0x59,0xe2,0xff,0x62,0x7c,0xe3,0xe4,
0x8b,0xa2,0xe7,0x21,0x00,0x00,0x00,0x00,0x00,0x00,0x00,0x00,0x00,0x00,0x00,0x00,
0xff,0xff,0xff,0x01,0x55,0x7f,0xd4,0x06,0xff,0xff,0xff,0x01,0x81,0x94,0xdf,0x88,
0x53,0x6f,0xe0,0xff,0x4a,0x5b,0xd4,0xfc,0x52,0x5f,0xd9,0xff,0x5d,0x68,0xde,0xff,
0x6b,0x75,0xe3,0xff,0x78,0x84,0xe5,0xff,0x87,0x8f,0xe4,0xff,0x93,0x9a,0xe8,0xff,
0x9e,0xa3,0xed,0xff,0xa6,0xaa,0xef,0xff,0xb2,0xb3,0xf2,0xff,0xc1,0xc0,0xf5,0xff,
0xc4,0xc3,0xf6,0xff,0xc6,0xc4,0xf6,0xff,0xc8,0xc7,0xf7,0xff,0xc9,0xc8,0xf6,0xff,
0xcc,0xcb,0xf7,0xff,0xd4,0xd2,0xf8,0xff,0xdf,0xdd,0xf9,0xff,0xf0,0xee,0xfc,0xff,
0xfd,0xfd,0xff,0xff,0xff,0xff,0xff,0xff,0xff,0xff,0xff,0xff,0xff,0xff,0xff,0xff,
0xff,0xff,0xff,0xff,0xfd,0xfc,0xff,0xff,0xf1,0xf0,0xfd,0xff,0xe6,0xe5,0xfb,0xff,
0xe3,0xe1,0xfa,0xff,0xe0,0xde,0xfa,0xff,0xdc,0xda,0xf9,0xff,0xd6,0xd3,0xf8,0xff,
0xd0,0xce,0xf7,0xff,0xca,0xc8,0xf6,0xff,0xc5,0xc2,0xf5,0xff,0xbf,0xbd,0xf3,0xff,
0xb9,0xb8,0xf1,0xff,0xb4,0xb3,0xef,0xff,0xae,0xae,0xeb,0xff,0xa9,0xaa,0xec,0xff,
0xa4,0xa5,0xed,0xff,0x9c,0x9e,0xdc,0xff,0x94,0x98,0xd4,0xff,0x8f,0x93,0xd0,0xff,
0x88,0x8d,0xcb,0xff,0x84,0x88,0xd2,0xff,0x80,0x84,0xdf,0xff,0x79,0x7e,0xe7,0xff,
0x73,0x78,0xe6,0xff,0x6b,0x71,0xe1,0xff,0x64,0x6c,0xde,0xff,0x61,0x69,0xdb,0xff,
0x5c,0x66,0xd5,0xff,0x58,0x62,0xcc,0xff,0x52,0x5f,0xc8,0xff,0x4e,0x63,0xdf,0xff,
0x47,0x5c,0xe0,0xff,0x3e,0x52,0xdf,0xff,0x39,0x4c,0xde,0xff,0x38,0x4a,0xdc,0xfe,
0x41,0x57,0xe1,0xff,0x5d,0x78,0xe1,0xed,0x88,0xa1,0xec,0x29,0x00,0x00,0x00,0x00,
0x00,0x00,0x00,0x00,0x00,0x00,0x00,0x00,0x00,0x00,0xff,0x01,0x00,0x3f,0xbf,0x04,
0x04,0x01,0x00,0x00,0x7a,0x8e,0xe0,0x8c,0x4c,0x6b,0xe0,0xff,0x42,0x55,0xd4,0xfc,
0x45,0x54,0xd8,0xff,0x4d,0x5a,0xdb,0xff,0x57,0x64,0xe0,0xff,0x63,0x73,0xe4,0xff,
0x70,0x80,0xe6,0xff,0x7c,0x86,0xe5,0xff,0x86,0x8f,0xe8,0xff,0x90,0x97,0xeb,0xff,
0x98,0x9e,0xed,0xff,0xa9,0xad,0xf3,0xff,0xb3,0xb4,0xf4,0xff,0xb3,0xb5,0xf4,0xff,
0xb4,0xb6,0xf4,0xff,0xb5,0xb7,0xf4,0xff,0xbd,0xbe,0xf5,0xff,0xc9,0xc8,0xf6,0xff,
0xd5,0xd4,0xf8,0xff,0xed,0xec,0xfc,0xff,0xfc,0xfb,0xff,0xff,0xfe,0xfe,0xff,0xff,
0xff,0xfe,0xff,0xff,0xff,0xff,0xff,0xff,0xff,0xfe,0xff,0xff,0xf5,0xf4,0xfd,0xff,
0xdc,0xdc,0xf9,0xff,0xc2,0xc4,0xf6,0xff,0xba,0xbc,0xf5,0xff,0xba,0xbc,0xf5,0xff,
0xba,0xbc,0xf5,0xff,0xb7,0xba,0xf5,0xff,0xb6,0xb9,0xf4,0xff,0xb3,0xb5,0xf4,0xff,
0xaf,0xb0,0xf2,0xff,0xab,0xac,0xef,0xff,0xa7,0xaa,0xee,0xff,0xa3,0xa6,0xeb,0xff,
0x9e,0xa1,0xe6,0xff,0x9b,0x9e,0xe9,0xff,0x97,0x9b,0xe9,0xff,0x8f,0x94,0xd5,0xff,
0x88,0x8d,0xcd,0xff,0x83,0x89,0xc9,0xff,0x7d,0x82,0xc1,0xff,0x76,0x7d,0xba,0xff,
0x70,0x76,0xb5,0xff,0x6a,0x71,0xba,0xff,0x66,0x6d,0xcf,0xff,0x62,0x69,0xdf,0xff,
0x5c,0x64,0xd9,0xff,0x58,0x61,0xd4,0xff,0x54,0x5f,0xce,0xff,0x50,0x5b,0xc1,0xff,
0x4e,0x5f,0xd1,0xff,0x4c,0x61,0xe2,0xff,0x46,0x59,0xdf,0xff,0x3e,0x51,0xdf,0xff,
0x3b,0x4c,0xdf,0xff,0x38,0x4a,0xdd,0xfe,0x41,0x55,0xdf,0xff,0x5b,0x74,0xe1,0xfb,
0x8a,0xa1,0xe8,0x39,0x00,0x00,0x00,0x00,0x00,0x00,0x00,0x00,0x00,0x00,0x00,0x00,
0x00,0x00,0xff,0x01,0x00,0x00,0xaa,0x03,0x03,0x01,0x00,0x00,0x74,0x8c,0xde,0x95,
0x4c,0x6a,0xe1,0xff,0x3f,0x52,0xd5,0xfc,0x40,0x51,0xd8,0xff,0x47,0x56,0xdc,0xff,
0x50,0x5d,0xdf,0xff,0x5b,0x6a,0xe2,0xff,0x66,0x7c,0xe8,0xff,0x72,0x81,0xe9,0xff,
0x7c,0x86,0xe6,0xff,0x85,0x8e,0xe9,0xff,0x8b,0x93,0xea,0xff,0x9a,0xa0,0xef,0xff,
0xa9,0xac,0xf3,0xff,0xa9,0xad,0xf3,0xff,0xa9,0xad,0xf3,0xff,0xae,0xb1,0xf4,0xff,
0xbe,0xbf,0xf5,0xff,0xc7,0xc7,0xf6,0xff,0xd4,0xd4,0xf8,0xff,0xeb,0xea,0xfc,0xff,
0xf7,0xf6,0xfe,0xff,0xf8,0xf8,0xfe,0xff,0xf9,0xf8,0xfe,0xff,0xfc,0xfb,0xff,0xff,
0xfe,0xfc,0xff,0xff,0xf5,0xf3,0xfd,0xff,0xda,0xd9,0xf9,0xff,0xba,0xbc,0xf5,0xff,
0xa6,0xaa,0xf3,0xff,0xa2,0xa7,0xf2,0xff,0xa0,0xa5,0xf2,0xff,0x9b,0xa2,0xf1,0xff,
0x98,0xa0,0xf0,0xff,0x96,0x9d,0xf0,0xff,0x91,0x97,0xec,0xff,0x8b,0x91,0xe9,0xff,
0x87,0x8e,0xe6,0xff,0x82,0x89,0xe2,0xff,0x7e,0x85,0xd8,0xff,0x7b,0x82,0xe1,0xff,
0x78,0x7e,0xdd,0xff,0x6f,0x77,0xbf,0xff,0x6a,0x73,0xba,0xff,0x66,0x6e,0xb4,0xff,
0x61,0x69,0xae,0xff,0x5d,0x65,0xa9,0xff,0x56,0x5f,0xa1,0xff,0x52,0x5a,0x99,0xff,
0x4c,0x55,0x94,0xff,0x4b,0x55,0xb2,0xff,0x4c,0x56,0xce,0xff,0x48,0x54,0xc9,0xff,
0x47,0x52,0xbf,0xff,0x46,0x54,0xc0,0xff,0x47,0x5d,0xdf,0xff,0x46,0x5b,0xdf,0xff,
0x41,0x54,0xdf,0xff,0x3d,0x4e,0xde,0xff,0x3a,0x4a,0xde,0xff,0x39,0x48,0xdc,0xff,
0x40,0x53,0xde,0xff,0x5a,0x74,0xe3,0xff,0x8c,0xa1,0xe5,0x47,0x00,0x00,0x00,0x00,
0x00,0x00,0x00,0x00,0x00,0x00,0x00,0x00,0x00,0x00,0x00,0x00,0x00,0x00,0xff,0x02,
0x05,0x03,0x00,0x00,0x78,0x90,0xe3,0x9b,0x4c,0x6a,0xe2,0xff,0x42,0x53,0xd7,0xfc,
0x41,0x51,0xd9,0xff,0x46,0x55,0xdb,0xff,0x4f,0x5d,0xdf,0xff,0x59,0x66,0xe2,0xff,
0x68,0x77,0xe9,0xff,0x74,0x83,0xec,0xff,0x7a,0x85,0xe8,0xff,0x84,0x8e,0xe8,0xff,
0x8b,0x93,0xea,0xff,0x94,0x9a,0xed,0xff,0xa6,0xaa,0xf3,0xff,0xa9,0xad,0xf3,0xff,
0xaa,0xad,0xf3,0xff,0xb6,0xb8,0xf5,0xff,0xc3,0xc4,0xf6,0xff,0xc8,0xc8,0xf6,0xff,
0xd4,0xd3,0xf8,0xff,0xe4,0xe4,0xfb,0xff,0xed,0xec,0xfc,0xff,0xec,0xed,0xfc,0xff,
0xec,0xea,0xfc,0xff,0xf3,0xef,0xfd,0xff,0xfb,0xf7,0xfe,0xff,0xf7,0xf3,0xfd,0xff,
0xe1,0xdd,0xfa,0xff,0xc4,0xc4,0xf6,0xff,0xa8,0xad,0xf3,0xff,0xa1,0xa6,0xf2,0xff,
0x9d,0xa4,0xf2,0xff,0x96,0x9f,0xf1,0xff,0x8e,0x98,0xf0,0xff,0x85,0x8e,0xed,0xff,
0x7a,0x83,0xe6,0xff,0x72,0x7b,0xe2,0xff,0x6a,0x73,0xde,0xff,0x62,0x6c,0xd6,0xff,
0x5b,0x66,0xc9,0xff,0x59,0x64,0xd6,0xff,0x54,0x5f,0xcd,0xff,0x4a,0x57,0xa6,0xff,
0x47,0x54,0xa4,0xff,0x42,0x4f,0x9d,0xff,0x3f,0x4b,0x97,0xff,0x3c,0x48,0x91,0xff,
0x38,0x44,0x8b,0xff,0x35,0x41,0x86,0xff,0x31,0x3e,0x81,0xff,0x2e,0x3b,0x7b,0xff,
0x34,0x41,0xa8,0xff,0x38,0x45,0xc0,0xff,0x37,0x44,0xb1,0xff,0x3b,0x4f,0xd2,0xff,
0x3e,0x54,0xe0,0xff,0x3e,0x53,0xdd,0xff,0x3b,0x4e,0xdd,0xff,0x39,0x4a,0xdd,0xff,
0x37,0x47,0xdc,0xff,0x36,0x45,0xdc,0xff,0x3f,0x51,0xdc,0xfe,0x59,0x74,0xe7,0xff,
0x8a,0x9f,0xe7,0x55,0x00,0x00,0x00,0x00,0x00,0x00,0x00,0x00,0x00,0x00,0x00,0x00,
0x00,0x00,0x00,0x01,0x00,0x00,0xff,0x01,0xff,0xff,0xff,0x01,0x7f,0x94,0xe3,0xa8,
0x4d,0x69,0xe3,0xff,0x42,0x53,0xd7,0xfd,0x40,0x50,0xda,0xff,0x44,0x53,0xdb,0xff,
0x4c,0x5a,0xde,0xff,0x57,0x64,0xe2,0xff,0x67,0x74,0xe6,0xff,0x78,0x85,0xed,0xff,
0x78,0x84,0xea,0xff,0x82,0x8b,0xe8,0xff,0x8b,0x92,0xea,0xff,0x90,0x98,0xeb,0xff,
0xa0,0xa5,0xf1,0xff,0xa9,0xad,0xf3,0xff,0xaf,0xb3,0xf3,0xff,0xbf,0xbf,0xf6,0xff,
0xc5,0xc5,0xf6,0xff,0xc9,0xc9,0xf7,0xff,0xcf,0xce,0xf7,0xff,0xd8,0xd8,0xf9,0xff,
0xdf,0xdf,0xfa,0xff,0xdd,0xdd,0xfa,0xff,0xd9,0xd9,0xf9,0xff,0xe1,0xde,0xfa,0xff,
0xf0,0xea,0xfc,0xff,0xf5,0xee,0xfc,0xff,0xe5,0xe0,0xfa,0xff,0xce,0xcc,0xf7,0xff,
0xb3,0xb6,0xf4,0xff,0xa0,0xa6,0xf2,0xff,0x9c,0xa2,0xf2,0xff,0x94,0x9c,0xf0,0xff,
0x8a,0x94,0xef,0xff,0x7e,0x86,0xea,0xff,0x71,0x7a,0xe1,0xff,0x65,0x6f,0xdd,0xff,
0x5c,0x66,0xd7,0xff,0x54,0x60,0xd4,0xff,0x4b,0x57,0xbe,0xff,0x48,0x55,0xcf,0xff,
0x42,0x4f,0xbd,0xff,0x39,0x47,0x99,0xff,0x36,0x44,0x9a,0xff,0x31,0x40,0x94,0xff,
0x2d,0x3b,0x8f,0xff,0x29,0x37,0x88,0xff,0x25,0x33,0x7f,0xff,0x22,0x2f,0x78,0xff,
0x1f,0x2c,0x72,0xff,0x1d,0x2b,0x69,0xff,0x22,0x30,0x86,0xff,0x2a,0x37,0xae,0xff,
0x2f,0x42,0xc3,0xff,0x36,0x4c,0xdf,0xff,0x36,0x4a,0xdb,0xff,0x38,0x4b,0xdc,0xff,
0x36,0x49,0xdc,0xff,0x36,0x46,0xdb,0xff,0x34,0x44,0xdb,0xff,0x35,0x44,0xdb,0xff,
0x3e,0x4e,0xdc,0xfe,0x58,0x72,0xe7,0xff,0x86,0x9b,0xe9,0x5f,0x00,0x00,0x00,0x00,
0x00,0x00,0x00,0x00,0x00,0x00,0x00,0x00,0x00,0x00,0x00,0x01,0x00,0x00,0x00,0x00,
0xff,0xff,0xff,0x01,0x80,0x97,0xe6,0xaf,0x4e,0x6a,0xe4,0xff,0x44,0x54,0xd8,0xfd,
0x41,0x50,0xda,0xff,0x43,0x51,0xdb,0xff,0x4a,0x58,0xde,0xff,0x55,0x62,0xe2,0xff,
0x61,0x6e,0xe5,0xff,0x6f,0x7f,0xeb,0xff,0x77,0x84,0xeb,0xff,0x7f,0x88,0xe8,0xff,
0x89,0x91,0xea,0xff,0x8f,0x96,0xeb,0xff,0x97,0x9d,0xee,0xff,0xa9,0xac,0xf3,0xff,
0xb9,0xbb,0xf5,0xff,0xc3,0xc3,0xf6,0xff,0xc7,0xc7,0xf6,0xff,0xca,0xca,0xf7,0xff,
0xcb,0xcb,0xf7,0xff,0xce,0xce,0xf7,0xff,0xd2,0xd1,0xf8,0xff,0xd1,0xd1,0xf8,0xff,
0xcc,0xcc,0xf7,0xff,0xd0,0xce,0xf7,0xff,0xe1,0xdb,0xf9,0xff,0xee,0xe6,0xfb,0xff,
0xe9,0xe1,0xfa,0xff,0xd7,0xd2,0xf8,0xff,0xc0,0xc0,0xf5,0xff,0xa2,0xa9,0xf2,0xff,
0x98,0xa0,0xf1,0xff,0x8f,0x99,0xf0,0xff,0x83,0x8e,0xee,0xff,0x74,0x7d,0xe5,0xff,
0x65,0x70,0xdd,0xff,0x59,0x64,0xd5,0xff,0x4f,0x5c,0xd3,0xff,0x47,0x57,0xd0,0xff,
0x3d,0x4b,0xae,0xff,0x3e,0x4c,0xce,0xff,0x36,0x45,0xaa,0xff,0x31,0x41,0x93,0xff,
0x30,0x3f,0x97,0xff,0x2d,0x3c,0x93,0xff,0x2a,0x39,0x8f,0xff,0x26,0x33,0x85,0xff,
0x22,0x2f,0x7c,0xff,0x1f,0x2c,0x76,0xff,0x1c,0x29,0x72,0xff,0x19,0x27,0x68,0xff,
0x1e,0x2c,0x85,0xff,0x2a,0x3b,0xc3,0xff,0x30,0x47,0xdd,0xff,0x33,0x47,0xdc,0xff,
0x34,0x48,0xdb,0xff,0x35,0x48,0xdb,0xff,0x36,0x47,0xdb,0xff,0x35,0x46,0xdb,0xff,
0x35,0x45,0xdb,0xff,0x36,0x45,0xdb,0xff,0x3f,0x4e,0xdb,0xfe,0x58,0x72,0xe8,0xff,
0x80,0x97,0xe5,0x6f,0x00,0x00,0x00,0x00,0x00,0x00,0x00,0x00,0x00,0x00,0x00,0x00,
0x00,0x00,0x00,0x01,0x00,0x00,0x00,0x00,0xff,0xff,0xff,0x02,0x7f,0x94,0xe3,0xb8,
0x52,0x6b,0xe4,0xff,0x44,0x54,0xd8,0xfd,0x41,0x4f,0xd9,0xff,0x42,0x50,0xda,0xff,
0x48,0x55,0xdd,0xff,0x52,0x5f,0xe0,0xff,0x5e,0x6a,0xe5,0xff,0x68,0x79,0xe8,0xff,
0x72,0x82,0xe9,0xff,0x7d,0x85,0xe7,0xff,0x86,0x8e,0xe9,0xff,0x8f,0x95,0xeb,0xff,
0x93,0x99,0xec,0xff,0xa9,0xac,0xf2,0xff,0xc0,0xc1,0xf6,0xff,0xc5,0xc5,0xf6,0xff,
0xc9,0xc9,0xf7,0xff,0xca,0xca,0xf7,0xff,0xca,0xca,0xf7,0xff,0xcb,0xcb,0xf7,0xff,
0xcb,0xcb,0xf7,0xff,0xc9,0xc9,0xf7,0xff,0xc2,0xc3,0xf6,0xff,0xc5,0xc4,0xf6,0xff,
0xd6,0xd2,0xf8,0xff,0xe7,0xdf,0xfa,0xff,0xea,0xe2,0xfa,0xff,0xde,0xd8,0xf9,0xff,
0xc9,0xc8,0xf6,0xff,0xa9,0xaf,0xf3,0xff,0x95,0x9e,0xf1,0xff,0x8b,0x96,0xf0,0xff,
0x7c,0x85,0xea,0xff,0x6c,0x74,0xe2,0xff,0x5c,0x66,0xde,0xff,0x4c,0x58,0xcc,0xff,
0x43,0x53,0xd6,0xff,0x3a,0x4d,0xc4,0xff,0x31,0x3f,0xa7,0xff,0x32,0x41,0xbe,0xff,
0x28,0x38,0x8a,0xff,0x27,0x37,0x82,0xff,0x27,0x36,0x83,0xff,0x25,0x34,0x80,0xff,
0x24,0x33,0x7e,0xff,0x24,0x31,0x7d,0xff,0x22,0x30,0x80,0xff,0x1f,0x2d,0x7d,0xff,
0x1b,0x28,0x6f,0xff,0x1d,0x2b,0x7d,0xff,0x2a,0x3b,0xc3,0xff,0x2f,0x44,0xe0,0xff,
0x31,0x46,0xdc,0xff,0x33,0x48,0xdc,0xff,0x35,0x48,0xdc,0xff,0x36,0x48,0xdb,0xff,
0x36,0x47,0xdb,0xff,0x36,0x46,0xdb,0xff,0x36,0x45,0xdb,0xff,0x37,0x44,0xdb,0xff,
0x3f,0x4d,0xdb,0xfd,0x57,0x6f,0xe8,0xff,0x7b,0x91,0xe4,0x7e,0x00,0x00,0x00,0x00,
0x00,0x00,0x00,0x00,0x00,0x00,0x00,0x00,0x00,0x00,0xff,0x01,0x00,0x00,0x00,0x00,
0xff,0xff,0xff,0x04,0x7d,0x92,0xe3,0xc1,0x54,0x6b,0xe4,0xff,0x46,0x56,0xd9,0xfd,
0x41,0x4f,0xd9,0xff,0x42,0x4f,0xda,0xff,0x46,0x54,0xdd,0xff,0x50,0x5d,0xe0,0xff,
0x5b,0x67,0xe4,0xff,0x66,0x73,0xe8,0xff,0x6f,0x7f,0xe6,0xff,0x7a,0x83,0xe5,0xff,
0x83,0x8b,0xe9,0xff,0x8b,0x92,0xeb,0xff,0x96,0x9c,0xed,0xff,0xae,0xb0,0xf2,0xff,
0xbe,0xbf,0xf5,0xff,0xc6,0xc7,0xf6,0xff,0xca,0xc9,0xf7,0xff,0xcb,0xca,0xf7,0xff,
0xcb,0xca,0xf7,0xff,0xca,0xca,0xf7,0xff,0xc9,0xc9,0xf7,0xff,0xc4,0xc5,0xf6,0xff,
0xba,0xbc,0xf5,0xff,0xbc,0xbe,0xf5,0xff,0xcd,0xcb,0xf7,0xff,0xdd,0xd7,0xf9,0xff,
0xe7,0xde,0xfa,0xff,0xe2,0xdb,0xf9,0xff,0xcf,0xcc,0xf7,0xff,0xb4,0xb6,0xf4,0xff,
0x95,0x9c,0xf0,0xff,0x86,0x8e,0xee,0xff,0x75,0x7d,0xe5,0xff,0x64,0x72,0xe7,0xff,
0x54,0x65,0xe5,0xff,0x42,0x4e,0xca,0xff,0x3c,0x50,0xde,0xff,0x30,0x40,0xb0,0xff,
0x29,0x36,0xa1,0xff,0x24,0x33,0x8e,0xff,0x1f,0x2e,0x71,0xff,0x20,0x2e,0x73,0xff,
0x20,0x2e,0x72,0xff,0x20,0x2e,0x75,0xff,0x22,0x2f,0x7f,0xff,0x23,0x2f,0x85,0xff,
0x21,0x2c,0x7e,0xff,0x1f,0x2a,0x7a,0xff,0x22,0x30,0x94,0xff,0x2b,0x3e,0xce,0xff,
0x2f,0x44,0xe2,0xff,0x2f,0x42,0xdb,0xff,0x31,0x45,0xdc,0xff,0x34,0x47,0xdc,0xff,
0x36,0x48,0xdc,0xff,0x37,0x48,0xdb,0xff,0x37,0x47,0xdb,0xff,0x37,0x46,0xda,0xff,
0x38,0x45,0xdb,0xff,0x39,0x45,0xdb,0xff,0x40,0x4c,0xda,0xfd,0x56,0x6e,0xe7,0xff,
0x72,0x8a,0xe3,0x8a,0x00,0x00,0x00,0x00,0x00,0x00,0x00,0x00,0x00,0x00,0x00,0x00,
0xff,0xff,0xff,0x01,0x00,0x00,0x00,0x00,0xff,0xff,0xdf,0x08,0x7b,0x91,0xe1,0xc9,
0x56,0x6d,0xe5,0xff,0x47,0x57,0xda,0xfd,0x41,0x50,0xdb,0xff,0x42,0x4f,0xdd,0xff,
0x45,0x53,0xdd,0xff,0x4d,0x5a,0xe1,0xff,0x58,0x65,0xe4,0xff,0x63,0x6f,0xe7,0xff,
0x6c,0x7b,0xe8,0xff,0x76,0x81,0xe4,0xff,0x80,0x87,0xe7,0xff,0x89,0x8f,0xeb,0xff,
0x9f,0xa3,0xef,0xff,0xb4,0xb6,0xf2,0xff,0xbc,0xbd,0xf4,0xff,0xc3,0xc4,0xf5,0xff,
0xc8,0xc8,0xf6,0xff,0xc9,0xca,0xf7,0xff,0xca,0xca,0xf7,0xff,0xc9,0xc9,0xf7,0xff,
0xc7,0xc7,0xf6,0xff,0xbf,0xc1,0xf5,0xff,0xb2,0xb5,0xf4,0xff,0xb2,0xb5,0xf4,0xff,
0xc4,0xc4,0xf6,0xff,0xd5,0xd1,0xf8,0xff,0xe0,0xda,0xf9,0xff,0xe2,0xda,0xf9,0xff,
0xd4,0xcf,0xf7,0xff,0xbe,0xbf,0xf5,0xff,0x9b,0xa0,0xf0,0xff,0x81,0x88,0xe9,0xff,
0x70,0x7b,0xe7,0xff,0x63,0x7b,0xed,0xff,0x51,0x6b,0xe7,0xff,0x3d,0x4e,0xda,0xff,
0x35,0x4a,0xd8,0xff,0x25,0x34,0x96,0xff,0x22,0x30,0x98,0xff,0x1c,0x2b,0x78,0xff,
0x1b,0x2a,0x6b,0xff,0x1b,0x2a,0x70,0xff,0x1d,0x2a,0x7a,0xff,0x20,0x2d,0x85,0xff,
0x22,0x2e,0x8c,0xff,0x23,0x31,0x94,0xff,0x26,0x35,0xa6,0xff,0x2a,0x3c,0xc5,0xff,
0x2e,0x42,0xe0,0xff,0x2e,0x41,0xe0,0xff,0x2e,0x41,0xdb,0xff,0x30,0x42,0xdc,0xff,
0x31,0x44,0xdc,0xff,0x33,0x46,0xdb,0xff,0x36,0x48,0xdb,0xff,0x37,0x48,0xdb,0xff,
0x38,0x47,0xdb,0xff,0x38,0x47,0xdb,0xff,0x38,0x45,0xda,0xff,0x39,0x46,0xdb,0xff,
0x41,0x4c,0xda,0xfd,0x54,0x6b,0xe7,0xff,0x6c,0x83,0xe2,0x97,0x00,0x00,0x00,0x00,
0x00,0x00,0x00,0x00,0x00,0x00,0x00,0x00,0xff,0xff,0xff,0x01,0x00,0x00,0x00,0x00,
0xff,0xec,0xec,0x0e,0x7b,0x93,0xe3,0xd5,0x57,0x6d,0xe4,0xff,0x49,0x58,0xdb,0xfd,
0x42,0x51,0xdb,0xff,0x42,0x50,0xdd,0xff,0x45,0x53,0xdf,0xff,0x4c,0x5a,0xe1,0xff,
0x54,0x62,0xe3,0xff,0x5f,0x6b,0xe6,0xff,0x6a,0x76,0xe9,0xff,0x74,0x81,0xe7,0xff,
0x7c,0x85,0xe5,0xff,0x8d,0x92,0xeb,0xff,0xa6,0xa9,0xf0,0xff,0xb6,0xb7,0xf3,0xff,
0xbe,0xbe,0xf4,0xff,0xc2,0xc2,0xf5,0xff,0xc4,0xc5,0xf5,0xff,0xc5,0xc6,0xf6,0xff,
0xc6,0xc7,0xf6,0xff,0xc5,0xc6,0xf6,0xff,0xc1,0xc1,0xf6,0xff,0xb5,0xb7,0xf4,0xff,
0xa7,0xac,0xf3,0xff,0xa6,0xaa,0xf3,0xff,0xb9,0xba,0xf5,0xff,0xcb,0xca,0xf7,0xff,
0xd6,0xd2,0xf8,0xff,0xdb,0xd4,0xf8,0xff,0xd5,0xcf,0xf7,0xff,0xc5,0xc3,0xf5,0xff,
0xa6,0xa9,0xf1,0xff,0x7f,0x85,0xea,0xff,0x72,0x81,0xed,0xff,0x72,0x84,0xef,0xff,
0x4d,0x62,0xe5,0xff,0x39,0x4e,0xe2,0xff,0x2a,0x3b,0xb0,0xff,0x21,0x2f,0x8e,0xff,
0x22,0x31,0xa0,0xff,0x21,0x31,0x9d,0xff,0x20,0x30,0x9c,0xff,0x21,0x31,0x9f,0xff,
0x23,0x33,0xaa,0xff,0x26,0x35,0xb2,0xff,0x28,0x38,0xb8,0xff,0x2b,0x3d,0xca,0xff,
0x2e,0x42,0xda,0xff,0x2e,0x42,0xe0,0xff,0x2d,0x41,0xdf,0xff,0x2d,0x41,0xe0,0xff,
0x2e,0x42,0xe0,0xff,0x30,0x42,0xde,0xff,0x30,0x43,0xdd,0xff,0x33,0x46,0xdc,0xff,
0x36,0x47,0xdd,0xff,0x37,0x48,0xdc,0xff,0x38,0x48,0xdb,0xff,0x38,0x46,0xdb,0xff,
0x39,0x45,0xda,0xff,0x3a,0x46,0xda,0xff,0x41,0x4b,0xdb,0xfc,0x53,0x6a,0xe7,0xff,
0x65,0x81,0xe1,0xa4,0x00,0x00,0x00,0x00,0x00,0x00,0x00,0x00,0x00,0x00,0x00,0x00,
0xff,0xff,0xff,0x01,0x00,0x00,0x00,0x00,0xf2,0xf2,0xf2,0x14,0x79,0x95,0xe3,0xde,
0x58,0x6e,0xe4,0xff,0x49,0x59,0xdc,0xfd,0x42,0x52,0xdb,0xff,0x42,0x51,0xde,0xff,
0x44,0x52,0xdf,0xff,0x4a,0x58,0xe1,0xff,0x52,0x61,0xe3,0xff,0x5d,0x69,0xe6,0xff,
0x67,0x72,0xe9,0xff,0x70,0x7d,0xec,0xff,0x7b,0x87,0xe8,0xff,0x94,0x99,0xeb,0xff,
0xaa,0xad,0xf1,0xff,0xb6,0xb7,0xf3,0xff,0xbd,0xbd,0xf4,0xff,0xc1,0xc1,0xf5,0xff,
0xc3,0xc4,0xf5,0xff,0xc3,0xc4,0xf5,0xff,0xc3,0xc3,0xf5,0xff,0xc0,0xc1,0xf5,0xff,
0xb7,0xb9,0xf4,0xff,0xaa,0xad,0xf3,0xff,0xa1,0xa6,0xf2,0xff,0xa0,0xa5,0xf2,0xff,
0xae,0xb0,0xf3,0xff,0xc0,0xc0,0xf6,0xff,0xcc,0xca,0xf7,0xff,0xd3,0xcf,0xf8,0xff,
0xd3,0xcd,0xf7,0xff,0xc9,0xc5,0xf5,0xff,0xaf,0xb0,0xf2,0xff,0x87,0x93,0xef,0xff,
0x81,0x90,0xf0,0xff,0x65,0x7a,0xe9,0xff,0x43,0x56,0xe5,0xff,0x33,0x45,0xc7,0xff,
0x23,0x32,0x8f,0xff,0x21,0x30,0x98,0xff,0x26,0x37,0xba,0xff,0x29,0x3c,0xcb,0xff,
0x28,0x3a,0xc9,0xff,0x29,0x3a,0xc8,0xff,0x29,0x3b,0xc8,0xff,0x29,0x3b,0xc7,0xff,
0x29,0x3a,0xc7,0xff,0x29,0x3a,0xc4,0xff,0x29,0x39,0xc1,0xff,0x29,0x39,0xc2,0xff,
0x29,0x3b,0xc7,0xff,0x2b,0x3c,0xce,0xff,0x2c,0x3f,0xd6,0xff,0x2f,0x42,0xdd,0xff,
0x31,0x44,0xe0,0xff,0x34,0x45,0xdf,0xff,0x36,0x46,0xdd,0xff,0x37,0x47,0xdd,0xff,
0x38,0x47,0xdd,0xff,0x39,0x46,0xdb,0xff,0x3a,0x45,0xda,0xff,0x3a,0x45,0xda,0xff,
0x40,0x4a,0xdb,0xfc,0x50,0x66,0xe5,0xff,0x62,0x7e,0xe0,0xb5,0xff,0xff,0xff,0x01,
0x00,0x00,0x00,0x00,0x00,0x00,0x00,0x00,0xff,0xff,0xff,0x01,0x00,0x00,0x00,0x00,
0xde,0xe6,0xee,0x1f,0x79,0x94,0xe4,0xe6,0x58,0x6d,0xe3,0xff,0x4a,0x5b,0xdc,0xfe,
0x44,0x54,0xdd,0xff,0x42,0x52,0xde,0xff,0x43,0x53,0xe0,0xff,0x48,0x58,0xe1,0xff,
0x50,0x60,0xe5,0xff,0x5a,0x68,0xe8,0xff,0x63,0x71,0xe6,0xff,0x6b,0x77,0xe4,0xff,
0x80,0x8a,0xeb,0xff,0x9a,0xa0,0xed,0xff,0xaa,0xac,0xf0,0xff,0xb5,0xb6,0xf3,0xff,
0xbb,0xbc,0xf4,0xff,0xbf,0xbf,0xf4,0xff,0xc1,0xc1,0xf5,0xff,0xc1,0xc1,0xf5,0xff,
0xc0,0xc1,0xf4,0xff,0xb9,0xbb,0xf4,0xff,0xae,0xb0,0xf2,0xff,0xa0,0xa5,0xf0,0xff,
0x9b,0xa0,0xf0,0xff,0x9b,0xa0,0xf0,0xff,0xa2,0xa7,0xf1,0xff,0xb5,0xb6,0xf4,0xff,
0xc3,0xc2,0xf5,0xff,0xcc,0xc8,0xf6,0xff,0xcd,0xc8,0xf6,0xff,0xc7,0xc3,0xf5,0xff,
0xb6,0xb8,0xf4,0xff,0x9e,0xa7,0xf3,0xff,0x76,0x88,0xec,0xff,0x55,0x67,0xea,0xff,
0x41,0x52,0xd5,0xff,0x2d,0x3c,0xa3,0xff,0x22,0x32,0x8f,0xff,0x24,0x35,0xb0,0xff,
0x29,0x3b,0xc9,0xff,0x29,0x3b,0xc9,0xff,0x28,0x3a,0xc8,0xff,0x28,0x3a,0xc7,0xff,
0x27,0x3a,0xc6,0xff,0x28,0x3a,0xc6,0xff,0x28,0x3a,0xc6,0xff,0x29,0x3a,0xc6,0xff,
0x29,0x3a,0xc5,0xff,0x29,0x39,0xc4,0xff,0x28,0x38,0xc2,0xff,0x28,0x38,0xc0,0xff,
0x28,0x39,0xc1,0xff,0x2a,0x3b,0xc4,0xff,0x2c,0x3e,0xcd,0xff,0x31,0x44,0xda,0xff,
0x36,0x46,0xdf,0xff,0x38,0x47,0xdf,0xff,0x38,0x46,0xdd,0xff,0x39,0x45,0xdd,0xff,
0x3a,0x45,0xdc,0xff,0x3b,0x46,0xdc,0xff,0x40,0x49,0xd9,0xfc,0x4e,0x63,0xe1,0xff,
0x61,0x7c,0xde,0xbf,0xff,0xff,0xff,0x04,0x00,0x00,0x00,0x00,0x00,0x00,0x00,0x00,
0x7f,0x7f,0xff,0x02,0x00,0x00,0x00,0x00,0xd5,0xd5,0xf1,0x25,0x79,0x93,0xe4,0xeb,
0x59,0x6f,0xe4,0xff,0x4b,0x5d,0xde,0xfe,0x45,0x55,0xdf,0xff,0x42,0x53,0xde,0xff,
0x43,0x55,0xe2,0xff,0x48,0x59,0xe4,0xff,0x4d,0x5f,0xde,0xff,0x55,0x66,0xd7,0xff,
0x5d,0x6d,0xd8,0xff,0x6a,0x77,0xdc,0xff,0x85,0x8e,0xe7,0xff,0x9a,0xa1,0xf0,0xff,
0xa8,0xac,0xf0,0xff,0xb2,0xb4,0xf1,0xff,0xb8,0xb9,0xf3,0xff,0xbb,0xbc,0xf4,0xff,
0xbd,0xbe,0xf4,0xff,0xbc,0xbd,0xf4,0xff,0xb9,0xbb,0xf4,0xff,0xb0,0xb2,0xf2,0xff,
0xa1,0xa5,0xf0,0xff,0x96,0x9b,0xef,0xff,0x94,0x9a,0xee,0xff,0x93,0x99,0xee,0xff,
0x96,0x9b,0xef,0xff,0xa7,0xaa,0xf2,0xff,0xb7,0xb8,0xf3,0xff,0xc2,0xc0,0xf4,0xff,
0xc6,0xc3,0xf5,0xff,0xc6,0xc5,0xf6,0xff,0xbe,0xbf,0xf6,0xff,0xa0,0xa7,0xf1,0xff,
0x6d,0x7b,0xed,0xff,0x55,0x63,0xdb,0xff,0x3e,0x4d,0xb2,0xff,0x2c,0x3b,0x98,0xff,
0x25,0x35,0xa2,0xff,0x29,0x3b,0xc8,0xff,0x29,0x3c,0xcc,0xff,0x29,0x3c,0xcb,0xff,
0x29,0x3b,0xcb,0xff,0x28,0x3b,0xca,0xff,0x28,0x3a,0xc9,0xff,0x27,0x3a,0xc9,0xff,
0x28,0x3a,0xc8,0xff,0x28,0x3a,0xc7,0xff,0x28,0x3a,0xc6,0xff,0x28,0x39,0xc6,0xff,
0x29,0x39,0xc7,0xff,0x29,0x39,0xc5,0xff,0x29,0x3a,0xc4,0xff,0x29,0x3a,0xc1,0xff,
0x29,0x3a,0xbf,0xff,0x2c,0x3d,0xc1,0xff,0x30,0x41,0xc9,0xff,0x35,0x45,0xd7,0xff,
0x39,0x47,0xe0,0xff,0x38,0x46,0xde,0xff,0x3a,0x45,0xdd,0xff,0x3b,0x47,0xda,0xff,
0x3e,0x49,0xd3,0xfd,0x4b,0x60,0xdc,0xff,0x5f,0x7a,0xdc,0xca,0xff,0xff,0xff,0x0e,
0x00,0x00,0x00,0x00,0x00,0x00,0x00,0x00,0x7f,0x7f,0xff,0x02,0x00,0x00,0x00,0x00,
0xc2,0xcd,0xee,0x2e,0x78,0x92,0xe7,0xef,0x59,0x70,0xe4,0xff,0x4c,0x5f,0xdf,0xfe,
0x45,0x57,0xe0,0xff,0x42,0x55,0xe3,0xff,0x43,0x56,0xde,0xff,0x45,0x59,0xcf,0xff,
0x4a,0x5e,0xca,0xff,0x54,0x65,0xd0,0xff,0x5b,0x6b,0xd7,0xff,0x6e,0x7b,0xdf,0xff,
0x87,0x8f,0xe6,0xff,0x98,0x9e,0xeb,0xff,0xa6,0xab,0xf2,0xff,0xae,0xb0,0xf1,0xff,
0xb4,0xb4,0xf1,0xff,0xb6,0xb8,0xf2,0xff,0xb7,0xb9,0xf3,0xff,0xb5,0xb7,0xf3,0xff,
0xaf,0xb1,0xf2,0xff,0xa1,0xa4,0xf0,0xff,0x92,0x98,0xee,0xff,0x8b,0x91,0xed,0xff,
0x8a,0x91,0xed,0xff,0x89,0x8f,0xec,0xff,0x89,0x8f,0xed,0xff,0x96,0x9a,0xef,0xff,
0xa9,0xac,0xf2,0xff,0xb8,0xba,0xf4,0xff,0xc0,0xc2,0xf6,0xff,0xc0,0xc1,0xf5,0xff,
0xb5,0xb7,0xf3,0xff,0xa0,0xa3,0xf2,0xff,0x79,0x81,0xe1,0xff,0x54,0x5f,0xc3,0xff,
0x41,0x4f,0xb5,0xff,0x2f,0x3f,0xa5,0xff,0x2d,0x3f,0xc8,0xff,0x2c,0x3f,0xd1,0xff,
0x29,0x3c,0xcd,0xff,0x29,0x3c,0xce,0xff,0x29,0x3c,0xcd,0xff,0x29,0x3b,0xcc,0xff,
0x28,0x3b,0xcb,0xff,0x28,0x3a,0xcb,0xff,0x28,0x3a,0xca,0xff,0x28,0x3b,0xc9,0xff,
0x29,0x3a,0xc8,0xff,0x28,0x3a,0xc7,0xff,0x29,0x39,0xc7,0xff,0x29,0x39,0xc5,0xff,
0x29,0x3a,0xc4,0xff,0x29,0x3a,0xc4,0xff,0x2a,0x3b,0xc3,0xff,0x2c,0x3d,0xc2,0xff,
0x2e,0x3f,0xbf,0xff,0x2f,0x41,0xc0,0xff,0x33,0x43,0xca,0xff,0x38,0x45,0xda,0xff,
0x39,0x45,0xde,0xff,0x3b,0x46,0xd7,0xff,0x3d,0x49,0xd0,0xfd,0x49,0x5e,0xd7,0xff,
0x5b,0x76,0xda,0xd0,0xbf,0xcc,0xf2,0x14,0x00,0x00,0x00,0x00,0x00,0x00,0x00,0x00,
0x7f,0x7f,0xff,0x02,0x00,0x00,0x00,0x00,0xbc,0xc1,0xf0,0x36,0x79,0x91,0xe8,0xf2,
0x5a,0x73,0xe4,0xff,0x4e,0x62,0xe1,0xfe,0x46,0x5a,0xe4,0xff,0x41,0x56,0xd8,0xff,
0x40,0x56,0xc2,0xff,0x44,0x5a,0xc3,0xff,0x4c,0x5f,0xcb,0xff,0x52,0x65,0xd1,0xff,
0x5c,0x6d,0xd7,0xff,0x73,0x7f,0xdf,0xff,0x87,0x8e,0xe6,0xff,0x95,0x9a,0xea,0xff,
0xa1,0xa4,0xed,0xff,0xa8,0xad,0xf2,0xff,0xad,0xb1,0xf1,0xff,0xb0,0xb2,0xef,0xff,
0xb0,0xb1,0xef,0xff,0xab,0xae,0xef,0xff,0xa0,0xa4,0xed,0xff,0x90,0x96,0xeb,0xff,
0x83,0x8b,0xea,0xff,0x7f,0x86,0xea,0xff,0x7e,0x85,0xea,0xff,0x7d,0x86,0xec,0xff,
0x7d,0x8b,0xee,0xff,0x84,0x98,0xf1,0xff,0x98,0xa5,0xf2,0xff,0xa9,0xb0,0xf3,0xff,
0xb1,0xb4,0xf3,0xff,0xb1,0xb2,0xf3,0xff,0xad,0xaf,0xf2,0xff,0xa0,0xa3,0xe8,0xff,
0x82,0x88,0xd9,0xff,0x5a,0x65,0xcc,0xff,0x43,0x51,0xb6,0xff,0x38,0x49,0xcc,0xff,
0x31,0x45,0xd5,0xff,0x2d,0x40,0xd0,0xff,0x2a,0x3d,0xcf,0xff,0x29,0x3d,0xcf,0xff,
0x29,0x3c,0xce,0xff,0x29,0x3c,0xce,0xff,0x29,0x3b,0xce,0xff,0x29,0x3b,0xcd,0xff,
0x29,0x3b,0xcc,0xff,0x29,0x3b,0xcb,0xff,0x29,0x3b,0xcb,0xff,0x29,0x3a,0xc9,0xff,
0x29,0x3a,0xc9,0xff,0x29,0x3a,0xc7,0xff,0x28,0x39,0xc7,0xff,0x29,0x3a,0xc6,0xff,
0x2a,0x3a,0xc4,0xff,0x2c,0x3d,0xc4,0xff,0x2f,0x40,0xc4,0xff,0x30,0x41,0xc2,0xff,
0x30,0x41,0xbe,0xff,0x32,0x41,0xc1,0xff,0x36,0x45,0xd3,0xff,0x3b,0x47,0xd7,0xff,
0x3d,0x4a,0xcd,0xfd,0x47,0x5a,0xd0,0xff,0x5c,0x76,0xd6,0xd8,0xaf,0xca,0xed,0x1d,
0x00,0x00,0x00,0x00,0x00,0x00,0x00,0x00,0xff,0xff,0xff,0x02,0x00,0x00,0x00,0x00,
0xc4,0xc8,0xf6,0x3d,0x7a,0x91,0xe9,0xf6,0x5a,0x73,0xe5,0xff,0x4e,0x64,0xe5,0xfe,
0x45,0x5d,0xd6,0xff,0x40,0x56,0xbe,0xff,0x42,0x57,0xc1,0xff,0x46,0x5b,0xc7,0xff,
0x4c,0x60,0xcb,0xff,0x52,0x65,0xd1,0xff,0x5f,0x70,0xd7,0xff,0x73,0x7f,0xdf,0xff,
0x84,0x8c,0xe5,0xff,0x91,0x97,0xe9,0xff,0x9b,0x9f,0xeb,0xff,0xa2,0xa5,0xee,0xff,
0xa6,0xab,0xf1,0xff,0xa8,0xad,0xf1,0xff,0xa6,0xaa,0xec,0xff,0x9e,0xa1,0xe8,0xff,
0x90,0x94,0xe5,0xff,0x7f,0x87,0xe2,0xff,0x75,0x7d,0xe1,0xff,0x72,0x7b,0xe2,0xff,
0x70,0x79,0xe3,0xff,0x6f,0x79,0xe8,0xff,0x6f,0x7d,0xea,0xff,0x73,0x81,0xea,0xff,
0x81,0x8b,0xeb,0xff,0x95,0x99,0xec,0xff,0xa0,0xa3,0xee,0xff,0xa5,0xa7,0xec,0xff,
0xa4,0xa6,0xe7,0xff,0x9b,0x9e,0xe4,0xff,0x86,0x8c,0xe4,0xff,0x63,0x6d,0xd1,0xff,
0x4a,0x58,0xd4,0xff,0x3f,0x50,0xda,0xff,0x34,0x47,0xd3,0xff,0x2e,0x42,0xd1,0xff,
0x2c,0x3f,0xd0,0xff,0x2a,0x3d,0xcf,0xff,0x29,0x3d,0xcf,0xff,0x29,0x3c,0xcf,0xff,
0x29,0x3c,0xcf,0xff,0x29,0x3c,0xcf,0xff,0x29,0x3b,0xce,0xff,0x29,0x3b,0xcd,0xff,
0x29,0x3b,0xcc,0xff,0x28,0x3a,0xcb,0xff,0x28,0x3a,0xca,0xff,0x29,0x3a,0xca,0xff,
0x28,0x39,0xc9,0xff,0x29,0x3a,0xc8,0xff,0x2a,0x3b,0xc7,0xff,0x2c,0x3d,0xc6,0xff,
0x2f,0x40,0xc5,0xff,0x31,0x42,0xc4,0xff,0x31,0x43,0xc3,0xff,0x31,0x42,0xbf,0xff,
0x32,0x42,0xbe,0xff,0x39,0x46,0xce,0xff,0x3d,0x49,0xcd,0xfd,0x44,0x57,0xcb,0xff,
0x5c,0x76,0xd4,0xe0,0xae,0xc2,0xea,0x26,0x00,0x00,0x00,0x00,0x00,0x00,0x00,0x00,
0xaa,0xaa,0xaa,0x03,0x00,0x00,0x00,0x00,0xc8,0xc8,0xf4,0x4b,0x7b,0x91,0xea,0xfb,
0x5b,0x74,0xe7,0xff,0x4e,0x66,0xd8,0xfe,0x46,0x5d,0xbf,0xff,0x43,0x5a,0xc0,0xff,
0x44,0x5b,0xc4,0xff,0x48,0x5d,0xc7,0xff,0x4d,0x62,0xcc,0xff,0x54,0x67,0xd1,0xff,
0x62,0x72,0xd8,0xff,0x72,0x7e,0xdf,0xff,0x80,0x89,0xe4,0xff,0x8c,0x93,0xe7,0xff,
0x94,0x9a,0xea,0xff,0x9a,0x9f,0xec,0xff,0x9d,0xa1,0xed,0xff,0x9d,0xa2,0xef,0xff,
0x99,0xa1,0xef,0xff,0x8c,0x96,0xea,0xff,0x7d,0x86,0xe2,0xff,0x6e,0x76,0xde,0xff,
0x66,0x6f,0xdd,0xff,0x62,0x6c,0xdd,0xff,0x5f,0x69,0xdc,0xff,0x5e,0x69,0xdb,0xff,
0x5f,0x68,0xd8,0xff,0x60,0x69,0xd2,0xff,0x6b,0x74,0xd0,0xff,0x80,0x86,0xd5,0xff,
0x8f,0x94,0xdc,0xff,0x96,0x9b,0xe0,0xff,0x98,0x9c,0xe8,0xff,0x92,0x96,0xeb,0xff,
0x84,0x8b,0xe6,0xff,0x6c,0x77,0xe4,0xff,0x50,0x60,0xe0,0xff,0x42,0x54,0xd9,0xff,
0x38,0x4b,0xd5,0xff,0x31,0x45,0xd1,0xff,0x2d,0x41,0xcf,0xff,0x2b,0x3f,0xcd,0xff,
0x2a,0x3e,0xcd,0xff,0x2a,0x3d,0xcd,0xff,0x29,0x3c,0xce,0xff,0x29,0x3c,0xce,0xff,
0x29,0x3b,0xcf,0xff,0x2a,0x3c,0xcf,0xff,0x29,0x3b,0xce,0xff,0x29,0x3b,0xcd,0xff,
0x29,0x3a,0xcc,0xff,0x28,0x3a,0xcb,0xff,0x28,0x3a,0xc9,0xff,0x29,0x3a,0xc9,0xff,
0x2a,0x3b,0xc8,0xff,0x2d,0x3d,0xc8,0xff,0x2f,0x40,0xc6,0xff,0x32,0x41,0xc6,0xff,
0x32,0x43,0xc4,0xff,0x33,0x44,0xc3,0xff,0x33,0x42,0xc0,0xff,0x36,0x44,0xbf,0xff,
0x3c,0x4a,0xc7,0xfe,0x44,0x54,0xc7,0xff,0x5a,0x74,0xd2,0xe9,0x94,0xaa,0xe4,0x30,
0x00,0x00,0x00,0x00,0x00,0x00,0x00,0x00,0x7f,0x7f,0xff,0x02,0x00,0x00,0x00,0x00,
0xc3,0xc6,0xf3,0x56,0x7d,0x92,0xeb,0xfd,0x5b,0x76,0xe2,0xff,0x50,0x69,0xc7,0xfe,
0x49,0x62,0xc1,0xff,0x45,0x5d,0xc3,0xff,0x47,0x5d,0xc4,0xff,0x4a,0x5f,0xc8,0xff,
0x4e,0x62,0xcc,0xff,0x56,0x69,0xd1,0xff,0x62,0x72,0xd7,0xff,0x6e,0x7b,0xdd,0xff,
0x7b,0x85,0xe2,0xff,0x84,0x8c,0xe5,0xff,0x8c,0x93,0xe8,0xff,0x91,0x97,0xea,0xff,
0x92,0x98,0xeb,0xff,0x90,0x96,0xea,0xff,0x88,0x8f,0xe9,0xff,0x79,0x84,0xe8,0xff,
0x69,0x76,0xe6,0xff,0x5d,0x6d,0xe2,0xff,0x57,0x66,0xde,0xff,0x52,0x60,0xda,0xff,
0x4f,0x5b,0xd0,0xff,0x4d,0x5a,0xc1,0xff,0x4d,0x59,0xb7,0xff,0x4f,0x5c,0xb5,0xff,
0x57,0x64,0xc1,0xff,0x68,0x74,0xd3,0xff,0x7b,0x84,0xe2,0xff,0x85,0x8c,0xec,0xff,
0x8a,0x90,0xec,0xff,0x8a,0x90,0xe9,0xff,0x81,0x8b,0xe8,0xff,0x6e,0x7b,0xe5,0xff,
0x54,0x63,0xdf,0xff,0x45,0x57,0xda,0xff,0x3d,0x50,0xd6,0xff,0x35,0x48,0xd3,0xff,
0x30,0x43,0xcf,0xff,0x2d,0x41,0xcd,0xff,0x2c,0x3f,0xcd,0xff,0x2b,0x3e,0xcb,0xff,
0x2a,0x3d,0xcb,0xff,0x2a,0x3d,0xcc,0xff,0x2a,0x3d,0xcc,0xff,0x2a,0x3d,0xce,0xff,
0x2a,0x3c,0xce,0xff,0x2a,0x3c,0xce,0xff,0x29,0x3b,0xcd,0xff,0x28,0x3b,0xcc,0xff,
0x29,0x3a,0xcc,0xff,0x2a,0x3b,0xcb,0xff,0x2b,0x3c,0xca,0xff,0x2d,0x3e,0xc9,0xff,
0x2f,0x40,0xc8,0xff,0x31,0x42,0xc7,0xff,0x33,0x43,0xc6,0xff,0x33,0x44,0xc4,0xff,
0x34,0x44,0xc3,0xff,0x37,0x46,0xc0,0xff,0x3b,0x4a,0xbf,0xfe,0x44,0x54,0xc2,0xff,
0x58,0x71,0xd1,0xef,0x88,0x9f,0xdf,0x38,0x00,0x00,0x00,0x00,0x00,0x00,0x00,0x00,
0x7f,0x7f,0xff,0x02,0x00,0x00,0x00,0x00,0xc6,0xc6,0xf5,0x68,0x80,0x94,0xef,0xff,
0x5d,0x76,0xd5,0xff,0x52,0x6a,0xc4,0xff,0x4c,0x64,0xc4,0xff,0x49,0x5f,0xc3,0xff,
0x49,0x5e,0xc5,0xff,0x4c,0x61,0xc9,0xff,0x50,0x64,0xcd,0xff,0x58,0x6a,0xd1,0xff,
0x61,0x71,0xd6,0xff,0x6b,0x78,0xdc,0xff,0x75,0x80,0xe0,0xff,0x7c,0x86,0xe3,0xff,
0x84,0x8b,0xe5,0xff,0x87,0x8e,0xe7,0xff,0x86,0x8e,0xe8,0xff,0x82,0x8a,0xe7,0xff,
0x78,0x82,0xe5,0xff,0x6a,0x74,0xe1,0xff,0x5b,0x68,0xde,0xff,0x52,0x60,0xdb,0xff,
0x4c,0x5c,0xd9,0xff,0x46,0x57,0xd9,0xff,0x42,0x53,0xd5,0xff,0x41,0x51,0xd2,0xff,
0x42,0x52,0xd4,0xff,0x43,0x54,0xd8,0xff,0x48,0x58,0xe1,0xff,0x55,0x64,0xe8,0xff,
0x68,0x75,0xe9,0xff,0x77,0x80,0xe6,0xff,0x80,0x88,0xe5,0xff,0x81,0x8b,0xe7,0xff,
0x7a,0x85,0xe7,0xff,0x6d,0x79,0xe3,0xff,0x57,0x66,0xdf,0xff,0x47,0x58,0xda,0xff,
0x40,0x53,0xd7,0xff,0x39,0x4c,0xd4,0xff,0x33,0x47,0xd0,0xff,0x2f,0x43,0xce,0xff,
0x2d,0x40,0xcd,0xff,0x2c,0x3f,0xcb,0xff,0x2b,0x3e,0xca,0xff,0x2a,0x3e,0xca,0xff,
0x2a,0x3d,0xcb,0xff,0x2a,0x3d,0xcc,0xff,0x2a,0x3c,0xcd,0xff,0x2a,0x3c,0xce,0xff,
0x28,0x3a,0xce,0xff,0x28,0x3b,0xce,0xff,0x29,0x3b,0xcd,0xff,0x2a,0x3b,0xcc,0xff,
0x2b,0x3d,0xcb,0xff,0x2d,0x3f,0xcb,0xff,0x2f,0x40,0xc9,0xff,0x32,0x43,0xc8,0xff,
0x34,0x44,0xc7,0xff,0x34,0x44,0xc5,0xff,0x35,0x44,0xc3,0xff,0x38,0x47,0xc2,0xff,
0x3c,0x4b,0xbf,0xfe,0x43,0x54,0xc0,0xff,0x58,0x6e,0xd1,0xf6,0x7f,0x96,0xdc,0x42,
0x00,0x00,0x00,0x00,0x00,0x00,0x00,0x00,0x7f,0x7f,0xff,0x02,0x00,0x00,0x00,0x00,
0xc2,0xc4,0xf3,0x71,0x84,0x97,0xeb,0xff,0x5f,0x79,0xcd,0xfe,0x55,0x6d,0xc5,0xff,
0x4e,0x66,0xc4,0xff,0x4d,0x61,0xc4,0xff,0x4b,0x60,0xc6,0xff,0x4d,0x61,0xc9,0xff,
0x52,0x65,0xcc,0xff,0x58,0x6a,0xd1,0xff,0x5e,0x6e,0xd5,0xff,0x67,0x74,0xd9,0xff,
0x6f,0x7a,0xdd,0xff,0x74,0x7e,0xe0,0xff,0x79,0x82,0xe2,0xff,0x7b,0x83,0xe3,0xff,
0x79,0x82,0xe4,0xff,0x73,0x7d,0xe3,0xff,0x67,0x73,0xe0,0xff,0x5b,0x68,0xde,0xff,
0x4f,0x5f,0xdc,0xff,0x49,0x59,0xda,0xff,0x43,0x55,0xd8,0xff,0x3e,0x50,0xd6,0xff,
0x3c,0x4f,0xd6,0xff,0x3b,0x4d,0xd7,0xff,0x3c,0x4f,0xd9,0xff,0x3e,0x50,0xdb,0xff,
0x40,0x53,0xdc,0xff,0x49,0x5a,0xdd,0xff,0x59,0x68,0xe0,0xff,0x69,0x76,0xe3,0xff,
0x72,0x7d,0xe5,0xff,0x75,0x80,0xe6,0xff,0x71,0x7d,0xe5,0xff,0x67,0x75,0xe3,0xff,
0x57,0x67,0xe0,0xff,0x47,0x59,0xdb,0xff,0x41,0x53,0xd8,0xff,0x3b,0x4f,0xd5,0xff,
0x36,0x49,0xd2,0xff,0x32,0x46,0xcf,0xff,0x2f,0x43,0xcd,0xff,0x2e,0x41,0xcc,0xff,
0x2c,0x3f,0xcb,0xff,0x2c,0x3e,0xca,0xff,0x2b,0x3d,0xc9,0xff,0x2a,0x3c,0xc9,0xff,
0x2a,0x3c,0xcb,0xff,0x2a,0x3c,0xcc,0xff,0x29,0x3b,0xcd,0xff,0x29,0x3b,0xcd,0xff,
0x29,0x3c,0xce,0xff,0x2a,0x3c,0xcd,0xff,0x2c,0x3d,0xcc,0xff,0x2e,0x3f,0xcc,0xff,
0x31,0x41,0xcb,0xff,0x32,0x43,0xc9,0xff,0x35,0x44,0xc7,0xff,0x36,0x45,0xc6,0xff,
0x37,0x45,0xc5,0xff,0x39,0x47,0xc3,0xff,0x3e,0x4c,0xc1,0xfe,0x44,0x54,0xc2,0xff,
0x58,0x6d,0xd4,0xfb,0x7d,0x95,0xdd,0x4d,0x00,0x00,0x00,0x00,0x00,0x00,0x00,0x00,
0xff,0xff,0xff,0x01,0x00,0x00,0x00,0x00,0xba,0xbe,0xf3,0x83,0x86,0x9b,0xeb,0xff,
0x61,0x7b,0xcb,0xfd,0x58,0x6f,0xc6,0xff,0x51,0x67,0xc4,0xff,0x4e,0x63,0xc4,0xff,
0x4e,0x63,0xc6,0xff,0x50,0x62,0xc9,0xff,0x52,0x65,0xcc,0xff,0x57,0x68,0xd0,0xff,
0x5c,0x6b,0xd3,0xff,0x61,0x6f,0xd6,0xff,0x67,0x74,0xda,0xff,0x6b,0x76,0xdd,0xff,
0x6e,0x78,0xdf,0xff,0x6e,0x78,0xe0,0xff,0x6c,0x76,0xe0,0xff,0x63,0x70,0xdf,0xff,
0x58,0x66,0xdd,0xff,0x4d,0x5d,0xda,0xff,0x45,0x56,0xd8,0xff,0x40,0x52,0xd8,0xff,
0x3b,0x4e,0xd7,0xff,0x38,0x4c,0xd8,0xff,0x36,0x4b,0xd8,0xff,0x36,0x4a,0xd9,0xff,
0x37,0x4b,0xd9,0xff,0x38,0x4c,0xda,0xff,0x3a,0x4f,0xdb,0xff,0x3f,0x52,0xdd,0xff,
0x4a,0x5c,0xdf,0xff,0x58,0x67,0xe2,0xff,0x62,0x6f,0xe3,0xff,0x68,0x75,0xe4,0xff,
0x67,0x75,0xe4,0xff,0x5f,0x6e,0xe2,0xff,0x56,0x65,0xe0,0xff,0x48,0x5a,0xdc,0xff,
0x40,0x53,0xd9,0xff,0x3c,0x4f,0xd7,0xff,0x38,0x4b,0xd4,0xff,0x35,0x48,0xd1,0xff,
0x31,0x45,0xcf,0xff,0x2f,0x43,0xcc,0xff,0x2e,0x41,0xcb,0xff,0x2c,0x3f,0xca,0xff,
0x2b,0x3d,0xc8,0xff,0x2b,0x3d,0xc8,0xff,0x2a,0x3c,0xc9,0xff,0x2a,0x3c,0xc9,0xff,
0x29,0x3b,0xcb,0xff,0x29,0x3c,0xcc,0xff,0x2a,0x3c,0xcd,0xff,0x2b,0x3d,0xcd,0xff,
0x2d,0x3e,0xcd,0xff,0x30,0x3f,0xcc,0xff,0x33,0x41,0xcc,0xff,0x34,0x44,0xca,0xff,
0x36,0x44,0xc8,0xff,0x37,0x46,0xc7,0xff,0x3a,0x47,0xc5,0xff,0x3c,0x49,0xc4,0xff,
0x40,0x4d,0xc2,0xff,0x45,0x54,0xbe,0xfe,0x59,0x6e,0xd5,0xff,0x84,0x97,0xe1,0x5e,
0x00,0x00,0x00,0x00,0x00,0x00,0xff,0x01,0x55,0x55,0xff,0x03,0x00,0x00,0x00,0x00,
0xae,0xb7,0xe9,0x8e,0x86,0x9b,0xe7,0xff,0x64,0x7b,0xca,0xfc,0x59,0x6f,0xc5,0xff,
0x52,0x67,0xc3,0xff,0x4f,0x63,0xc4,0xff,0x4f,0x62,0xc5,0xff,0x4f,0x61,0xc7,0xff,
0x52,0x64,0xcb,0xff,0x56,0x67,0xce,0xff,0x59,0x68,0xd0,0xff,0x5c,0x6a,0xd4,0xff,
0x60,0x6d,0xd7,0xff,0x62,0x6e,0xda,0xff,0x63,0x6e,0xdb,0xff,0x62,0x6e,0xdc,0xff,
0x5e,0x6b,0xdc,0xff,0x55,0x64,0xdb,0xff,0x4c,0x5b,0xd9,0xff,0x44,0x54,0xd7,0xff,
0x3d,0x50,0xd6,0xff,0x39,0x4d,0xd6,0xff,0x36,0x4a,0xd6,0xff,0x34,0x47,0xd6,0xff,
0x33,0x47,0xd7,0xff,0x32,0x47,0xd8,0xff,0x34,0x48,0xda,0xff,0x34,0x49,0xdb,0xff,
0x36,0x4b,0xdb,0xff,0x39,0x4d,0xdd,0xff,0x40,0x53,0xde,0xff,0x4a,0x5c,0xe0,0xff,
0x54,0x65,0xe1,0xff,0x5a,0x69,0xe2,0xff,0x5c,0x6b,0xe3,0xff,0x58,0x67,0xe2,0xff,
0x51,0x61,0xe0,0xff,0x47,0x58,0xdd,0xff,0x40,0x52,0xda,0xff,0x3d,0x4f,0xd8,0xff,
0x39,0x4c,0xd6,0xff,0x36,0x48,0xd3,0xff,0x33,0x46,0xd1,0xff,0x30,0x43,0xcd,0xff,
0x2e,0x41,0xcb,0xff,0x2d,0x40,0xca,0xff,0x2c,0x3f,0xc9,0xff,0x2b,0x3d,0xc7,0xff,
0x2a,0x3c,0xc7,0xff,0x2a,0x3c,0xc8,0xff,0x29,0x3b,0xc9,0xff,0x29,0x3b,0xcb,0xff,
0x2a,0x3c,0xcc,0xff,0x2b,0x3d,0xcc,0xff,0x2e,0x3e,0xcc,0xff,0x31,0x40,0xcc,0xff,
0x34,0x42,0xcc,0xff,0x35,0x44,0xcb,0xff,0x36,0x44,0xc9,0xff,0x38,0x45,0xc7,0xff,
0x3a,0x47,0xc6,0xff,0x3d,0x4a,0xc4,0xff,0x41,0x4e,0xc3,0xff,0x46,0x54,0xbc,0xfe,
0x59,0x6c,0xcd,0xff,0x83,0x92,0xcf,0x67,0x00,0x00,0xff,0x01,0x55,0x55,0xff,0x03,
0x55,0x55,0xff,0x03,0xff,0xff,0xff,0x01,0xaa,0xb5,0xe0,0x9f,0x7f,0x94,0xda,0xff,
0x61,0x75,0xc5,0xfc,0x59,0x6d,0xc3,0xff,0x52,0x66,0xc1,0xff,0x4f,0x62,0xc1,0xff,
0x4e,0x61,0xc3,0xff,0x4e,0x61,0xc6,0xff,0x51,0x63,0xc9,0xff,0x53,0x65,0xcc,0xff,
0x54,0x64,0xce,0xff,0x57,0x65,0xd1,0xff,0x59,0x66,0xd3,0xff,0x59,0x66,0xd6,0xff,
0x59,0x65,0xd8,0xff,0x57,0x64,0xd9,0xff,0x52,0x60,0xd8,0xff,0x4c,0x5a,0xd8,0xff,
0x44,0x54,0xd6,0xff,0x3d,0x4f,0xd5,0xff,0x39,0x4c,0xd5,0xff,0x34,0x49,0xd5,0xff,
0x33,0x47,0xd6,0xff,0x31,0x45,0xd7,0xff,0x31,0x45,0xd8,0xff,0x31,0x46,0xd9,0xff,
0x32,0x47,0xdb,0xff,0x33,0x47,0xdb,0xff,0x33,0x49,0xdc,0xff,0x36,0x4b,0xdd,0xff,
0x39,0x4d,0xde,0xff,0x40,0x54,0xdf,0xff,0x49,0x5b,0xe1,0xff,0x4f,0x60,0xe1,0xff,
0x51,0x62,0xe2,0xff,0x4f,0x60,0xe1,0xff,0x4b,0x5d,0xe0,0xff,0x44,0x57,0xdd,0xff,
0x3f,0x52,0xdb,0xff,0x3b,0x4e,0xd9,0xff,0x38,0x4b,0xd6,0xff,0x36,0x48,0xd5,0xff,
0x33,0x46,0xd2,0xff,0x30,0x44,0xce,0xff,0x2f,0x42,0xcc,0xff,0x2d,0x40,0xcb,0xff,
0x2d,0x3f,0xc9,0xff,0x2b,0x3d,0xc6,0xff,0x2a,0x3c,0xc6,0xff,0x29,0x3b,0xc6,0xff,
0x29,0x3b,0xc8,0xff,0x29,0x3c,0xc9,0xff,0x2b,0x3c,0xca,0xff,0x2d,0x3d,0xcb,0xff,
0x2f,0x3f,0xcc,0xff,0x31,0x40,0xcc,0xff,0x35,0x43,0xcc,0xff,0x37,0x45,0xcb,0xff,
0x37,0x44,0xc9,0xff,0x39,0x44,0xc7,0xff,0x3a,0x46,0xc5,0xff,0x3e,0x4a,0xc5,0xff,
0x42,0x4e,0xc0,0xff,0x47,0x55,0xb6,0xfe,0x58,0x69,0xbe,0xff,0x85,0x90,0xc5,0x73,
0x00,0x00,0xff,0x01,0x00,0x00,0xff,0x02,0x00,0x00,0xff,0x01,0xff,0xff,0xff,0x04,
0xa2,0xab,0xda,0xae,0x78,0x8a,0xd0,0xff,0x5e,0x6f,0xbf,0xfc,0x57,0x67,0xbd,0xff,
0x51,0x62,0xbe,0xff,0x4e,0x60,0xbf,0xff,0x4e,0x5e,0xc0,0xff,0x4d,0x60,0xc4,0xff,
0x50,0x61,0xc6,0xff,0x51,0x62,0xc9,0xff,0x51,0x61,0xcb,0xff,0x52,0x60,0xce,0xff,
0x52,0x60,0xd1,0xff,0x51,0x5f,0xd3,0xff,0x50,0x5d,0xd4,0xff,0x4d,0x5c,0xd5,0xff,
0x48,0x58,0xd5,0xff,0x43,0x53,0xd4,0xff,0x3d,0x4f,0xd4,0xff,0x38,0x4b,0xd4,0xff,
0x35,0x48,0xd4,0xff,0x32,0x46,0xd5,0xff,0x30,0x45,0xd6,0xff,0x2f,0x44,0xd7,0xff,
0x2f,0x44,0xd8,0xff,0x30,0x45,0xda,0xff,0x30,0x45,0xdb,0xff,0x31,0x47,0xdc,0xff,
0x32,0x47,0xdd,0xff,0x34,0x49,0xde,0xff,0x37,0x4c,0xe0,0xff,0x3a,0x4f,0xe0,0xff,
0x40,0x54,0xe1,0xff,0x45,0x58,0xe1,0xff,0x47,0x5a,0xe1,0xff,0x47,0x5a,0xe1,0xff,
0x45,0x57,0xe0,0xff,0x42,0x55,0xde,0xff,0x3d,0x4f,0xdc,0xff,0x3a,0x4c,0xda,0xff,
0x38,0x4b,0xd8,0xff,0x35,0x48,0xd5,0xff,0x33,0x46,0xd2,0xff,0x31,0x44,0xd0,0xff,
0x2f,0x42,0xcd,0xff,0x2e,0x40,0xcb,0xff,0x2c,0x3f,0xc8,0xff,0x2b,0x3e,0xc6,0xff,
0x2b,0x3d,0xc5,0xff,0x29,0x3b,0xc5,0xff,0x29,0x3c,0xc6,0xff,0x2a,0x3c,0xc8,0xff,
0x2b,0x3c,0xc9,0xff,0x2d,0x3d,0xca,0xff,0x30,0x3f,0xcb,0xff,0x31,0x40,0xcb,0xff,
0x35,0x43,0xcb,0xff,0x37,0x45,0xca,0xff,0x38,0x44,0xc8,0xff,0x39,0x44,0xc6,0xff,
0x3a,0x46,0xc5,0xff,0x3e,0x49,0xc0,0xff,0x43,0x4e,0xb3,0xff,0x47,0x56,0xb0,0xfe,
0x57,0x66,0xb7,0xff,0x7e,0x88,0xbe,0x7b,0x00,0x00,0x00,0x00,0x00,0x00,0xff,0x01,
0x00,0x00,0x00,0x00,0xff,0xda,0xff,0x07,0x9a,0xa3,0xd4,0xb6,0x77,0x86,0xcc,0xff,
0x5c,0x6c,0xb9,0xfd,0x54,0x64,0xb9,0xff,0x4f,0x5c,0xb9,0xff,0x4c,0x5b,0xbb,0xff,
0x4c,0x5a,0xbd,0xff,0x4c,0x5b,0xc0,0xff,0x4d,0x5c,0xc3,0xff,0x4f,0x5f,0xc6,0xff,
0x4f,0x5e,0xca,0xff,0x4e,0x5c,0xcb,0xff,0x4d,0x5a,0xce,0xff,0x4b,0x58,0xcf,0xff,
0x48,0x55,0xd1,0xff,0x43,0x53,0xd2,0xff,0x40,0x50,0xd2,0xff,0x3d,0x4e,0xd3,0xff,
0x38,0x4b,0xd3,0xff,0x34,0x47,0xd3,0xff,0x32,0x45,0xd3,0xff,0x30,0x44,0xd4,0xff,
0x2f,0x44,0xd5,0xff,0x2f,0x44,0xd7,0xff,0x30,0x44,0xd9,0xff,0x2f,0x44,0xda,0xff,
0x30,0x46,0xdc,0xff,0x32,0x47,0xde,0xff,0x32,0x48,0xdf,0xff,0x33,0x49,0xe0,0xff,
0x35,0x4b,0xe0,0xff,0x37,0x4d,0xe2,0xff,0x3b,0x50,0xe2,0xff,0x3f,0x53,0xe2,0xff,
0x41,0x55,0xe2,0xff,0x42,0x55,0xe2,0xff,0x41,0x54,0xe1,0xff,0x3f,0x52,0xdf,0xff,
0x3b,0x4f,0xdd,0xff,0x39,0x4d,0xdc,0xff,0x36,0x4a,0xd9,0xff,0x34,0x48,0xd6,0xff,
0x33,0x47,0xd3,0xff,0x31,0x44,0xd1,0xff,0x2f,0x43,0xcf,0xff,0x2e,0x41,0xcc,0xff,
0x2c,0x40,0xc8,0xff,0x2b,0x3e,0xc6,0xff,0x2a,0x3d,0xc5,0xff,0x2a,0x3c,0xc5,0xff,
0x2a,0x3c,0xc5,0xff,0x2a,0x3c,0xc6,0xff,0x2c,0x3d,0xc8,0xff,0x2e,0x3e,0xc8,0xff,
0x30,0x3f,0xca,0xff,0x33,0x41,0xca,0xff,0x35,0x43,0xc9,0xff,0x36,0x44,0xc8,0xff,
0x38,0x44,0xc7,0xff,0x39,0x43,0xc4,0xff,0x3b,0x46,0xbc,0xff,0x3e,0x49,0xb0,0xff,
0x42,0x50,0xac,0xff,0x46,0x54,0xab,0xfe,0x56,0x61,0xb2,0xff,0x79,0x83,0xb6,0x86,
0x00,0x00,0x00,0x00,0xff,0xff,0xff,0x01,0x00,0x00,0x00,0x00,0xd0,0xd0,0xe7,0x0b,
0x98,0xa2,0xd1,0xc4,0x74,0x82,0xc7,0xff,0x59,0x66,0xb3,0xfd,0x50,0x60,0xb2,0xff,
0x4d,0x5c,0xb6,0xff,0x4b,0x59,0xb8,0xff,0x4a,0x57,0xb9,0xff,0x4a,0x57,0xbc,0xff,
0x4a,0x58,0xc0,0xff,0x4c,0x5a,0xc4,0xff,0x4c,0x59,0xc6,0xff,0x4b,0x59,0xc9,0xff,
0x49,0x57,0xcb,0xff,0x45,0x53,0xcc,0xff,0x42,0x50,0xcd,0xff,0x3e,0x4d,0xcf,0xff,
0x3b,0x4c,0xd0,0xff,0x3a,0x4b,0xd1,0xff,0x36,0x48,0xd1,0xff,0x33,0x45,0xd2,0xff,
0x31,0x44,0xd3,0xff,0x2f,0x44,0xd5,0xff,0x2e,0x44,0xd6,0xff,0x2f,0x44,0xd8,0xff,
0x2f,0x44,0xda,0xff,0x2f,0x45,0xdb,0xff,0x30,0x45,0xdd,0xff,0x31,0x47,0xdf,0xff,
0x32,0x47,0xe0,0xff,0x32,0x48,0xe1,0xff,0x33,0x49,0xe1,0xff,0x36,0x4c,0xe3,0xff,
0x38,0x4e,0xe3,0xff,0x3a,0x50,0xe4,0xff,0x3c,0x52,0xe3,0xff,0x3d,0x51,0xe2,0xff,
0x3e,0x52,0xe1,0xff,0x3b,0x50,0xe0,0xff,0x39,0x4d,0xde,0xff,0x37,0x4c,0xdc,0xff,
0x35,0x49,0xda,0xff,0x34,0x48,0xd7,0xff,0x33,0x46,0xd5,0xff,0x31,0x44,0xd3,0xff,
0x2f,0x42,0xcf,0xff,0x2d,0x41,0xcb,0xff,0x2d,0x40,0xc9,0xff,0x2b,0x3e,0xc7,0xff,
0x2a,0x3d,0xc6,0xff,0x2a,0x3c,0xc5,0xff,0x2a,0x3c,0xc4,0xff,0x2b,0x3c,0xc5,0xff,
0x2b,0x3c,0xc6,0xff,0x2e,0x3e,0xc6,0xff,0x30,0x3e,0xc6,0xff,0x32,0x40,0xc7,0xff,
0x35,0x42,0xc7,0xff,0x36,0x43,0xc6,0xff,0x38,0x43,0xc0,0xff,0x39,0x44,0xb5,0xff,
0x3a,0x47,0xad,0xff,0x3d,0x4b,0xa8,0xff,0x3f,0x4d,0xa5,0xff,0x44,0x50,0xa6,0xfe,
0x54,0x5d,0xae,0xff,0x7e,0x85,0xb4,0x8d,0x00,0x00,0x00,0x00,0xff,0xff,0xff,0x01,
0x00,0x00,0x00,0x00,0xbf,0xbf,0xd4,0x0c,0x96,0xa0,0xd1,0xc8,0x75,0x82,0xc6,0xff,
0x5a,0x66,0xb3,0xfd,0x50,0x5c,0xad,0xff,0x4c,0x59,0xad,0xff,0x4a,0x59,0xb2,0xff,
0x49,0x5a,0xba,0xff,0x49,0x58,0xbd,0xff,0x4a,0x57,0xbd,0xff,0x4a,0x57,0xc0,0xff,
0x49,0x56,0xc3,0xff,0x47,0x54,0xc5,0xff,0x45,0x53,0xc9,0xff,0x42,0x4f,0xca,0xff,
0x3e,0x4d,0xcb,0xff,0x3a,0x4a,0xcc,0xff,0x39,0x4a,0xce,0xff,0x37,0x48,0xcf,0xff,
0x33,0x46,0xd0,0xff,0x31,0x45,0xd1,0xff,0x30,0x43,0xd3,0xff,0x2f,0x43,0xd4,0xff,
0x2e,0x43,0xd6,0xff,0x2f,0x44,0xd9,0xff,0x2f,0x45,0xda,0xff,0x2f,0x45,0xdc,0xff,
0x30,0x46,0xde,0xff,0x31,0x46,0xe0,0xff,0x32,0x47,0xe1,0xff,0x32,0x49,0xe3,0xff,
0x33,0x4a,0xe3,0xff,0x35,0x4c,0xe4,0xff,0x36,0x4c,0xe4,0xff,0x38,0x4e,0xe4,0xff,
0x3a,0x50,0xe5,0xff,0x3a,0x4f,0xe4,0xff,0x3a,0x4f,0xe3,0xff,0x39,0x4e,0xe1,0xff,
0x37,0x4c,0xdf,0xff,0x36,0x4b,0xdd,0xff,0x35,0x49,0xdb,0xff,0x32,0x48,0xd8,0xff,
0x32,0x46,0xd6,0xff,0x30,0x44,0xd2,0xff,0x2e,0x42,0xce,0xff,0x2d,0x41,0xcc,0xff,
0x2d,0x3f,0xc9,0xff,0x2b,0x3e,0xc7,0xff,0x2a,0x3c,0xc5,0xff,0x2a,0x3c,0xc4,0xff,
0x2a,0x3c,0xc3,0xff,0x2b,0x3c,0xc3,0xff,0x2b,0x3c,0xc3,0xff,0x2e,0x3e,0xc4,0xff,
0x30,0x3e,0xc4,0xff,0x32,0x3f,0xc4,0xff,0x35,0x41,0xc1,0xff,0x37,0x42,0xba,0xff,
0x38,0x45,0xb3,0xff,0x38,0x46,0xab,0xff,0x38,0x46,0xa3,0xff,0x3a,0x46,0x9f,0xff,
0x3d,0x48,0xa0,0xff,0x43,0x4e,0xa4,0xfe,0x53,0x5d,0xac,0xff,0x80,0x85,0xb3,0x8d,
0x00,0x00,0x00,0x00,0xff,0xff,0xff,0x01,0x00,0x00,0x00,0x00,0xb9,0xb9,0xd0,0x0b,
0x97,0xa1,0xd1,0xc5,0x79,0x85,0xc8,0xff,0x5d,0x69,0xb4,0xfd,0x53,0x5f,0xaf,0xff,
0x4a,0x56,0xaa,0xff,0x46,0x53,0xa7,0xff,0x45,0x54,0xab,0xff,0x46,0x59,0xb5,0xff,
0x47,0x59,0xbf,0xff,0x48,0x59,0xc3,0xff,0x47,0x56,0xc3,0xff,0x44,0x52,0xc3,0xff,
0x42,0x4e,0xc4,0xff,0x3e,0x4b,0xc5,0xff,0x3b,0x49,0xc8,0xff,0x38,0x49,0xca,0xff,
0x35,0x47,0xcc,0xff,0x34,0x46,0xcd,0xff,0x31,0x44,0xce,0xff,0x2f,0x43,0xd0,0xff,
0x2f,0x42,0xd2,0xff,0x2e,0x43,0xd4,0xff,0x2d,0x42,0xd6,0xff,0x2e,0x44,0xd9,0xff,
0x2e,0x44,0xdb,0xff,0x30,0x45,0xde,0xff,0x30,0x46,0xe0,0xff,0x30,0x46,0xe1,0xff,
0x31,0x48,0xe3,0xff,0x32,0x49,0xe4,0xff,0x33,0x49,0xe5,0xff,0x34,0x4b,0xe6,0xff,
0x35,0x4c,0xe6,0xff,0x36,0x4d,0xe6,0xff,0x37,0x4d,0xe5,0xff,0x37,0x4d,0xe4,0xff,
0x38,0x4d,0xe3,0xff,0x37,0x4c,0xe2,0xff,0x37,0x4b,0xe0,0xff,0x35,0x4a,0xde,0xff,
0x33,0x48,0xdb,0xff,0x32,0x47,0xd9,0xff,0x31,0x45,0xd6,0xff,0x2f,0x44,0xd2,0xff,
0x2e,0x42,0xcf,0xff,0x2d,0x40,0xcc,0xff,0x2c,0x3f,0xc9,0xff,0x2a,0x3d,0xc7,0xff,
0x2a,0x3c,0xc5,0xff,0x2a,0x3c,0xc3,0xff,0x2a,0x3b,0xc1,0xff,0x2a,0x3a,0xc1,0xff,
0x2a,0x3c,0xc1,0xff,0x2d,0x3d,0xc0,0xff,0x30,0x3e,0xbf,0xff,0x32,0x40,0xba,0xff,
0x35,0x42,0xb4,0xff,0x35,0x44,0xac,0xff,0x35,0x43,0xa4,0xff,0x35,0x41,0x9c,0xff,
0x35,0x40,0x9a,0xff,0x39,0x44,0x9c,0xff,0x3e,0x49,0x9f,0xff,0x44,0x4f,0xa4,0xfe,
0x54,0x5e,0xab,0xff,0x80,0x87,0xac,0x95,0x00,0x00,0x00,0x00,0x00,0x00,0xff,0x01,
0x00,0x00,0x00,0x00,0xff,0xff,0xbf,0x04,0x9a,0xa5,0xd3,0xb4,0x7e,0x8a,0xcc,0xff,
0x5f,0x6c,0xb5,0xfd,0x55,0x61,0xb0,0xff,0x4b,0x58,0xab,0xff,0x47,0x52,0xa7,0xff,
0x43,0x4f,0xa4,0xff,0x41,0x4f,0xa5,0xff,0x41,0x51,0xab,0xff,0x43,0x55,0xb7,0xff,
0x44,0x5a,0xc2,0xff,0x42,0x59,0xca,0xff,0x3f,0x54,0xcc,0xff,0x3d,0x4e,0xcb,0xff,
0x39,0x49,0xc9,0xff,0x35,0x46,0xc8,0xff,0x33,0x44,0xc8,0xff,0x32,0x42,0xca,0xff,
0x30,0x42,0xcb,0xff,0x2f,0x41,0xcf,0xff,0x2d,0x41,0xd0,0xff,0x2e,0x42,0xd3,0xff,
0x2d,0x42,0xd6,0xff,0x2e,0x44,0xd9,0xff,0x2f,0x44,0xdc,0xff,0x2f,0x45,0xde,0xff,
0x30,0x46,0xe1,0xff,0x30,0x46,0xe2,0xff,0x31,0x47,0xe4,0xff,0x31,0x48,0xe5,0xff,
0x34,0x49,0xe7,0xff,0x34,0x4a,0xe7,0xff,0x35,0x4c,0xe8,0xff,0x36,0x4c,0xe7,0xff,
0x37,0x4c,0xe7,0xff,0x36,0x4d,0xe5,0xff,0x36,0x4b,0xe3,0xff,0x36,0x4b,0xe2,0xff,
0x35,0x4a,0xe0,0xff,0x34,0x49,0xde,0xff,0x32,0x46,0xdb,0xff,0x30,0x45,0xd8,0xff,
0x2f,0x43,0xd5,0xff,0x2f,0x42,0xd3,0xff,0x2e,0x41,0xcf,0xff,0x2c,0x3f,0xcc,0xff,
0x2a,0x3e,0xc8,0xff,0x29,0x3d,0xc6,0xff,0x2a,0x3c,0xc4,0xff,0x2a,0x3c,0xc4,0xff,
0x2a,0x3b,0xc2,0xff,0x2a,0x3b,0xc0,0xff,0x2a,0x3c,0xbd,0xff,0x2c,0x3d,0xb8,0xff,
0x2e,0x3d,0xb0,0xff,0x30,0x3d,0xa7,0xff,0x32,0x3d,0x9e,0xff,0x32,0x3c,0x98,0xff,
0x33,0x3d,0x97,0xff,0x35,0x3e,0x98,0xff,0x36,0x41,0x9a,0xff,0x3a,0x44,0x9c,0xff,
0x3e,0x49,0x9f,0xff,0x46,0x50,0xa4,0xfe,0x56,0x60,0xad,0xff,0x89,0x8e,0xb2,0xa3,
0x00,0x00,0x00,0x00,0x00,0x00,0x00,0x01,0x00,0x00,0x00,0x00,0x03,0x02,0x00,0x00,
0xab,0xb1,0xce,0xa7,0x82,0x8e,0xce,0xff,0x63,0x6e,0xb8,0xfc,0x56,0x63,0xb0,0xff,
0x4d,0x59,0xab,0xff,0x48,0x54,0xa8,0xff,0x45,0x50,0xa5,0xff,0x40,0x4d,0xa4,0xff,
0x3f,0x4b,0xa2,0xff,0x3d,0x49,0xa1,0xff,0x3c,0x4a,0xa5,0xff,0x3d,0x4f,0xb0,0xff,
0x3c,0x53,0xbe,0xff,0x3a,0x51,0xc8,0xff,0x37,0x52,0xd0,0xff,0x34,0x4d,0xd3,0xff,
0x32,0x4b,0xd4,0xff,0x31,0x49,0xd4,0xff,0x2f,0x45,0xd2,0xff,0x2e,0x43,0xd1,0xff,
0x2d,0x41,0xd1,0xff,0x2d,0x41,0xd3,0xff,0x2c,0x41,0xd5,0xff,0x2e,0x43,0xd8,0xff,
0x2e,0x44,0xdb,0xff,0x2f,0x45,0xde,0xff,0x2f,0x46,0xe1,0xff,0x30,0x47,0xe3,0xff,
0x30,0x48,0xe5,0xff,0x31,0x48,0xe6,0xff,0x32,0x49,0xe7,0xff,0x33,0x4a,0xe9,0xff,
0x34,0x4b,0xe8,0xff,0x35,0x4c,0xe8,0xff,0x36,0x4c,0xe7,0xff,0x36,0x4c,0xe6,0xff,
0x35,0x4b,0xe3,0xff,0x34,0x49,0xe2,0xff,0x33,0x49,0xde,0xff,0x32,0x47,0xdc,0xff,
0x30,0x46,0xda,0xff,0x2f,0x45,0xd7,0xff,0x2e,0x43,0xd5,0xff,0x2e,0x42,0xd2,0xff,
0x2d,0x41,0xd0,0xff,0x2b,0x3f,0xce,0xff,0x2a,0x3e,0xcb,0xff,0x2a,0x3e,0xca,0xff,
0x2a,0x3d,0xc6,0xff,0x29,0x3b,0xc1,0xff,0x29,0x3a,0xb9,0xff,0x28,0x38,0xb0,0xff,
0x27,0x37,0xa8,0xff,0x28,0x36,0x9f,0xff,0x29,0x34,0x96,0xff,0x2b,0x35,0x92,0xff,
0x2f,0x39,0x94,0xff,0x32,0x3b,0x96,0xff,0x34,0x3e,0x98,0xff,0x36,0x40,0x9a,0xff,
0x37,0x43,0x9b,0xff,0x3b,0x46,0x9d,0xff,0x41,0x4b,0xa0,0xff,0x47,0x51,0xa5,0xfe,
0x5b,0x63,0xb0,0xff,0x91,0x95,0xb1,0xa7,0x00,0x00,0x00,0x00,0x00,0x00,0x00,0x01,
0x00,0x00,0x00,0x00,0x01,0x02,0x01,0x00,0xc0,0xc3,0xc3,0xa7,0x8f,0x99,0xcb,0xff,
0x61,0x6d,0xba,0xfc,0x59,0x65,0xb0,0xff,0x4f,0x5c,0xac,0xff,0x49,0x55,0xa8,0xff,
0x46,0x52,0xa6,0xff,0x41,0x4e,0xa4,0xff,0x3e,0x4b,0xa2,0xff,0x3d,0x49,0xa1,0xff,
0x3a,0x45,0x9e,0xff,0x38,0x41,0x9c,0xff,0x35,0x3f,0x9d,0xff,0x33,0x3e,0x9f,0xff,
0x2f,0x3e,0xa4,0xff,0x2d,0x40,0xad,0xff,0x2d,0x44,0xb8,0xff,0x2d,0x45,0xc3,0xff,
0x2d,0x47,0xcc,0xff,0x2e,0x49,0xd4,0xff,0x2e,0x48,0xd9,0xff,0x2d,0x48,0xdb,0xff,
0x2d,0x47,0xdd,0xff,0x2f,0x47,0xdf,0xff,0x2f,0x47,0xe1,0xff,0x2f,0x48,0xe3,0xff,
0x2f,0x48,0xe5,0xff,0x30,0x48,0xe5,0xff,0x30,0x48,0xe7,0xff,0x31,0x49,0xe8,0xff,
0x31,0x49,0xea,0xff,0x32,0x4a,0xec,0xff,0x34,0x4b,0xec,0xff,0x33,0x4b,0xeb,0xff,
0x34,0x4b,0xea,0xff,0x34,0x4a,0xe8,0xff,0x34,0x4a,0xe5,0xff,0x33,0x48,0xe4,0xff,
0x31,0x48,0xe2,0xff,0x31,0x47,0xe0,0xff,0x30,0x46,0xde,0xff,0x2f,0x45,0xdb,0xff,
0x2e,0x43,0xd8,0xff,0x2d,0x42,0xd4,0xff,0x2b,0x3f,0xcf,0xff,0x29,0x3d,0xc8,0xff,
0x27,0x3a,0xbe,0xff,0x26,0x36,0xb2,0xff,0x23,0x34,0xa5,0xff,0x23,0x31,0x9a,0xff,
0x22,0x2f,0x92,0xff,0x21,0x2e,0x8d,0xff,0x22,0x2f,0x8c,0xff,0x26,0x2f,0x8c,0xff,
0x29,0x32,0x8f,0xff,0x2c,0x35,0x93,0xff,0x30,0x3a,0x95,0xff,0x33,0x3d,0x97,0xff,
0x36,0x3f,0x99,0xff,0x38,0x41,0x9b,0xff,0x39,0x44,0x9c,0xff,0x3d,0x48,0x9f,0xff,
0x42,0x4d,0xa1,0xff,0x46,0x51,0xa8,0xfe,0x6a,0x70,0xa6,0xff,0x9f,0x9f,0xa3,0xa8,
0x00,0x00,0x00,0x00,0x00,0x00,0x00,0x01,0x00,0x00,0x00,0x00,0xff,0xff,0xff,0x01,
0xbf,0xc2,0xbe,0xa9,0xae,0xb3,0xc0,0xff,0x6d,0x78,0xbb,0xfc,0x58,0x65,0xb2,0xff,
0x54,0x61,0xae,0xff,0x4c,0x58,0xaa,0xff,0x48,0x55,0xa7,0xff,0x43,0x51,0xa5,0xff,
0x40,0x4c,0xa3,0xff,0x3e,0x49,0xa0,0xff,0x3a,0x46,0x9e,0xff,0x37,0x43,0x9d,0xff,
0x34,0x3f,0x9b,0xff,0x30,0x3b,0x99,0xff,0x2b,0x36,0x95,0xff,0x27,0x32,0x91,0xff,
0x26,0x32,0x90,0xff,0x24,0x30,0x90,0xff,0x23,0x31,0x93,0xff,0x24,0x34,0x9a,0xff,
0x24,0x35,0xa2,0xff,0x24,0x37,0xa8,0xff,0x26,0x3a,0xb1,0xff,0x27,0x3c,0xba,0xff,
0x29,0x3f,0xc2,0xff,0x2b,0x41,0xca,0xff,0x2c,0x43,0xd2,0xff,0x2e,0x45,0xd9,0xff,
0x2e,0x46,0xdd,0xff,0x2f,0x46,0xde,0xff,0x2f,0x46,0xdf,0xff,0x30,0x47,0xe0,0xff,
0x31,0x47,0xe1,0xff,0x30,0x47,0xe0,0xff,0x30,0x47,0xdf,0xff,0x31,0x47,0xdd,0xff,
0x30,0x46,0xdc,0xff,0x30,0x45,0xd9,0xff,0x2e,0x44,0xd4,0xff,0x2d,0x41,0xcc,0xff,
0x2a,0x3d,0xc2,0xff,0x28,0x3a,0xb8,0xff,0x27,0x37,0xaf,0xff,0x24,0x33,0xa5,0xff,
0x22,0x30,0x9c,0xff,0x20,0x2e,0x94,0xff,0x1f,0x2b,0x8c,0xff,0x1e,0x29,0x86,0xff,
0x1e,0x2a,0x85,0xff,0x1f,0x2a,0x85,0xff,0x20,0x2b,0x87,0xff,0x21,0x2d,0x8a,0xff,
0x24,0x2f,0x8d,0xff,0x27,0x31,0x8e,0xff,0x2a,0x34,0x91,0xff,0x2e,0x37,0x93,0xff,
0x31,0x3b,0x95,0xff,0x34,0x3e,0x97,0xff,0x37,0x41,0x99,0xff,0x38,0x42,0x9b,0xff,
0x3b,0x45,0x9d,0xff,0x40,0x4a,0x9f,0xff,0x40,0x4c,0xa3,0xff,0x55,0x5c,0xa4,0xfe,
0x7f,0x81,0x91,0xff,0x9c,0x9e,0x9f,0xae,0x00,0x00,0x00,0x00,0x00,0x00,0x00,0x01,
0x00,0x00,0x00,0x00,0xff,0xff,0xff,0x01,0xb7,0xba,0xba,0xab,0xb8,0xba,0xb6,0xff,
0x9d,0xa1,0xb5,0xfc,0x63,0x6e,0xb7,0xff,0x50,0x5c,0xae,0xff,0x50,0x5c,0xab,0xff,
0x4b,0x57,0xa9,0xff,0x45,0x53,0xa5,0xff,0x42,0x4e,0xa4,0xff,0x3f,0x4c,0xa2,0xff,
0x3c,0x48,0x9f,0xff,0x37,0x43,0x9c,0xff,0x34,0x3f,0x9a,0xff,0x31,0x3b,0x98,0xff,
0x2d,0x37,0x96,0xff,0x29,0x34,0x93,0xff,0x25,0x32,0x91,0xff,0x23,0x30,0x8f,0xff,
0x21,0x2d,0x8b,0xff,0x20,0x2c,0x88,0xff,0x1d,0x2a,0x85,0xff,0x1d,0x2a,0x83,0xff,
0x1e,0x2a,0x84,0xff,0x1e,0x2a,0x85,0xff,0x1e,0x2b,0x88,0xff,0x1f,0x2c,0x8b,0xff,
0x20,0x2d,0x8e,0xff,0x21,0x2f,0x95,0xff,0x21,0x30,0x98,0xff,0x21,0x31,0x98,0xff,
0x21,0x30,0x98,0xff,0x22,0x31,0x98,0xff,0x23,0x31,0x99,0xff,0x24,0x32,0x99,0xff,
0x23,0x32,0x99,0xff,0x23,0x32,0x99,0xff,0x23,0x31,0x98,0xff,0x23,0x30,0x98,0xff,
0x21,0x2f,0x92,0xff,0x20,0x2d,0x8c,0xff,0x20,0x2c,0x89,0xff,0x1e,0x2b,0x85,0xff,
0x1d,0x28,0x82,0xff,0x1c,0x28,0x80,0xff,0x1c,0x28,0x80,0xff,0x1d,0x28,0x82,0xff,
0x1d,0x29,0x83,0xff,0x1d,0x29,0x84,0xff,0x1e,0x2a,0x86,0xff,0x1f,0x2b,0x87,0xff,
0x20,0x2c,0x89,0xff,0x22,0x2e,0x8b,0xff,0x25,0x30,0x8e,0xff,0x29,0x33,0x8f,0xff,
0x2c,0x36,0x92,0xff,0x30,0x39,0x94,0xff,0x33,0x3c,0x96,0xff,0x35,0x3f,0x98,0xff,
0x38,0x42,0x9a,0xff,0x3a,0x44,0x9b,0xff,0x3d,0x47,0x9d,0xff,0x3b,0x46,0xa0,0xff,
0x52,0x5a,0xa3,0xff,0x78,0x79,0x8a,0xfe,0x85,0x85,0x86,0xff,0x9d,0x9d,0xa1,0xba,
0x00,0x00,0x00,0x00,0x00,0x00,0x00,0x01,0x00,0x00,0x00,0x00,0xaa,0xaa,0xaa,0x03,
0xb1,0xb4,0xb4,0xaf,0xaf,0xb2,0xb2,0xff,0xac,0xae,0xab,0xfc,0xa1,0xa5,0xb7,0xff,
0x66,0x71,0xb4,0xff,0x48,0x55,0xaa,0xff,0x4b,0x57,0xa8,0xff,0x49,0x56,0xa8,0xff,
0x44,0x51,0xa6,0xff,0x41,0x4e,0xa3,0xff,0x3e,0x4a,0xa1,0xff,0x39,0x45,0x9e,0xff,
0x35,0x40,0x9a,0xff,0x31,0x3c,0x97,0xff,0x2c,0x37,0x95,0xff,0x28,0x33,0x92,0xff,
0x25,0x31,0x90,0xff,0x23,0x2f,0x8e,0xff,0x21,0x2e,0x8c,0xff,0x20,0x2d,0x8a,0xff,
0x1e,0x2b,0x88,0xff,0x1e,0x2b,0x87,0xff,0x1e,0x2a,0x87,0xff,0x1d,0x2a,0x86,0xff,
0x1d,0x2a,0x85,0xff,0x1e,0x2a,0x84,0xff,0x1d,0x2a,0x84,0xff,0x1d,0x29,0x83,0xff,
0x1e,0x29,0x83,0xff,0x1d,0x29,0x83,0xff,0x1e,0x29,0x83,0xff,0x1e,0x29,0x83,0xff,
0x1d,0x29,0x82,0xff,0x1e,0x2a,0x84,0xff,0x1f,0x2a,0x84,0xff,0x1f,0x2a,0x84,0xff,
0x1f,0x2a,0x83,0xff,0x1f,0x2a,0x84,0xff,0x1e,0x2a,0x83,0xff,0x1e,0x2a,0x84,0xff,
0x1e,0x29,0x84,0xff,0x1d,0x28,0x83,0xff,0x1d,0x28,0x83,0xff,0x1d,0x28,0x84,0xff,
0x1d,0x29,0x84,0xff,0x1d,0x29,0x83,0xff,0x1d,0x29,0x84,0xff,0x1e,0x29,0x84,0xff,
0x1f,0x2a,0x86,0xff,0x20,0x2b,0x88,0xff,0x21,0x2d,0x8a,0xff,0x23,0x2f,0x8c,0xff,
0x28,0x32,0x8f,0xff,0x2b,0x35,0x91,0xff,0x2e,0x37,0x94,0xff,0x32,0x3b,0x96,0xff,
0x34,0x3e,0x97,0xff,0x37,0x41,0x99,0xff,0x3a,0x43,0x9a,0xff,0x38,0x42,0x9b,0xff,
0x39,0x42,0x9f,0xff,0x58,0x5f,0xa0,0xff,0x7d,0x7f,0x8d,0xff,0x7d,0x7c,0x7c,0xfe,
0x83,0x83,0x86,0xff,0x9d,0x9d,0x9e,0xbc,0x00,0x00,0x00,0x00,0xff,0xff,0xff,0x01,
0x00,0x00,0x00,0x00,0xd4,0xd4,0xd4,0x06,0xa9,0xaa,0xa9,0xbb,0xa7,0xaa,0xa9,0xff,
0xa1,0xa5,0xa5,0xfd,0xad,0xaf,0xaa,0xff,0xad,0xb0,0xb6,0xff,0x7c,0x84,0xb8,0xff,
0x4d,0x59,0xac,0xff,0x42,0x4f,0xa5,0xff,0x45,0x51,0xa5,0xff,0x44,0x50,0xa4,0xff,
0x40,0x4c,0xa2,0xff,0x3c,0x47,0xa0,0xff,0x37,0x42,0x9d,0xff,0x33,0x3e,0x99,0xff,
0x2e,0x38,0x95,0xff,0x29,0x34,0x93,0xff,0x25,0x31,0x8f,0xff,0x22,0x2f,0x8d,0xff,
0x21,0x2e,0x8b,0xff,0x20,0x2c,0x89,0xff,0x1e,0x2b,0x87,0xff,0x1e,0x2a,0x86,0xff,
0x1e,0x2a,0x85,0xff,0x1d,0x2a,0x85,0xff,0x1d,0x2a,0x84,0xff,0x1d,0x2a,0x84,0xff,
0x1d,0x2a,0x84,0xff,0x1d,0x2a,0x85,0xff,0x1e,0x2a,0x84,0xff,0x1d,0x29,0x84,0xff,
0x1d,0x29,0x84,0xff,0x1e,0x29,0x84,0xff,0x1d,0x29,0x84,0xff,0x1e,0x2a,0x85,0xff,
0x1f,0x2a,0x86,0xff,0x1f,0x2a,0x86,0xff,0x1f,0x2a,0x86,0xff,0x1f,0x2a,0x85,0xff,
0x1e,0x2a,0x84,0xff,0x1d,0x29,0x83,0xff,0x1d,0x29,0x82,0xff,0x1d,0x29,0x83,0xff,
0x1d,0x29,0x82,0xff,0x1d,0x29,0x83,0xff,0x1d,0x29,0x83,0xff,0x1e,0x29,0x83,0xff,
0x1e,0x2a,0x84,0xff,0x1e,0x2a,0x86,0xff,0x20,0x2b,0x87,0xff,0x21,0x2d,0x8a,0xff,
0x23,0x2e,0x8c,0xff,0x25,0x30,0x8e,0xff,0x2a,0x34,0x91,0xff,0x2d,0x37,0x93,0xff,
0x30,0x39,0x95,0xff,0x34,0x3d,0x97,0xff,0x36,0x3f,0x98,0xff,0x35,0x3f,0x98,0xff,
0x32,0x3d,0x9a,0xff,0x46,0x4e,0x9f,0xff,0x6d,0x73,0x9c,0xff,0x83,0x85,0x88,0xff,
0x7f,0x7f,0x7e,0xff,0x7a,0x7a,0x7d,0xfe,0x82,0x82,0x83,0xff,0x96,0x97,0x97,0xbc,
0x00,0x00,0x00,0x00,0xff,0xff,0xff,0x01,0x00,0x00,0x00,0x00,0x9f,0x9f,0x9f,0x08,
0x9b,0x9e,0x9c,0xc0,0x9c,0x9f,0x9e,0xff,0x9b,0x9f,0x9e,0xfd,0xa1,0xa4,0xa5,0xff,
0xaa,0xad,0xab,0xff,0xb7,0xb9,0xb6,0xff,0xa4,0xa9,0xbc,0xff,0x6c,0x76,0xb1,0xff,
0x44,0x51,0xa5,0xff,0x3c,0x49,0xa1,0xff,0x3f,0x4b,0xa1,0xff,0x3f,0x4a,0xa0,0xff,
0x3b,0x47,0x9f,0xff,0x36,0x41,0x9b,0xff,0x30,0x3b,0x97,0xff,0x2b,0x36,0x93,0xff,
0x27,0x33,0x90,0xff,0x23,0x30,0x8d,0xff,0x21,0x2e,0x89,0xff,0x20,0x2c,0x88,0xff,
0x1e,0x2b,0x87,0xff,0x1e,0x2a,0x85,0xff,0x1e,0x2a,0x85,0xff,0x1d,0x29,0x84,0xff,
0x1d,0x29,0x84,0xff,0x1d,0x29,0x83,0xff,0x1d,0x29,0x83,0xff,0x1d,0x29,0x83,0xff,
0x1d,0x29,0x83,0xff,0x1d,0x29,0x83,0xff,0x1d,0x29,0x83,0xff,0x1d,0x29,0x82,0xff,
0x1d,0x29,0x82,0xff,0x1e,0x2a,0x83,0xff,0x1f,0x2a,0x84,0xff,0x1f,0x2a,0x84,0xff,
0x1e,0x2a,0x83,0xff,0x1d,0x29,0x83,0xff,0x1d,0x29,0x82,0xff,0x1d,0x29,0x82,0xff,
0x1d,0x29,0x82,0xff,0x1d,0x29,0x82,0xff,0x1d,0x29,0x82,0xff,0x1d,0x29,0x83,0xff,
0x1d,0x29,0x83,0xff,0x1e,0x2a,0x84,0xff,0x1e,0x2a,0x86,0xff,0x1f,0x2b,0x87,0xff,
0x21,0x2d,0x89,0xff,0x22,0x2e,0x8b,0xff,0x25,0x2f,0x8c,0xff,0x28,0x32,0x8f,0xff,
0x2c,0x37,0x92,0xff,0x30,0x39,0x94,0xff,0x33,0x3c,0x94,0xff,0x31,0x3b,0x96,0xff,
0x31,0x3b,0x98,0xff,0x40,0x49,0x9d,0xff,0x63,0x69,0x9d,0xff,0x84,0x86,0x92,0xff,
0x87,0x88,0x85,0xff,0x7e,0x7f,0x80,0xff,0x7b,0x7c,0x7e,0xff,0x77,0x77,0x78,0xfe,
0x7b,0x7b,0x7c,0xff,0x8d,0x8d,0x8f,0xb0,0x00,0x00,0x00,0x00,0x00,0x00,0x00,0x01,
0x00,0x00,0x00,0x00,0x99,0x99,0x99,0x05,0x91,0x94,0x94,0xb4,0x93,0x96,0x95,0xff,
0x92,0x95,0x94,0xfd,0x9a,0x9c,0x9c,0xff,0xa2,0xa5,0xa5,0xff,0xa8,0xab,0xab,0xff,
0xb4,0xb7,0xb2,0xff,0xbb,0xbd,0xbc,0xff,0xa1,0xa5,0xbc,0xff,0x6e,0x78,0xb2,0xff,
0x46,0x52,0xa4,0xff,0x36,0x42,0x9d,0xff,0x34,0x41,0x9c,0xff,0x36,0x40,0x9b,0xff,
0x34,0x3e,0x99,0xff,0x2f,0x39,0x95,0xff,0x2b,0x35,0x92,0xff,0x27,0x32,0x90,0xff,
0x22,0x2f,0x8b,0xff,0x20,0x2c,0x88,0xff,0x1f,0x2b,0x87,0xff,0x1e,0x2a,0x86,0xff,
0x1e,0x2a,0x85,0xff,0x1d,0x2a,0x84,0xff,0x1d,0x29,0x84,0xff,0x1d,0x29,0x83,0xff,
0x1d,0x29,0x83,0xff,0x1d,0x29,0x83,0xff,0x1c,0x29,0x82,0xff,0x1c,0x29,0x82,0xff,
0x1d,0x29,0x82,0xff,0x1d,0x29,0x82,0xff,0x1d,0x29,0x82,0xff,0x1d,0x29,0x82,0xff,
0x1d,0x29,0x82,0xff,0x1d,0x29,0x83,0xff,0x1d,0x29,0x83,0xff,0x1e,0x2a,0x83,0xff,
0x1d,0x29,0x83,0xff,0x1d,0x29,0x82,0xff,0x1d,0x28,0x82,0xff,0x1d,0x29,0x83,0xff,
0x1d,0x29,0x83,0xff,0x1d,0x29,0x84,0xff,0x1e,0x2a,0x85,0xff,0x1e,0x2a,0x86,0xff,
0x1f,0x2b,0x87,0xff,0x21,0x2d,0x89,0xff,0x22,0x2e,0x8a,0xff,0x25,0x30,0x8d,0xff,
0x28,0x32,0x8e,0xff,0x2b,0x34,0x90,0xff,0x2b,0x34,0x91,0xff,0x2b,0x34,0x93,0xff,
0x30,0x3a,0x97,0xff,0x42,0x4b,0x9b,0xff,0x66,0x6b,0x9d,0xff,0x85,0x87,0x97,0xff,
0x8c,0x8d,0x8b,0xff,0x84,0x85,0x83,0xff,0x7f,0x80,0x82,0xff,0x7d,0x7d,0x7f,0xff,
0x78,0x79,0x79,0xff,0x71,0x71,0x73,0xfe,0x73,0x73,0x74,0xff,0x85,0x87,0x85,0x93,
0x00,0x00,0x00,0x00,0x00,0x00,0x00,0x00,0x7f,0x7f,0x7f,0x02,0x00,0x00,0x00,0x00,
0x92,0x92,0x92,0x59,0x88,0x8b,0x8a,0xfd,0x8a,0x8d,0x8c,0xfe,0x91,0x93,0x93,0xfe,
0x99,0x9c,0x9c,0xff,0xa2,0xa5,0xa4,0xff,0xa7,0xab,0xab,0xff,0xae,0xb1,0xb1,0xff,
0xba,0xbc,0xb7,0xff,0xbf,0xc1,0xbe,0xff,0xab,0xae,0xbd,0xff,0x83,0x8a,0xb3,0xff,
0x5e,0x67,0xa9,0xff,0x41,0x4c,0xa0,0xff,0x2f,0x3b,0x98,0xff,0x29,0x34,0x95,0xff,
0x27,0x31,0x90,0xff,0x26,0x30,0x8f,0xff,0x23,0x2f,0x8d,0xff,0x22,0x2f,0x8a,0xff,
0x21,0x2e,0x89,0xff,0x20,0x2c,0x87,0xff,0x1f,0x2b,0x86,0xff,0x1e,0x2b,0x85,0xff,
0x1d,0x2a,0x85,0xff,0x1d,0x29,0x83,0xff,0x1d,0x29,0x83,0xff,0x1d,0x29,0x83,0xff,
0x1d,0x29,0x82,0xff,0x1c,0x29,0x82,0xff,0x1d,0x29,0x82,0xff,0x1d,0x29,0x82,0xff,
0x1d,0x29,0x82,0xff,0x1d,0x29,0x82,0xff,0x1d,0x29,0x82,0xff,0x1d,0x29,0x83,0xff,
0x1d,0x29,0x83,0xff,0x1d,0x29,0x83,0xff,0x1d,0x29,0x83,0xff,0x1d,0x29,0x83,0xff,
0x1d,0x2a,0x84,0xff,0x1e,0x2a,0x85,0xff,0x1e,0x2b,0x85,0xff,0x1f,0x2b,0x86,0xff,
0x20,0x2b,0x86,0xff,0x21,0x2c,0x87,0xff,0x21,0x2c,0x88,0xff,0x21,0x2d,0x89,0xff,
0x20,0x2c,0x8a,0xff,0x21,0x2c,0x8c,0xff,0x25,0x30,0x90,0xff,0x2c,0x36,0x95,0xff,
0x3e,0x47,0x9b,0xff,0x58,0x5f,0x9f,0xff,0x74,0x78,0x9c,0xff,0x88,0x8a,0x94,0xff,
0x8f,0x90,0x8c,0xff,0x87,0x88,0x86,0xff,0x82,0x83,0x85,0xff,0x81,0x82,0x83,0xff,
0x7e,0x7e,0x80,0xff,0x78,0x79,0x7a,0xff,0x71,0x71,0x72,0xfe,0x6a,0x6a,0x6b,0xfe,
0x68,0x69,0x69,0xf5,0x81,0x81,0x81,0x43,0x00,0x00,0x00,0x00,0x00,0x00,0x00,0x00,
0x00,0x00,0x00,0x01,0x00,0x00,0x00,0x00,0xa2,0xa2,0xa2,0x0b,0x82,0x85,0x83,0xcb,
0x89,0x8c,0x8b,0xff,0x8a,0x8d,0x8c,0xfd,0x92,0x94,0x94,0xff,0x98,0x9c,0x9b,0xff,
0x9f,0xa3,0xa1,0xff,0xa7,0xaa,0xa9,0xff,0xac,0xae,0xaf,0xff,0xb0,0xb4,0xb2,0xff,
0xb9,0xbc,0xb7,0xff,0xc0,0xc2,0xbd,0xff,0xbd,0xbf,0xbe,0xff,0xaa,0xad,0xbb,0xff,
0x8a,0x90,0xb5,0xff,0x68,0x70,0xac,0xff,0x4b,0x54,0xa2,0xff,0x36,0x41,0x99,0xff,
0x26,0x31,0x8f,0xff,0x1d,0x29,0x8b,0xff,0x1a,0x27,0x88,0xff,0x1a,0x27,0x86,0xff,
0x1b,0x28,0x84,0xff,0x1c,0x28,0x84,0xff,0x1d,0x29,0x84,0xff,0x1d,0x29,0x84,0xff,
0x1e,0x2a,0x83,0xff,0x1e,0x2a,0x83,0xff,0x1e,0x2b,0x83,0xff,0x1f,0x2b,0x84,0xff,
0x1f,0x2b,0x84,0xff,0x1f,0x2b,0x84,0xff,0x1f,0x2b,0x84,0xff,0x1f,0x2b,0x84,0xff,
0x1f,0x2b,0x85,0xff,0x1f,0x2b,0x84,0xff,0x1e,0x2a,0x84,0xff,0x1e,0x2b,0x84,0xff,
0x1f,0x2b,0x84,0xff,0x1e,0x2a,0x84,0xff,0x1d,0x29,0x84,0xff,0x1d,0x29,0x83,0xff,
0x1c,0x27,0x83,0xff,0x1a,0x26,0x83,0xff,0x19,0x26,0x85,0xff,0x1a,0x26,0x87,0xff,
0x1e,0x2a,0x8b,0xff,0x26,0x32,0x91,0xff,0x37,0x40,0x98,0xff,0x4b,0x54,0x9d,0xff,
0x63,0x69,0x9f,0xff,0x78,0x7c,0x9d,0xff,0x89,0x8a,0x98,0xff,0x90,0x91,0x91,0xff,
0x8e,0x8e,0x8a,0xff,0x88,0x89,0x88,0xff,0x84,0x85,0x87,0xff,0x84,0x85,0x87,0xff,
0x81,0x83,0x84,0xff,0x7c,0x7e,0x7e,0xff,0x77,0x78,0x79,0xff,0x70,0x71,0x72,0xff,
0x69,0x69,0x6a,0xfc,0x62,0x63,0x64,0xff,0x61,0x64,0x63,0xaf,0xb6,0xb6,0xb6,0x07,
0x00,0x00,0x00,0x00,0x00,0x00,0x00,0x00,0x00,0x00,0x00,0x00,0x7f,0x7f,0x7f,0x02,
0x00,0x00,0x00,0x00,0x86,0x8a,0x86,0x48,0x82,0x85,0x83,0xf6,0x87,0x8a,0x89,0xfe,
0x8c,0x8f,0x8e,0xfd,0x92,0x95,0x94,0xff,0x97,0x9a,0x99,0xff,0x9e,0xa0,0x9f,0xff,
0xa5,0xa7,0xa6,0xff,0xa9,0xad,0xac,0xff,0xad,0xb0,0xb0,0xff,0xb0,0xb3,0xb3,0xff,
0xb4,0xb7,0xb5,0xff,0xb9,0xbc,0xb7,0xff,0xbd,0xbf,0xb9,0xff,0xbb,0xbd,0xb9,0xff,
0xb2,0xb4,0xb8,0xff,0xa2,0xa4,0xb4,0xff,0x8a,0x8d,0xae,0xff,0x72,0x78,0xaa,0xff,
0x5e,0x66,0xa5,0xff,0x4a,0x53,0x9e,0xff,0x36,0x40,0x98,0xff,0x27,0x33,0x91,0xff,
0x21,0x2e,0x8c,0xff,0x1d,0x29,0x88,0xff,0x19,0x26,0x85,0xff,0x17,0x23,0x83,0xff,
0x16,0x22,0x81,0xff,0x15,0x21,0x80,0xff,0x15,0x21,0x80,0xff,0x15,0x21,0x80,0xff,
0x14,0x21,0x80,0xff,0x15,0x21,0x80,0xff,0x15,0x21,0x80,0xff,0x15,0x21,0x81,0xff,
0x16,0x22,0x82,0xff,0x17,0x23,0x82,0xff,0x18,0x24,0x83,0xff,0x1b,0x27,0x86,0xff,
0x1f,0x2c,0x8a,0xff,0x24,0x30,0x8f,0xff,0x2c,0x36,0x92,0xff,0x39,0x43,0x96,0xff,
0x4d,0x55,0x9c,0xff,0x5e,0x65,0xa1,0xff,0x6d,0x73,0xa3,0xff,0x7b,0x7f,0x9f,0xff,
0x89,0x8b,0x9a,0xff,0x8f,0x90,0x93,0xff,0x90,0x8f,0x8d,0xff,0x8d,0x8e,0x8b,0xff,
0x88,0x89,0x88,0xff,0x86,0x87,0x87,0xff,0x86,0x87,0x88,0xff,0x86,0x86,0x88,0xff,
0x83,0x84,0x85,0xff,0x80,0x81,0x82,0xff,0x7b,0x7c,0x7e,0xff,0x75,0x76,0x77,0xff,
0x6f,0x6f,0x70,0xff,0x68,0x68,0x6a,0xfd,0x61,0x61,0x62,0xff,0x5a,0x5a,0x5a,0xe4,
0x79,0x79,0x79,0x2c,0x00,0x00,0x00,0x00,0x00,0x00,0x00,0x00,0x00,0x00,0x00,0x00,
0x00,0x00,0x00,0x00,0x00,0x00,0x00,0x00,0x7f,0x7f,0x7f,0x02,0x00,0x00,0x00,0x00,
0x82,0x82,0x82,0x73,0x83,0x86,0x86,0xfe,0x89,0x8c,0x8a,0xff,0x8d,0x90,0x8f,0xfd,
0x92,0x95,0x94,0xff,0x97,0x9a,0x99,0xff,0x9b,0x9e,0x9d,0xff,0xa1,0xa4,0xa3,0xff,
0xa6,0xa8,0xa7,0xff,0xaa,0xad,0xac,0xff,0xae,0xb1,0xb0,0xff,0xaf,0xb2,0xb2,0xff,
0xaf,0xb3,0xb3,0xff,0xb0,0xb4,0xb3,0xff,0xb1,0xb3,0xb2,0xff,0xb2,0xb4,0xb1,0xff,
0xb3,0xb5,0xb0,0xff,0xb2,0xb3,0xaf,0xff,0xae,0xaf,0xae,0xff,0xa8,0xaa,0xaf,0xff,
0xa0,0xa3,0xb2,0xff,0x98,0x9a,0xb2,0xff,0x8e,0x90,0xb0,0xff,0x82,0x86,0xac,0xff,
0x76,0x7c,0xaa,0xff,0x6a,0x70,0xaa,0xff,0x61,0x67,0xa8,0xff,0x5d,0x63,0xa6,0xff,
0x5a,0x60,0xa4,0xff,0x57,0x5d,0xa3,0xff,0x52,0x5a,0xa1,0xff,0x52,0x58,0x9f,0xff,
0x55,0x5b,0xa0,0xff,0x59,0x5e,0xa1,0xff,0x5f,0x65,0xa1,0xff,0x63,0x69,0xa1,0xff,
0x68,0x6e,0xa1,0xff,0x73,0x78,0xa3,0xff,0x7d,0x80,0xa4,0xff,0x85,0x87,0xa4,0xff,
0x8a,0x8b,0xa0,0xff,0x8d,0x8f,0x9b,0xff,0x91,0x92,0x95,0xff,0x93,0x92,0x91,0xff,
0x90,0x90,0x8d,0xff,0x8d,0x8c,0x89,0xff,0x89,0x89,0x87,0xff,0x86,0x87,0x87,0xff,
0x86,0x87,0x89,0xff,0x86,0x88,0x8a,0xff,0x86,0x87,0x89,0xff,0x86,0x87,0x87,0xff,
0x84,0x85,0x86,0xff,0x82,0x82,0x83,0xff,0x7e,0x7f,0x80,0xff,0x79,0x7a,0x7b,0xff,
0x74,0x75,0x76,0xff,0x6e,0x6f,0x6f,0xff,0x68,0x69,0x69,0xfc,0x62,0x62,0x63,0xff,
0x59,0x59,0x59,0xf1,0x64,0x67,0x64,0x4f,0x00,0x00,0x00,0x00,0x7f,0x7f,0x7f,0x02,
0x00,0x00,0x00,0x00,0x00,0x00,0x00,0x00,0x00,0x00,0x00,0x00,0x00,0x00,0x00,0x00,
0x00,0x00,0x00,0x00,0x7f,0x7f,0x7f,0x02,0x00,0x00,0x00,0x00,0x81,0x84,0x84,0x6e,
0x86,0x89,0x87,0xf9,0x8c,0x8f,0x8e,0xff,0x8d,0x90,0x8f,0xfc,0x92,0x95,0x94,0xfe,
0x96,0x98,0x98,0xff,0x9a,0x9c,0x9b,0xff,0x9e,0xa0,0x9f,0xff,0xa1,0xa4,0xa2,0xff,
0xa5,0xa8,0xa6,0xff,0xa7,0xaa,0xaa,0xff,0xaa,0xae,0xac,0xff,0xac,0xb0,0xaf,0xff,
0xae,0xaf,0xb0,0xff,0xad,0xaf,0xb0,0xff,0xa9,0xad,0xad,0xff,0xa7,0xa9,0xab,0xff,
0xa6,0xa8,0xa8,0xff,0xa4,0xa7,0xa6,0xff,0xa7,0xa9,0xa6,0xff,0xaa,0xab,0xa8,0xff,
0xaa,0xab,0xa7,0xff,0xa9,0xab,0xa6,0xff,0xaa,0xab,0xa6,0xff,0xa9,0xab,0xa6,0xff,
0xaa,0xaa,0xa7,0xff,0xa9,0xa8,0xa6,0xff,0xa7,0xa7,0xa5,0xff,0xa6,0xa6,0xa4,0xff,
0xa3,0xa4,0xa2,0xff,0xa2,0xa2,0xa1,0xff,0x9f,0xa1,0x9e,0xff,0x9e,0x9f,0x9b,0xff,
0x9e,0x9e,0x9a,0xff,0x9c,0x9e,0x9a,0xff,0x99,0x9b,0x97,0xff,0x96,0x97,0x92,0xff,
0x92,0x93,0x8e,0xff,0x8e,0x8f,0x8b,0xff,0x8b,0x8c,0x88,0xff,0x87,0x89,0x86,0xff,
0x86,0x87,0x87,0xff,0x85,0x86,0x88,0xff,0x86,0x87,0x89,0xff,0x87,0x88,0x8a,0xff,
0x87,0x88,0x8a,0xff,0x87,0x88,0x8a,0xff,0x86,0x88,0x88,0xff,0x84,0x86,0x87,0xff,
0x83,0x84,0x85,0xff,0x80,0x82,0x83,0xff,0x7d,0x7f,0x7f,0xff,0x7a,0x7b,0x7b,0xff,
0x77,0x77,0x78,0xff,0x71,0x72,0x73,0xff,0x6c,0x6d,0x6e,0xfe,0x66,0x67,0x68,0xfd,
0x64,0x65,0x65,0xff,0x5b,0x5c,0x5c,0xeb,0x60,0x60,0x60,0x4d,0x00,0x00,0x00,0x00,
0x7f,0x7f,0x7f,0x02,0x00,0x00,0x00,0x00,0x00,0x00,0x00,0x00,0x00,0x00,0x00,0x00,
0x00,0x00,0x00,0x00,0x00,0x00,0x00,0x00,0x00,0x00,0x00,0x00,0x00,0x00,0x00,0x01,
0xff,0xff,0xff,0x01,0x00,0x00,0x00,0x00,0x83,0x86,0x86,0x57,0x87,0x89,0x87,0xe0,
0x8f,0x91,0x91,0xff,0x8e,0x91,0x90,0xff,0x92,0x93,0x94,0xfc,0x95,0x98,0x97,0xff,
0x98,0x9b,0x9a,0xff,0x9b,0x9d,0x9c,0xff,0x9d,0xa0,0x9f,0xff,0x9f,0xa2,0xa1,0xff,
0xa2,0xa5,0xa3,0xff,0xa5,0xa8,0xa6,0xff,0xa7,0xa9,0xa8,0xff,0xa8,0xaa,0xaa,0xff,
0xa8,0xab,0xab,0xff,0xa7,0xaa,0xaa,0xff,0xa6,0xa8,0xa9,0xff,0xa5,0xa8,0xa8,0xff,
0xa4,0xa6,0xa7,0xff,0xa3,0xa6,0xa7,0xff,0xa2,0xa4,0xa6,0xff,0xa1,0xa3,0xa5,0xff,
0x9e,0xa1,0xa2,0xff,0x9c,0x9f,0x9f,0xff,0x9a,0x9c,0x9d,0xff,0x98,0x99,0x9b,0xff,
0x97,0x99,0x9a,0xff,0x95,0x98,0x99,0xff,0x93,0x95,0x96,0xff,0x91,0x93,0x94,0xff,
0x90,0x92,0x93,0xff,0x8e,0x91,0x91,0xff,0x8d,0x8e,0x90,0xff,0x8c,0x8e,0x8f,0xff,
0x8b,0x8d,0x8e,0xff,0x8a,0x8b,0x8e,0xff,0x8a,0x8c,0x8d,0xff,0x89,0x8b,0x8d,0xff,
0x88,0x8a,0x8c,0xff,0x88,0x8a,0x8b,0xff,0x89,0x8a,0x8c,0xff,0x89,0x8a,0x8b,0xff,
0x88,0x89,0x8a,0xff,0x87,0x89,0x8a,0xff,0x86,0x87,0x88,0xff,0x84,0x85,0x87,0xff,
0x82,0x84,0x85,0xff,0x7f,0x80,0x81,0xff,0x7c,0x7d,0x7e,0xff,0x78,0x7a,0x7a,0xff,
0x75,0x76,0x77,0xff,0x73,0x73,0x74,0xff,0x6e,0x6f,0x70,0xfe,0x6b,0x6c,0x6d,0xfc,
0x67,0x69,0x6a,0xff,0x63,0x64,0x65,0xff,0x5d,0x5e,0x5e,0xc5,0x69,0x69,0x69,0x3a,
0x00,0x00,0x00,0x00,0x7f,0x7f,0x7f,0x02,0x00,0x00,0x00,0x00,0x00,0x00,0x00,0x00,
0x00,0x00,0x00,0x00,0x00,0x00,0x00,0x00,0x00,0x00,0x00,0x00,0x00,0x00,0x00,0x00,
0x00,0x00,0x00,0x00,0x00,0x00,0x00,0x00,0x00,0x00,0x00,0x00,0x7f,0x7f,0x7f,0x02,
0x00,0x00,0x00,0x00,0x8d,0x8d,0x8d,0x24,0x85,0x89,0x87,0x9e,0x88,0x8c,0x8a,0xfe,
0x94,0x96,0x96,0xff,0x92,0x94,0x94,0xff,0x94,0x97,0x95,0xfd,0x95,0x98,0x97,0xfe,
0x98,0x9b,0x99,0xff,0x99,0x9c,0x9b,0xff,0x9b,0x9e,0x9d,0xff,0x9d,0xa0,0x9f,0xff,
0x9f,0xa1,0xa0,0xff,0xa0,0xa1,0xa2,0xff,0xa1,0xa3,0xa3,0xff,0xa1,0xa5,0xa3,0xff,
0xa1,0xa4,0xa3,0xff,0xa1,0xa3,0xa3,0xff,0xa0,0xa2,0xa3,0xff,0xa0,0xa2,0xa2,0xff,
0x9f,0xa1,0xa1,0xff,0x9f,0xa1,0xa1,0xff,0x9e,0xa1,0xa0,0xff,0x9d,0x9f,0x9f,0xff,
0x9c,0x9e,0x9e,0xff,0x9a,0x9c,0x9d,0xff,0x99,0x9b,0x9b,0xff,0x98,0x99,0x9b,0xff,
0x97,0x99,0x99,0xff,0x95,0x98,0x98,0xff,0x93,0x96,0x97,0xff,0x92,0x94,0x95,0xff,
0x91,0x92,0x93,0xff,0x8f,0x92,0x91,0xff,0x8f,0x90,0x91,0xff,0x8d,0x8e,0x90,0xff,
0x8c,0x8e,0x8e,0xff,0x8b,0x8d,0x8d,0xff,0x89,0x8c,0x8c,0xff,0x89,0x8b,0x8c,0xff,
0x88,0x8a,0x8b,0xff,0x88,0x88,0x8a,0xff,0x85,0x85,0x87,0xff,0x83,0x84,0x85,0xff,
0x80,0x82,0x83,0xff,0x7d,0x7f,0x80,0xff,0x7b,0x7c,0x7d,0xff,0x77,0x79,0x7a,0xff,
0x75,0x76,0x77,0xff,0x71,0x74,0x74,0xff,0x6e,0x71,0x70,0xfd,0x6b,0x6d,0x6d,0xfd,
0x6b,0x6c,0x6c,0xff,0x6a,0x6c,0x6c,0xff,0x61,0x62,0x62,0xf0,0x63,0x66,0x66,0x7d,
0x7f,0x7f,0x7f,0x0e,0x00,0x00,0x00,0x00,0x7f,0x7f,0x7f,0x02,0x00,0x00,0x00,0x00,
0x00,0x00,0x00,0x00,0x00,0x00,0x00,0x00,0x00,0x00,0x00,0x00,0x00,0x00,0x00,0x00,
0x00,0x00,0x00,0x00,0x00,0x00,0x00,0x00,0x00,0x00,0x00,0x00,0x00,0x00,0x00,0x00,
0x00,0x00,0x00,0x00,0x00,0x00,0x00,0x00,0x7f,0x7f,0x7f,0x02,0x00,0x00,0x00,0x00,
0x00,0x00,0x00,0x00,0x87,0x87,0x87,0x53,0x88,0x8b,0x8a,0xbe,0x8c,0x8e,0x8e,0xfe,
0x96,0x99,0x98,0xff,0x95,0x98,0x96,0xff,0x94,0x97,0x95,0xfd,0x94,0x98,0x96,0xfd,
0x96,0x98,0x97,0xfe,0x97,0x9a,0x99,0xff,0x99,0x9b,0x9a,0xff,0x99,0x9c,0x9b,0xff,
0x9a,0x9c,0x9d,0xff,0x9b,0x9d,0x9d,0xff,0x9a,0x9d,0x9d,0xff,0x9a,0x9c,0x9d,0xff,
0x99,0x9c,0x9c,0xff,0x99,0x9c,0x9b,0xff,0x98,0x9b,0x9b,0xff,0x98,0x9b,0x9a,0xff,
0x97,0x99,0x9a,0xff,0x97,0x99,0x99,0xff,0x97,0x99,0x99,0xff,0x95,0x97,0x98,0xff,
0x94,0x96,0x96,0xff,0x94,0x96,0x97,0xff,0x93,0x96,0x96,0xff,0x93,0x95,0x95,0xff,
0x91,0x93,0x94,0xff,0x90,0x92,0x92,0xff,0x8e,0x91,0x91,0xff,0x8d,0x90,0x90,0xff,
0x8d,0x8e,0x8e,0xff,0x8b,0x8c,0x8c,0xff,0x89,0x8b,0x8c,0xff,0x88,0x8a,0x8a,0xff,
0x87,0x88,0x89,0xff,0x85,0x86,0x87,0xff,0x83,0x85,0x85,0xff,0x81,0x82,0x83,0xff,
0x7f,0x7f,0x81,0xff,0x7c,0x7d,0x7e,0xff,0x78,0x79,0x7b,0xff,0x76,0x78,0x78,0xff,
0x73,0x74,0x75,0xfe,0x71,0x72,0x73,0xfd,0x6e,0x70,0x70,0xfd,0x6d,0x6f,0x6f,0xfe,
0x6d,0x70,0x6f,0xff,0x6c,0x6e,0x6e,0xff,0x66,0x67,0x68,0xf1,0x68,0x69,0x68,0x9f,
0x6d,0x6d,0x6d,0x38,0x00,0x00,0x00,0x00,0x00,0x00,0x00,0x00,0x7f,0x7f,0x7f,0x02,
0x00,0x00,0x00,0x00,0x00,0x00,0x00,0x00,0x00,0x00,0x00,0x00,0x00,0x00,0x00,0x00,
0x00,0x00,0x00,0x00,0x00,0x00,0x00,0x00,0x00,0x00,0x00,0x00,0x00,0x00,0x00,0x00,
0x00,0x00,0x00,0x00,0x00,0x00,0x00,0x00,0x00,0x00,0x00,0x00,0x00,0x00,0x00,0x00,
0x00,0x00,0x00,0x00,0x7f,0x7f,0x7f,0x02,0x00,0x00,0x00,0x00,0x00,0x00,0x00,0x00,
0x7f,0x7f,0x7f,0x08,0x88,0x88,0x8b,0x4b,0x8a,0x8d,0x8b,0xa8,0x8d,0x8f,0x8e,0xee,
0x94,0x97,0x95,0xff,0x97,0x99,0x98,0xff,0x94,0x97,0x96,0xff,0x93,0x96,0x95,0xfd,
0x94,0x96,0x95,0xfc,0x94,0x97,0x96,0xfd,0x95,0x97,0x96,0xfe,0x96,0x97,0x97,0xff,
0x95,0x97,0x97,0xff,0x95,0x97,0x97,0xff,0x95,0x97,0x97,0xff,0x93,0x96,0x95,0xff,
0x92,0x95,0x94,0xff,0x92,0x94,0x93,0xff,0x90,0x93,0x93,0xff,0x90,0x92,0x92,0xff,
0x8f,0x91,0x91,0xff,0x8f,0x90,0x91,0xff,0x8e,0x90,0x90,0xff,0x8d,0x90,0x90,0xff,
0x8d,0x8e,0x8f,0xff,0x8d,0x8e,0x8f,0xff,0x8c,0x8e,0x8e,0xff,0x8b,0x8d,0x8e,0xff,
0x8a,0x8b,0x8c,0xff,0x87,0x89,0x8a,0xff,0x86,0x88,0x88,0xff,0x85,0x88,0x87,0xff,
0x84,0x86,0x86,0xff,0x82,0x83,0x83,0xff,0x81,0x82,0x82,0xff,0x7e,0x7f,0x80,0xff,
0x7b,0x7c,0x7d,0xff,0x79,0x7a,0x7b,0xff,0x77,0x78,0x78,0xfe,0x74,0x76,0x76,0xfe,
0x72,0x73,0x74,0xfd,0x71,0x73,0x73,0xfc,0x6f,0x71,0x71,0xff,0x70,0x72,0x73,0xff,
0x70,0x72,0x72,0xff,0x6b,0x6d,0x6e,0xff,0x68,0x6b,0x6b,0xdb,0x6a,0x6c,0x6c,0x90,
0x73,0x73,0x73,0x33,0x00,0x00,0x00,0x00,0x00,0x00,0x00,0x00,0x00,0x00,0x00,0x01,
0x00,0x00,0x00,0x01,0x00,0x00,0x00,0x00,0x00,0x00,0x00,0x00,0x00,0x00,0x00,0x00,
0x00,0x00,0x00,0x00,0x00,0x00,0x00,0x00,0x00,0x00,0x00,0x00,0x00,0x00,0x00,0x00,
0x00,0x00,0x00,0x00,0x00,0x00,0x00,0x00,0x00,0x00,0x00,0x00,0x00,0x00,0x00,0x00,
0x00,0x00,0x00,0x00,0x00,0x00,0x00,0x00,0x00,0x00,0x00,0x00,0x00,0x00,0x00,0x00,
0x00,0x00,0x00,0x01,0x7f,0x7f,0x7f,0x02,0x00,0x00,0x00,0x00,0x00,0x00,0x00,0x00,
0x00,0x00,0x00,0x00,0x82,0x82,0x88,0x2d,0x88,0x8a,0x8a,0x70,0x8b,0x8c,0x8b,0xbb,
0x8c,0x8e,0x8d,0xef,0x93,0x96,0x95,0xff,0x96,0x99,0x98,0xff,0x95,0x96,0x97,0xff,
0x93,0x95,0x94,0xff,0x91,0x93,0x93,0xfe,0x91,0x93,0x93,0xfc,0x91,0x93,0x93,0xfc,
0x90,0x93,0x92,0xfd,0x8f,0x91,0x91,0xfe,0x8e,0x90,0x90,0xfe,0x8d,0x8f,0x8f,0xff,
0x8c,0x8e,0x8e,0xff,0x8b,0x8c,0x8d,0xff,0x8a,0x8c,0x8d,0xff,0x89,0x8b,0x8c,0xff,
0x88,0x8a,0x8b,0xff,0x88,0x8a,0x8a,0xff,0x87,0x88,0x89,0xff,0x87,0x88,0x88,0xff,
0x86,0x86,0x88,0xff,0x85,0x86,0x87,0xff,0x83,0x84,0x85,0xff,0x80,0x83,0x82,0xff,
0x7f,0x82,0x81,0xff,0x7e,0x7f,0x80,0xff,0x7c,0x7e,0x7e,0xfe,0x7a,0x7b,0x7c,0xfe,
0x78,0x7a,0x7a,0xfd,0x76,0x78,0x78,0xfd,0x75,0x76,0x77,0xfc,0x73,0x75,0x75,0xfd,
0x73,0x74,0x74,0xff,0x72,0x73,0x74,0xff,0x73,0x75,0x75,0xff,0x73,0x75,0x75,0xff,
0x6e,0x6f,0x6f,0xff,0x6b,0x6c,0x6c,0xe4,0x6c,0x6d,0x6d,0xa7,0x6e,0x71,0x71,0x58,
0x7f,0x7f,0x7f,0x1a,0x00,0x00,0x00,0x00,0x00,0x00,0x00,0x00,0x00,0x00,0x00,0x01,
0x7f,0x7f,0x7f,0x02,0x00,0x00,0x00,0x00,0x00,0x00,0x00,0x00,0x00,0x00,0x00,0x00,
0x00,0x00,0x00,0x00,0x00,0x00,0x00,0x00,0x00,0x00,0x00,0x00,0x00,0x00,0x00,0x00,
0x00,0x00,0x00,0x00,0x00,0x00,0x00,0x00,0x00,0x00,0x00,0x00,0x00,0x00,0x00,0x00,
0x00,0x00,0x00,0x00,0x00,0x00,0x00,0x00,0x00,0x00,0x00,0x00,0x00,0x00,0x00,0x00,
0x00,0x00,0x00,0x00,0x00,0x00,0x00,0x00,0x00,0x00,0x00,0x00,0x00,0x00,0x00,0x00,
0x00,0x00,0x00,0x01,0x7f,0x7f,0x7f,0x02,0x00,0x00,0x00,0x01,0x00,0x00,0x00,0x00,
0x00,0x00,0x00,0x00,0x3f,0x3f,0x3f,0x04,0x86,0x8b,0x8b,0x37,0x88,0x8a,0x88,0x74,
0x8a,0x8d,0x8b,0xaa,0x8b,0x8c,0x8c,0xd8,0x8c,0x8e,0x8e,0xf9,0x91,0x93,0x92,0xff,
0x95,0x98,0x97,0xff,0x95,0x98,0x98,0xff,0x92,0x95,0x94,0xff,0x90,0x92,0x92,0xff,
0x8e,0x90,0x90,0xff,0x8c,0x8e,0x8e,0xff,0x8a,0x8c,0x8c,0xff,0x89,0x8b,0x8b,0xff,
0x87,0x8a,0x89,0xfe,0x86,0x88,0x88,0xfe,0x84,0x86,0x87,0xfe,0x83,0x86,0x86,0xfe,
0x82,0x84,0x84,0xfe,0x81,0x83,0x83,0xfe,0x80,0x82,0x82,0xfe,0x7f,0x81,0x81,0xfe,
0x7e,0x80,0x80,0xfe,0x7c,0x7e,0x7e,0xfe,0x7c,0x7d,0x7d,0xff,0x7a,0x7c,0x7c,0xff,
0x79,0x7b,0x7b,0xff,0x79,0x7b,0x7b,0xff,0x78,0x7a,0x7a,0xff,0x78,0x7b,0x7a,0xff,
0x78,0x7c,0x7b,0xff,0x76,0x78,0x78,0xff,0x71,0x73,0x72,0xff,0x6f,0x71,0x70,0xf3,
0x6f,0x71,0x71,0xcb,0x6d,0x6d,0x6d,0x97,0x71,0x71,0x71,0x5c,0x78,0x78,0x78,0x24,
0x00,0x00,0x00,0x00,0x00,0x00,0x00,0x00,0x00,0x00,0x00,0x00,0x7f,0x7f,0x7f,0x02,
0x7f,0x7f,0x7f,0x02,0x00,0x00,0x00,0x00,0x00,0x00,0x00,0x00,0x00,0x00,0x00,0x00,
0x00,0x00,0x00,0x00,0x00,0x00,0x00,0x00,0x00,0x00,0x00,0x00,0x00,0x00,0x00,0x00,
0x00,0x00,0x00,0x00,0x00,0x00,0x00,0x00,0x00,0x00,0x00,0x00,0x00,0x00,0x00,0x00,
0x00,0x00,0x00,0x00,0x00,0x00,0x00,0x00,0x00,0x00,0x00,0x00,0x00,0x00,0x00,0x00,
0x00,0x00,0x00,0x00,0x00,0x00,0x00,0x00,0x00,0x00,0x00,0x00,0x00,0x00,0x00,0x00,
0x00,0x00,0x00,0x00,0x00,0x00,0x00,0x00,0x00,0x00,0x00,0x00,0x00,0x00,0x00,0x00,
0x00,0x00,0x00,0x00,0x7f,0x7f,0x7f,0x02,0x7f,0x7f,0x7f,0x02,0x00,0x00,0x00,0x00,
0x00,0x00,0x00,0x00,0x00,0x00,0x00,0x00,0x00,0x00,0x00,0x00,0x7f,0x7f,0x7f,0x12,
0x83,0x88,0x88,0x3c,0x87,0x87,0x87,0x64,0x85,0x89,0x89,0x86,0x86,0x89,0x89,0xab,
0x88,0x89,0x89,0xc8,0x86,0x89,0x89,0xe3,0x86,0x88,0x87,0xf4,0x86,0x89,0x88,0xfc,
0x86,0x89,0x88,0xff,0x87,0x8a,0x89,0xff,0x87,0x8a,0x88,0xff,0x87,0x89,0x89,0xff,
0x86,0x89,0x88,0xff,0x85,0x87,0x87,0xff,0x84,0x86,0x87,0xff,0x82,0x85,0x85,0xff,
0x80,0x84,0x83,0xff,0x7f,0x82,0x81,0xff,0x7e,0x80,0x7f,0xff,0x7c,0x7d,0x7e,0xff,
0x79,0x7b,0x7b,0xff,0x77,0x78,0x78,0xff,0x76,0x78,0x77,0xfa,0x74,0x76,0x75,0xeb,
0x74,0x76,0x75,0xd9,0x74,0x74,0x74,0xc2,0x71,0x75,0x73,0x9f,0x71,0x75,0x73,0x75,
0x77,0x77,0x77,0x53,0x74,0x74,0x74,0x2e,0x8b,0x8b,0x8b,0x0b,0x00,0x00,0x00,0x00,
0x00,0x00,0x00,0x00,0x00,0x00,0x00,0x00,0x00,0x00,0x00,0x01,0x7f,0x7f,0x7f,0x02,
0xff,0xff,0xff,0x01,0x00,0x00,0x00,0x00,0x00,0x00,0x00,0x00,0x00,0x00,0x00,0x00,
0x00,0x00,0x00,0x00,0x00,0x00,0x00,0x00,0x00,0x00,0x00,0x00,0x00,0x00,0x00,0x00,
0x00,0x00,0x00,0x00,0x00,0x00,0x00,0x00,0x00,0x00,0x00,0x00,0x00,0x00,0x00,0x00,
0x00,0x00,0x00,0x00,0x00,0x00,0x00,0x00,0x00,0x00,0x00,0x00,0x00,0x00,0x00,0x00,
0x00,0x00,0x00,0x00,0x00,0x00,0x00,0x00,0x00,0x00,0x00,0x00,0x00,0x00,0x00,0x00,
0x00,0x00,0x00,0x00,0x00,0x00,0x00,0x00,0x00,0x00,0x00,0x00,0x00,0x00,0x00,0x00,
0x00,0x00,0x00,0x00,0x00,0x00,0x00,0x00,0x00,0x00,0x00,0x00,0x00,0x00,0x00,0x00,
0x00,0x00,0x00,0x00,0x00,0x00,0x00,0x01,0x7f,0x7f,0x7f,0x02,0xaa,0xaa,0xaa,0x03,
0x00,0x00,0x00,0x00,0x00,0x00,0x00,0x00,0x00,0x00,0x00,0x00,0x00,0x00,0x00,0x00,
0x00,0x00,0x00,0x00,0x00,0x00,0x00,0x00,0x87,0x87,0x87,0x11,0x7b,0x7b,0x83,0x23,
0x7f,0x84,0x7f,0x38,0x82,0x86,0x82,0x4e,0x7e,0x80,0x80,0x61,0x81,0x83,0x81,0x78,
0x83,0x83,0x83,0x88,0x7e,0x80,0x80,0x8f,0x7c,0x7d,0x7d,0x98,0x7d,0x7d,0x7e,0x9b,
0x7a,0x7c,0x7c,0x9e,0x79,0x7a,0x7c,0xa0,0x79,0x7b,0x7b,0x9b,0x78,0x7a,0x7a,0x94,
0x7a,0x7c,0x7c,0x89,0x7a,0x7a,0x7c,0x83,0x78,0x7b,0x7b,0x74,0x77,0x77,0x77,0x5c,
0x76,0x79,0x79,0x45,0x70,0x76,0x70,0x2b,0x76,0x76,0x76,0x1c,0x89,0x89,0x89,0x0d,
0x00,0x00,0x00,0x00,0x00,0x00,0x00,0x00,0x00,0x00,0x00,0x00,0x00,0x00,0x00,0x00,
0x00,0x00,0x00,0x00,0x00,0x00,0x00,0x01,0x55,0x55,0x55,0x03,0x7f,0x7f,0x7f,0x02,
0x00,0x00,0x00,0x00,0x00,0x00,0x00,0x00,0x00,0x00,0x00,0x00,0x00,0x00,0x00,0x00,
0x00,0x00,0x00,0x00,0x00,0x00,0x00,0x00,0x00,0x00,0x00,0x00,0x00,0x00,0x00,0x00,
0x00,0x00,0x00,0x00,0x00,0x00,0x00,0x00,0x00,0x00,0x00,0x00,0x00,0x00,0x00,0x00,
0x00,0x00,0x00,0x00,0x00,0x00,0x00,0x00,
};

const lv_image_dsc_t emoji_fire = {
    .header = {
        .magic = LV_IMAGE_HEADER_MAGIC,
        .cf = LV_COLOR_FORMAT_ARGB8888,
        .flags = 0,
        .w = 70,
        .h = 89,
        .stride = 280,
        .reserved_2 = 0,
    },
    .data_size = sizeof(emoji_fire_map),
    .data = emoji_fire_map,
    .reserved = NULL,
};
